$MeshFormat
4.1 0 8
$EndMeshFormat
$PhysicalNames
9
2 4 "inlet"
2 5 "outlet"
2 6 "axis"
2 7 "front"
2 8 "back"
2 9 "outer_wall"
3 1 "fuel_channel"
3 2 "porous_layer"
3 3 "air_channel"
$EndPhysicalNames
$Entities
14 25 15 3
1 0 0 0 0 
2 0.05 0 0 0 
3 0 0.0009990482215818579 -4.3619387365336e-05 0 
4 0.05 0.0009990482215818579 -4.3619387365336e-05 0 
5 0 0.001498572332372787 -6.5429081048004e-05 0 
6 0.05 0.001498572332372787 -6.5429081048004e-05 0 
7 0 0.002997144664745573 -0.000130858162096008 0 
8 0.05 0.002997144664745573 -0.000130858162096008 0 
9 0 0.0009990482215818579 4.3619387365336e-05 0 
10 0.05 0.0009990482215818579 4.3619387365336e-05 0 
11 0 0.001498572332372787 6.5429081048004e-05 0 
12 0.05 0.001498572332372787 6.5429081048004e-05 0 
13 0 0.002997144664745573 0.000130858162096008 0 
14 0.05 0.002997144664745573 0.000130858162096008 0 
1 0 0 0 0.05 0 0 0 2 1 -2 
2 0 0.0009990482215818579 -4.3619387365336e-05 0.05 0.0009990482215818579 -4.3619387365336e-05 0 2 3 -4 
3 0 0 -4.3619387365336e-05 0 0.0009990482215818579 0 0 2 1 -3 
4 0.05 0 -4.3619387365336e-05 0.05 0.0009990482215818579 0 0 2 2 -4 
5 0 0.001498572332372787 -6.5429081048004e-05 0.05 0.001498572332372787 -6.5429081048004e-05 0 2 5 -6 
6 0 0.0009990482215818579 -6.5429081048004e-05 0 0.001498572332372787 -4.3619387365336e-05 0 2 3 -5 
7 0.05 0.0009990482215818579 -6.5429081048004e-05 0.05 0.001498572332372787 -4.3619387365336e-05 0 2 4 -6 
8 0 0.002997144664745573 -0.000130858162096008 0.05 0.002997144664745573 -0.000130858162096008 0 2 7 -8 
9 0 0.001498572332372787 -0.000130858162096008 0 0.002997144664745573 -6.5429081048004e-05 0 2 5 -7 
10 0.05 0.001498572332372787 -0.000130858162096008 0.05 0.002997144664745573 -6.5429081048004e-05 0 2 6 -8 
11 0 0.0009990482215818579 4.3619387365336e-05 0.05 0.0009990482215818579 4.3619387365336e-05 0 2 9 -10 
12 0 0 0 0 0.0009990482215818579 4.3619387365336e-05 0 2 1 -9 
13 0.05 0 0 0.05 0.0009990482215818579 4.3619387365336e-05 0 2 2 -10 
14 0 0.001498572332372787 6.5429081048004e-05 0.05 0.001498572332372787 6.5429081048004e-05 0 2 11 -12 
15 0 0.0009990482215818579 4.3619387365336e-05 0 0.001498572332372787 6.5429081048004e-05 0 2 9 -11 
16 0.05 0.0009990482215818579 4.3619387365336e-05 0.05 0.001498572332372787 6.5429081048004e-05 0 2 10 -12 
17 0 0.002997144664745573 0.000130858162096008 0.05 0.002997144664745573 0.000130858162096008 0 2 13 -14 
18 0 0.001498572332372787 6.5429081048004e-05 0 0.002997144664745573 0.000130858162096008 0 2 11 -13 
19 0.05 0.001498572332372787 6.5429081048004e-05 0.05 0.002997144664745573 0.000130858162096008 0 2 12 -14 
20 0 0.0009990482215818581 -4.361938736533601e-05 0 0.0009999882478077498 4.361938736533596e-05 0 2 3 -9 
21 0.05 0.0009990482215818581 -4.361938736533601e-05 0.05 0.0009999882478077498 4.361938736533596e-05 0 2 4 -10 
22 0 0.001498572332372786 -6.542908104800399e-05 0 0.001499982371711624 6.542908104800404e-05 0 2 5 -11 
23 0.05 0.001498572332372786 -6.542908104800399e-05 0.05 0.001499982371711624 6.542908104800404e-05 0 2 6 -12 
24 0 0.002997144664745572 -0.000130858162096008 0 0.002999964743423248 0.0001308581620960081 0 2 7 -13 
25 0.05 0.002997144664745572 -0.000130858162096008 0.05 0.002999964743423248 0.0001308581620960081 0 2 8 -14 
1 0 0 -4.3619387365336e-05 0.05 0.0009990482215818579 0 1 7 4 1 4 -2 -3 
2 0 0.0009990482215818579 -6.5429081048004e-05 0.05 0.001498572332372787 -4.3619387365336e-05 1 7 4 2 7 -5 -6 
3 0 0.001498572332372787 -0.000130858162096008 0.05 0.002997144664745573 -6.5429081048004e-05 1 7 4 5 10 -8 -9 
4 0 0 0 0.05 0.0009990482215818579 4.3619387365336e-05 1 8 4 1 13 -11 -12 
5 0 0.0009990482215818579 4.3619387365336e-05 0.05 0.001498572332372787 6.5429081048004e-05 1 8 4 11 16 -14 -15 
6 0 0.001498572332372787 6.5429081048004e-05 0.05 0.002997144664745573 0.000130858162096008 1 8 4 14 19 -17 -18 
7 0 0 -4.361938736533601e-05 0 0.0009999882478077498 4.3619387365336e-05 1 4 3 3 20 -12 
8 0 0.0009990482215818579 -6.5429081048004e-05 0 0.001499982371711624 6.542908104800403e-05 1 4 4 6 22 -15 -20 
9 0 0.001498572332372786 -0.000130858162096008 0 0.002999964743423248 0.0001308581620960081 1 4 4 9 24 -18 -22 
10 0.05 0 -4.361938736533601e-05 0.05 0.0009999882478077498 4.3619387365336e-05 1 5 3 4 21 -13 
11 0.05 0.0009990482215818579 -6.5429081048004e-05 0.05 0.001499982371711624 6.542908104800403e-05 1 5 4 7 23 -16 -21 
12 0.05 0.001498572332372786 -0.000130858162096008 0.05 0.002999964743423248 0.0001308581620960081 1 5 4 10 25 -19 -23 
13 0 0.0009990482215818579 -4.361938736533601e-05 0.05 0.0009999882478077498 4.3619387365336e-05 0 4 2 21 -11 -20 
14 0 0.001498572332372786 -6.5429081048004e-05 0.05 0.001499982371711624 6.542908104800403e-05 0 4 5 23 -14 -22 
15 0 0.002997144664745572 -0.000130858162096008 0.05 0.002999964743423248 0.0001308581620960081 1 9 4 8 25 -17 -24 
1 0 0 -4.361938736533601e-05 0.05 0.0009999882478077498 4.3619387365336e-05 1 1 5 1 4 7 10 13 
2 0 0.0009990482215818579 -6.5429081048004e-05 0.05 0.001499982371711624 6.542908104800403e-05 1 2 6 2 5 8 11 13 14 
3 0 0.001498572332372786 -0.000130858162096008 0.05 0.002999964743423248 0.0001308581620960081 1 3 6 3 6 9 12 14 15 
$EndEntities
$Nodes
49 5151 1 5151
0 1 0 1
1
0 0 0
0 2 0 1
2
0.05 0 0
0 3 0 1
3
0 0.0009990482215818579 -4.3619387365336e-05
0 4 0 1
4
0.05 0.0009990482215818579 -4.3619387365336e-05
0 5 0 1
5
0 0.001498572332372787 -6.5429081048004e-05
0 6 0 1
6
0.05 0.001498572332372787 -6.5429081048004e-05
0 7 0 1
7
0 0.002997144664745573 -0.000130858162096008
0 8 0 1
8
0.05 0.002997144664745573 -0.000130858162096008
0 9 0 1
9
0 0.0009990482215818579 4.3619387365336e-05
0 10 0 1
10
0.05 0.0009990482215818579 4.3619387365336e-05
0 11 0 1
11
0 0.001498572332372787 6.5429081048004e-05
0 12 0 1
12
0.05 0.001498572332372787 6.5429081048004e-05
0 13 0 1
13
0 0.002997144664745573 0.000130858162096008
0 14 0 1
14
0.05 0.002997144664745573 0.000130858162096008
1 1 0 49
15
16
17
18
19
20
21
22
23
24
25
26
27
28
29
30
31
32
33
34
35
36
37
38
39
40
41
42
43
44
45
46
47
48
49
50
51
52
53
54
55
56
57
58
59
60
61
62
63
0.0009999999999981961 0 0
0.001999999999996261 0 0
0.002999999999994155 0 0
0.003999999999992683 0 0
0.004999999999991242 0 0
0.005999999999989781 0 0
0.006999999999987296 0 0
0.007999999999984426 0 0
0.008999999999981542 0 0
0.009999999999978007 0 0
0.01099999999997514 0 0
0.01199999999997227 0 0
0.0129999999999694 0 0
0.01399999999996653 0 0
0.01499999999996365 0 0
0.01599999999996079 0 0
0.01699999999995792 0 0
0.01799999999995505 0 0
0.01899999999995106 0 0
0.01999999999994795 0 0
0.02099999999994508 0 0
0.02199999999994221 0 0
0.02299999999993934 0 0
0.02399999999993647 0 0
0.02499999999993428 0 0
0.02599999999993631 0 0
0.02699999999993894 0 0
0.02799999999994172 0 0
0.02899999999994427 0 0
0.02999999999994715 0 0
0.03099999999994961 0 0
0.03199999999995257 0 0
0.03299999999995463 0 0
0.03399999999995799 0 0
0.03499999999995989 0 0
0.03599999999996342 0 0
0.03699999999996514 0 0
0.03799999999996845 0 0
0.03899999999997018 0 0
0.03999999999997371 0 0
0.04099999999997561 0 0
0.04199999999997897 0 0
0.04299999999998103 0 0
0.04399999999998422 0 0
0.04499999999998644 0 0
0.04599999999998948 0 0
0.04699999999999187 0 0
0.04799999999999474 0 0
0.04899999999999729 0 0
1 2 0 49
64
65
66
67
68
69
70
71
72
73
74
75
76
77
78
79
80
81
82
83
84
85
86
87
88
89
90
91
92
93
94
95
96
97
98
99
100
101
102
103
104
105
106
107
108
109
110
111
112
0.0009999999999981961 0.0009990482215818579 -4.3619387365336e-05
0.001999999999996261 0.0009990482215818579 -4.3619387365336e-05
0.002999999999994155 0.0009990482215818579 -4.3619387365336e-05
0.003999999999992683 0.0009990482215818579 -4.3619387365336e-05
0.004999999999991242 0.0009990482215818579 -4.3619387365336e-05
0.005999999999989781 0.0009990482215818579 -4.3619387365336e-05
0.006999999999987296 0.0009990482215818579 -4.3619387365336e-05
0.007999999999984426 0.0009990482215818579 -4.3619387365336e-05
0.008999999999981542 0.0009990482215818579 -4.3619387365336e-05
0.009999999999978007 0.0009990482215818579 -4.3619387365336e-05
0.01099999999997514 0.0009990482215818579 -4.3619387365336e-05
0.01199999999997227 0.0009990482215818579 -4.3619387365336e-05
0.0129999999999694 0.0009990482215818579 -4.3619387365336e-05
0.01399999999996653 0.0009990482215818579 -4.3619387365336e-05
0.01499999999996365 0.0009990482215818579 -4.3619387365336e-05
0.01599999999996079 0.0009990482215818579 -4.3619387365336e-05
0.01699999999995792 0.0009990482215818579 -4.3619387365336e-05
0.01799999999995505 0.0009990482215818579 -4.3619387365336e-05
0.01899999999995106 0.0009990482215818579 -4.3619387365336e-05
0.01999999999994795 0.0009990482215818579 -4.3619387365336e-05
0.02099999999994508 0.0009990482215818579 -4.3619387365336e-05
0.02199999999994221 0.0009990482215818579 -4.3619387365336e-05
0.02299999999993934 0.0009990482215818579 -4.3619387365336e-05
0.02399999999993647 0.0009990482215818579 -4.3619387365336e-05
0.02499999999993428 0.0009990482215818579 -4.3619387365336e-05
0.02599999999993631 0.0009990482215818579 -4.3619387365336e-05
0.02699999999993894 0.0009990482215818579 -4.3619387365336e-05
0.02799999999994172 0.0009990482215818579 -4.3619387365336e-05
0.02899999999994427 0.0009990482215818579 -4.3619387365336e-05
0.02999999999994715 0.0009990482215818579 -4.3619387365336e-05
0.03099999999994961 0.0009990482215818579 -4.3619387365336e-05
0.03199999999995257 0.0009990482215818579 -4.3619387365336e-05
0.03299999999995463 0.0009990482215818579 -4.3619387365336e-05
0.03399999999995799 0.0009990482215818579 -4.3619387365336e-05
0.03499999999995989 0.0009990482215818579 -4.3619387365336e-05
0.03599999999996342 0.0009990482215818579 -4.3619387365336e-05
0.03699999999996514 0.0009990482215818579 -4.3619387365336e-05
0.03799999999996845 0.0009990482215818579 -4.3619387365336e-05
0.03899999999997018 0.0009990482215818579 -4.3619387365336e-05
0.03999999999997371 0.0009990482215818579 -4.3619387365336e-05
0.04099999999997561 0.0009990482215818579 -4.3619387365336e-05
0.04199999999997897 0.0009990482215818579 -4.3619387365336e-05
0.04299999999998103 0.0009990482215818579 -4.3619387365336e-05
0.04399999999998422 0.0009990482215818579 -4.3619387365336e-05
0.04499999999998644 0.0009990482215818579 -4.3619387365336e-05
0.04599999999998948 0.0009990482215818579 -4.3619387365336e-05
0.04699999999999187 0.0009990482215818579 -4.3619387365336e-05
0.04799999999999474 0.0009990482215818579 -4.3619387365336e-05
0.04899999999999729 0.0009990482215818579 -4.3619387365336e-05
1 3 0 19
113
114
115
116
117
118
119
120
121
122
123
124
125
126
127
128
129
130
131
0 4.995241107899524e-05 -2.180969368262536e-06
0 9.990482215800376e-05 -4.361938736525652e-06
0 0.000149857233236985 -6.542908104787578e-06
0 0.0001998096443159382 -8.723877473048279e-06
0 0.000249762055394903 -1.090484684130949e-05
0 0.0002997144664738605 -1.308581620957037e-05
0 0.0003496668775527948 -1.526678557783025e-05
0 0.000399619288631767 -1.744775494609178e-05
0 0.0004495716997107012 -1.962872431435165e-05
0 0.0004995241107896376 -2.180969368261161e-05
0 0.0005494765218688849 -2.399066305088516e-05
0 0.0005994289329480945 -2.617163241915706e-05
0 0.0006493813440272953 -2.835260178742857e-05
0 0.0006993337551065512 -3.053357115570249e-05
0 0.0007492861661857476 -3.27145405239738e-05
0 0.0007992385772649447 -3.489550989224515e-05
0 0.0008491909883442002 -3.707647926051905e-05
0 0.0008991433994234013 -3.925744862879057e-05
0 0.0009490958105026105 -4.143841799706246e-05
1 4 0 19
132
133
134
135
136
137
138
139
140
141
142
143
144
145
146
147
148
149
150
0.05 4.995241107899524e-05 -2.180969368262536e-06
0.05 9.990482215800376e-05 -4.361938736525652e-06
0.05 0.000149857233236985 -6.542908104787578e-06
0.05 0.0001998096443159382 -8.723877473048279e-06
0.05 0.000249762055394903 -1.090484684130949e-05
0.05 0.0002997144664738605 -1.308581620957037e-05
0.05 0.0003496668775527948 -1.526678557783025e-05
0.05 0.000399619288631767 -1.744775494609178e-05
0.05 0.0004495716997107012 -1.962872431435165e-05
0.05 0.0004995241107896376 -2.180969368261161e-05
0.05 0.0005494765218688849 -2.399066305088516e-05
0.05 0.0005994289329480945 -2.617163241915706e-05
0.05 0.0006493813440272953 -2.835260178742857e-05
0.05 0.0006993337551065512 -3.053357115570249e-05
0.05 0.0007492861661857476 -3.27145405239738e-05
0.05 0.0007992385772649447 -3.489550989224515e-05
0.05 0.0008491909883442002 -3.707647926051905e-05
0.05 0.0008991433994234013 -3.925744862879057e-05
0.05 0.0009490958105026105 -4.143841799706246e-05
1 5 0 49
151
152
153
154
155
156
157
158
159
160
161
162
163
164
165
166
167
168
169
170
171
172
173
174
175
176
177
178
179
180
181
182
183
184
185
186
187
188
189
190
191
192
193
194
195
196
197
198
199
0.0009999999999981961 0.001498572332372787 -6.5429081048004e-05
0.001999999999996261 0.001498572332372787 -6.5429081048004e-05
0.002999999999994155 0.001498572332372787 -6.5429081048004e-05
0.003999999999992683 0.001498572332372787 -6.5429081048004e-05
0.004999999999991242 0.001498572332372787 -6.5429081048004e-05
0.005999999999989781 0.001498572332372787 -6.5429081048004e-05
0.006999999999987296 0.001498572332372787 -6.5429081048004e-05
0.007999999999984426 0.001498572332372787 -6.5429081048004e-05
0.008999999999981542 0.001498572332372787 -6.5429081048004e-05
0.009999999999978007 0.001498572332372787 -6.5429081048004e-05
0.01099999999997514 0.001498572332372787 -6.5429081048004e-05
0.01199999999997227 0.001498572332372787 -6.5429081048004e-05
0.0129999999999694 0.001498572332372787 -6.5429081048004e-05
0.01399999999996653 0.001498572332372787 -6.5429081048004e-05
0.01499999999996365 0.001498572332372787 -6.5429081048004e-05
0.01599999999996079 0.001498572332372787 -6.5429081048004e-05
0.01699999999995792 0.001498572332372787 -6.5429081048004e-05
0.01799999999995505 0.001498572332372787 -6.5429081048004e-05
0.01899999999995106 0.001498572332372787 -6.5429081048004e-05
0.01999999999994795 0.001498572332372787 -6.5429081048004e-05
0.02099999999994508 0.001498572332372787 -6.5429081048004e-05
0.02199999999994221 0.001498572332372787 -6.5429081048004e-05
0.02299999999993934 0.001498572332372787 -6.5429081048004e-05
0.02399999999993647 0.001498572332372787 -6.5429081048004e-05
0.02499999999993428 0.001498572332372787 -6.5429081048004e-05
0.02599999999993631 0.001498572332372787 -6.5429081048004e-05
0.02699999999993894 0.001498572332372787 -6.5429081048004e-05
0.02799999999994172 0.001498572332372787 -6.5429081048004e-05
0.02899999999994427 0.001498572332372787 -6.5429081048004e-05
0.02999999999994715 0.001498572332372787 -6.5429081048004e-05
0.03099999999994961 0.001498572332372787 -6.5429081048004e-05
0.03199999999995257 0.001498572332372787 -6.5429081048004e-05
0.03299999999995463 0.001498572332372787 -6.5429081048004e-05
0.03399999999995799 0.001498572332372787 -6.5429081048004e-05
0.03499999999995989 0.001498572332372787 -6.5429081048004e-05
0.03599999999996342 0.001498572332372787 -6.5429081048004e-05
0.03699999999996514 0.001498572332372787 -6.5429081048004e-05
0.03799999999996845 0.001498572332372787 -6.5429081048004e-05
0.03899999999997018 0.001498572332372787 -6.5429081048004e-05
0.03999999999997371 0.001498572332372787 -6.5429081048004e-05
0.04099999999997561 0.001498572332372787 -6.5429081048004e-05
0.04199999999997897 0.001498572332372787 -6.5429081048004e-05
0.04299999999998103 0.001498572332372787 -6.5429081048004e-05
0.04399999999998422 0.001498572332372787 -6.5429081048004e-05
0.04499999999998644 0.001498572332372787 -6.5429081048004e-05
0.04599999999998948 0.001498572332372787 -6.5429081048004e-05
0.04699999999999187 0.001498572332372787 -6.5429081048004e-05
0.04799999999999474 0.001498572332372787 -6.5429081048004e-05
0.04899999999999729 0.001498572332372787 -6.5429081048004e-05
1 6 0 9
200
201
202
203
204
205
206
207
208
0 0.001049000632660908 -4.580035673360095e-05
0 0.001098953043739874 -4.798132610186219e-05
0 0.001148905454818755 -5.016229547011973e-05
0 0.001198857865897805 -5.234326483838468e-05
0 0.001248810276976687 -5.452423420664225e-05
0 0.001298762688055991 -5.670520357491827e-05
0 0.001348715099135126 -5.888617294318691e-05
0 0.001398667510214346 -6.106714231145926e-05
0 0.001448619921293481 -6.324811167972793e-05
1 7 0 9
209
210
211
212
213
214
215
216
217
0.05 0.001049000632660908 -4.580035673360095e-05
0.05 0.001098953043739874 -4.798132610186219e-05
0.05 0.001148905454818755 -5.016229547011973e-05
0.05 0.001198857865897805 -5.234326483838468e-05
0.05 0.001248810276976687 -5.452423420664225e-05
0.05 0.001298762688055991 -5.670520357491827e-05
0.05 0.001348715099135126 -5.888617294318691e-05
0.05 0.001398667510214346 -6.106714231145926e-05
0.05 0.001448619921293481 -6.324811167972793e-05
1 8 0 49
218
219
220
221
222
223
224
225
226
227
228
229
230
231
232
233
234
235
236
237
238
239
240
241
242
243
244
245
246
247
248
249
250
251
252
253
254
255
256
257
258
259
260
261
262
263
264
265
266
0.0009999999999981961 0.002997144664745573 -0.000130858162096008
0.001999999999996261 0.002997144664745573 -0.000130858162096008
0.002999999999994155 0.002997144664745573 -0.000130858162096008
0.003999999999992683 0.002997144664745573 -0.000130858162096008
0.004999999999991242 0.002997144664745573 -0.000130858162096008
0.005999999999989781 0.002997144664745573 -0.000130858162096008
0.006999999999987296 0.002997144664745573 -0.000130858162096008
0.007999999999984426 0.002997144664745573 -0.000130858162096008
0.008999999999981542 0.002997144664745573 -0.000130858162096008
0.009999999999978007 0.002997144664745573 -0.000130858162096008
0.01099999999997514 0.002997144664745573 -0.000130858162096008
0.01199999999997227 0.002997144664745573 -0.000130858162096008
0.0129999999999694 0.002997144664745573 -0.000130858162096008
0.01399999999996653 0.002997144664745573 -0.000130858162096008
0.01499999999996365 0.002997144664745573 -0.000130858162096008
0.01599999999996079 0.002997144664745573 -0.000130858162096008
0.01699999999995792 0.002997144664745573 -0.000130858162096008
0.01799999999995505 0.002997144664745573 -0.000130858162096008
0.01899999999995106 0.002997144664745573 -0.000130858162096008
0.01999999999994795 0.002997144664745573 -0.000130858162096008
0.02099999999994508 0.002997144664745573 -0.000130858162096008
0.02199999999994221 0.002997144664745573 -0.000130858162096008
0.02299999999993934 0.002997144664745573 -0.000130858162096008
0.02399999999993647 0.002997144664745573 -0.000130858162096008
0.02499999999993428 0.002997144664745573 -0.000130858162096008
0.02599999999993631 0.002997144664745573 -0.000130858162096008
0.02699999999993894 0.002997144664745573 -0.000130858162096008
0.02799999999994172 0.002997144664745573 -0.000130858162096008
0.02899999999994427 0.002997144664745573 -0.000130858162096008
0.02999999999994715 0.002997144664745573 -0.000130858162096008
0.03099999999994961 0.002997144664745573 -0.000130858162096008
0.03199999999995257 0.002997144664745573 -0.000130858162096008
0.03299999999995463 0.002997144664745573 -0.000130858162096008
0.03399999999995799 0.002997144664745573 -0.000130858162096008
0.03499999999995989 0.002997144664745573 -0.000130858162096008
0.03599999999996342 0.002997144664745573 -0.000130858162096008
0.03699999999996514 0.002997144664745573 -0.000130858162096008
0.03799999999996845 0.002997144664745573 -0.000130858162096008
0.03899999999997018 0.002997144664745573 -0.000130858162096008
0.03999999999997371 0.002997144664745573 -0.000130858162096008
0.04099999999997561 0.002997144664745573 -0.000130858162096008
0.04199999999997897 0.002997144664745573 -0.000130858162096008
0.04299999999998103 0.002997144664745573 -0.000130858162096008
0.04399999999998422 0.002997144664745573 -0.000130858162096008
0.04499999999998644 0.002997144664745573 -0.000130858162096008
0.04599999999998948 0.002997144664745573 -0.000130858162096008
0.04699999999999187 0.002997144664745573 -0.000130858162096008
0.04799999999999474 0.002997144664745573 -0.000130858162096008
0.04899999999999729 0.002997144664745573 -0.000130858162096008
1 9 0 19
267
268
269
270
271
272
273
274
275
276
277
278
279
280
281
282
283
284
285
0 0.001573500948991282 -6.87005351003979e-05
0 0.001648429565609863 -7.197198915279554e-05
0 0.001723358182228358 -7.524344320518945e-05
0 0.001798286798846853 -7.851489725758336e-05
0 0.001873215415465349 -8.178635130997729e-05
0 0.001948144032083785 -8.50578053623686e-05
0 0.00202307264870217 -8.832925941475772e-05
0 0.002098001265320581 -9.160071346714797e-05
0 0.002172929881939161 -9.487216751954555e-05
0 0.002247858498557403 -9.814362157192841e-05
0 0.002322787115176135 -0.0001014150756243327
0 0.002397715731794901 -0.0001046865296767384
0 0.002472644348413836 -0.0001079579837291515
0 0.00254757296503262 -0.000111229437781558
0 0.002622501581651489 -0.0001145008918339683
0 0.002697430198270273 -0.0001177723458863748
0 0.002772358814888988 -0.0001210437999387783
0 0.002847287431507906 -0.0001243152539911906
0 0.002922216048126655 -0.0001275867080435956
1 10 0 19
286
287
288
289
290
291
292
293
294
295
296
297
298
299
300
301
302
303
304
0.05 0.001573500948991282 -6.87005351003979e-05
0.05 0.001648429565609863 -7.197198915279554e-05
0.05 0.001723358182228358 -7.524344320518945e-05
0.05 0.001798286798846853 -7.851489725758336e-05
0.05 0.001873215415465349 -8.178635130997729e-05
0.05 0.001948144032083785 -8.50578053623686e-05
0.05 0.00202307264870217 -8.832925941475772e-05
0.05 0.002098001265320581 -9.160071346714797e-05
0.05 0.002172929881939161 -9.487216751954555e-05
0.05 0.002247858498557403 -9.814362157192841e-05
0.05 0.002322787115176135 -0.0001014150756243327
0.05 0.002397715731794901 -0.0001046865296767384
0.05 0.002472644348413836 -0.0001079579837291515
0.05 0.00254757296503262 -0.000111229437781558
0.05 0.002622501581651489 -0.0001145008918339683
0.05 0.002697430198270273 -0.0001177723458863748
0.05 0.002772358814888988 -0.0001210437999387783
0.05 0.002847287431507906 -0.0001243152539911906
0.05 0.002922216048126655 -0.0001275867080435956
1 11 0 49
305
306
307
308
309
310
311
312
313
314
315
316
317
318
319
320
321
322
323
324
325
326
327
328
329
330
331
332
333
334
335
336
337
338
339
340
341
342
343
344
345
346
347
348
349
350
351
352
353
0.0009999999999981961 0.0009990482215818579 4.3619387365336e-05
0.001999999999996261 0.0009990482215818579 4.3619387365336e-05
0.002999999999994155 0.0009990482215818579 4.3619387365336e-05
0.003999999999992683 0.0009990482215818579 4.3619387365336e-05
0.004999999999991242 0.0009990482215818579 4.3619387365336e-05
0.005999999999989781 0.0009990482215818579 4.3619387365336e-05
0.006999999999987296 0.0009990482215818579 4.3619387365336e-05
0.007999999999984426 0.0009990482215818579 4.3619387365336e-05
0.008999999999981542 0.0009990482215818579 4.3619387365336e-05
0.009999999999978007 0.0009990482215818579 4.3619387365336e-05
0.01099999999997514 0.0009990482215818579 4.3619387365336e-05
0.01199999999997227 0.0009990482215818579 4.3619387365336e-05
0.0129999999999694 0.0009990482215818579 4.3619387365336e-05
0.01399999999996653 0.0009990482215818579 4.3619387365336e-05
0.01499999999996365 0.0009990482215818579 4.3619387365336e-05
0.01599999999996079 0.0009990482215818579 4.3619387365336e-05
0.01699999999995792 0.0009990482215818579 4.3619387365336e-05
0.01799999999995505 0.0009990482215818579 4.3619387365336e-05
0.01899999999995106 0.0009990482215818579 4.3619387365336e-05
0.01999999999994795 0.0009990482215818579 4.3619387365336e-05
0.02099999999994508 0.0009990482215818579 4.3619387365336e-05
0.02199999999994221 0.0009990482215818579 4.3619387365336e-05
0.02299999999993934 0.0009990482215818579 4.3619387365336e-05
0.02399999999993647 0.0009990482215818579 4.3619387365336e-05
0.02499999999993428 0.0009990482215818579 4.3619387365336e-05
0.02599999999993631 0.0009990482215818579 4.3619387365336e-05
0.02699999999993894 0.0009990482215818579 4.3619387365336e-05
0.02799999999994172 0.0009990482215818579 4.3619387365336e-05
0.02899999999994427 0.0009990482215818579 4.3619387365336e-05
0.02999999999994715 0.0009990482215818579 4.3619387365336e-05
0.03099999999994961 0.0009990482215818579 4.3619387365336e-05
0.03199999999995257 0.0009990482215818579 4.3619387365336e-05
0.03299999999995463 0.0009990482215818579 4.3619387365336e-05
0.03399999999995799 0.0009990482215818579 4.3619387365336e-05
0.03499999999995989 0.0009990482215818579 4.3619387365336e-05
0.03599999999996342 0.0009990482215818579 4.3619387365336e-05
0.03699999999996514 0.0009990482215818579 4.3619387365336e-05
0.03799999999996845 0.0009990482215818579 4.3619387365336e-05
0.03899999999997018 0.0009990482215818579 4.3619387365336e-05
0.03999999999997371 0.0009990482215818579 4.3619387365336e-05
0.04099999999997561 0.0009990482215818579 4.3619387365336e-05
0.04199999999997897 0.0009990482215818579 4.3619387365336e-05
0.04299999999998103 0.0009990482215818579 4.3619387365336e-05
0.04399999999998422 0.0009990482215818579 4.3619387365336e-05
0.04499999999998644 0.0009990482215818579 4.3619387365336e-05
0.04599999999998948 0.0009990482215818579 4.3619387365336e-05
0.04699999999999187 0.0009990482215818579 4.3619387365336e-05
0.04799999999999474 0.0009990482215818579 4.3619387365336e-05
0.04899999999999729 0.0009990482215818579 4.3619387365336e-05
1 12 0 19
354
355
356
357
358
359
360
361
362
363
364
365
366
367
368
369
370
371
372
0 4.995241107899524e-05 2.180969368262536e-06
0 9.990482215800376e-05 4.361938736525652e-06
0 0.000149857233236985 6.542908104787578e-06
0 0.0001998096443159382 8.723877473048279e-06
0 0.000249762055394903 1.090484684130949e-05
0 0.0002997144664738605 1.308581620957037e-05
0 0.0003496668775527948 1.526678557783025e-05
0 0.000399619288631767 1.744775494609178e-05
0 0.0004495716997107012 1.962872431435165e-05
0 0.0004995241107896376 2.180969368261161e-05
0 0.0005494765218688849 2.399066305088516e-05
0 0.0005994289329480945 2.617163241915706e-05
0 0.0006493813440272953 2.835260178742857e-05
0 0.0006993337551065512 3.053357115570249e-05
0 0.0007492861661857476 3.27145405239738e-05
0 0.0007992385772649447 3.489550989224515e-05
0 0.0008491909883442002 3.707647926051905e-05
0 0.0008991433994234013 3.925744862879057e-05
0 0.0009490958105026105 4.143841799706246e-05
1 13 0 19
373
374
375
376
377
378
379
380
381
382
383
384
385
386
387
388
389
390
391
0.05 4.995241107899524e-05 2.180969368262536e-06
0.05 9.990482215800376e-05 4.361938736525652e-06
0.05 0.000149857233236985 6.542908104787578e-06
0.05 0.0001998096443159382 8.723877473048279e-06
0.05 0.000249762055394903 1.090484684130949e-05
0.05 0.0002997144664738605 1.308581620957037e-05
0.05 0.0003496668775527948 1.526678557783025e-05
0.05 0.000399619288631767 1.744775494609178e-05
0.05 0.0004495716997107012 1.962872431435165e-05
0.05 0.0004995241107896376 2.180969368261161e-05
0.05 0.0005494765218688849 2.399066305088516e-05
0.05 0.0005994289329480945 2.617163241915706e-05
0.05 0.0006493813440272953 2.835260178742857e-05
0.05 0.0006993337551065512 3.053357115570249e-05
0.05 0.0007492861661857476 3.27145405239738e-05
0.05 0.0007992385772649447 3.489550989224515e-05
0.05 0.0008491909883442002 3.707647926051905e-05
0.05 0.0008991433994234013 3.925744862879057e-05
0.05 0.0009490958105026105 4.143841799706246e-05
1 14 0 49
392
393
394
395
396
397
398
399
400
401
402
403
404
405
406
407
408
409
410
411
412
413
414
415
416
417
418
419
420
421
422
423
424
425
426
427
428
429
430
431
432
433
434
435
436
437
438
439
440
0.0009999999999981961 0.001498572332372787 6.5429081048004e-05
0.001999999999996261 0.001498572332372787 6.5429081048004e-05
0.002999999999994155 0.001498572332372787 6.5429081048004e-05
0.003999999999992683 0.001498572332372787 6.5429081048004e-05
0.004999999999991242 0.001498572332372787 6.5429081048004e-05
0.005999999999989781 0.001498572332372787 6.5429081048004e-05
0.006999999999987296 0.001498572332372787 6.5429081048004e-05
0.007999999999984426 0.001498572332372787 6.5429081048004e-05
0.008999999999981542 0.001498572332372787 6.5429081048004e-05
0.009999999999978007 0.001498572332372787 6.5429081048004e-05
0.01099999999997514 0.001498572332372787 6.5429081048004e-05
0.01199999999997227 0.001498572332372787 6.5429081048004e-05
0.0129999999999694 0.001498572332372787 6.5429081048004e-05
0.01399999999996653 0.001498572332372787 6.5429081048004e-05
0.01499999999996365 0.001498572332372787 6.5429081048004e-05
0.01599999999996079 0.001498572332372787 6.5429081048004e-05
0.01699999999995792 0.001498572332372787 6.5429081048004e-05
0.01799999999995505 0.001498572332372787 6.5429081048004e-05
0.01899999999995106 0.001498572332372787 6.5429081048004e-05
0.01999999999994795 0.001498572332372787 6.5429081048004e-05
0.02099999999994508 0.001498572332372787 6.5429081048004e-05
0.02199999999994221 0.001498572332372787 6.5429081048004e-05
0.02299999999993934 0.001498572332372787 6.5429081048004e-05
0.02399999999993647 0.001498572332372787 6.5429081048004e-05
0.02499999999993428 0.001498572332372787 6.5429081048004e-05
0.02599999999993631 0.001498572332372787 6.5429081048004e-05
0.02699999999993894 0.001498572332372787 6.5429081048004e-05
0.02799999999994172 0.001498572332372787 6.5429081048004e-05
0.02899999999994427 0.001498572332372787 6.5429081048004e-05
0.02999999999994715 0.001498572332372787 6.5429081048004e-05
0.03099999999994961 0.001498572332372787 6.5429081048004e-05
0.03199999999995257 0.001498572332372787 6.5429081048004e-05
0.03299999999995463 0.001498572332372787 6.5429081048004e-05
0.03399999999995799 0.001498572332372787 6.5429081048004e-05
0.03499999999995989 0.001498572332372787 6.5429081048004e-05
0.03599999999996342 0.001498572332372787 6.5429081048004e-05
0.03699999999996514 0.001498572332372787 6.5429081048004e-05
0.03799999999996845 0.001498572332372787 6.5429081048004e-05
0.03899999999997018 0.001498572332372787 6.5429081048004e-05
0.03999999999997371 0.001498572332372787 6.5429081048004e-05
0.04099999999997561 0.001498572332372787 6.5429081048004e-05
0.04199999999997897 0.001498572332372787 6.5429081048004e-05
0.04299999999998103 0.001498572332372787 6.5429081048004e-05
0.04399999999998422 0.001498572332372787 6.5429081048004e-05
0.04499999999998644 0.001498572332372787 6.5429081048004e-05
0.04599999999998948 0.001498572332372787 6.5429081048004e-05
0.04699999999999187 0.001498572332372787 6.5429081048004e-05
0.04799999999999474 0.001498572332372787 6.5429081048004e-05
0.04899999999999729 0.001498572332372787 6.5429081048004e-05
1 15 0 9
441
442
443
444
445
446
447
448
449
0 0.001049000632660908 4.580035673360095e-05
0 0.001098953043739874 4.798132610186219e-05
0 0.001148905454818755 5.016229547011973e-05
0 0.001198857865897805 5.234326483838468e-05
0 0.001248810276976687 5.452423420664225e-05
0 0.001298762688055991 5.670520357491827e-05
0 0.001348715099135126 5.888617294318691e-05
0 0.001398667510214346 6.106714231145926e-05
0 0.001448619921293481 6.324811167972793e-05
1 16 0 9
450
451
452
453
454
455
456
457
458
0.05 0.001049000632660908 4.580035673360095e-05
0.05 0.001098953043739874 4.798132610186219e-05
0.05 0.001148905454818755 5.016229547011973e-05
0.05 0.001198857865897805 5.234326483838468e-05
0.05 0.001248810276976687 5.452423420664225e-05
0.05 0.001298762688055991 5.670520357491827e-05
0.05 0.001348715099135126 5.888617294318691e-05
0.05 0.001398667510214346 6.106714231145926e-05
0.05 0.001448619921293481 6.324811167972793e-05
1 17 0 49
459
460
461
462
463
464
465
466
467
468
469
470
471
472
473
474
475
476
477
478
479
480
481
482
483
484
485
486
487
488
489
490
491
492
493
494
495
496
497
498
499
500
501
502
503
504
505
506
507
0.0009999999999981961 0.002997144664745573 0.000130858162096008
0.001999999999996261 0.002997144664745573 0.000130858162096008
0.002999999999994155 0.002997144664745573 0.000130858162096008
0.003999999999992683 0.002997144664745573 0.000130858162096008
0.004999999999991242 0.002997144664745573 0.000130858162096008
0.005999999999989781 0.002997144664745573 0.000130858162096008
0.006999999999987296 0.002997144664745573 0.000130858162096008
0.007999999999984426 0.002997144664745573 0.000130858162096008
0.008999999999981542 0.002997144664745573 0.000130858162096008
0.009999999999978007 0.002997144664745573 0.000130858162096008
0.01099999999997514 0.002997144664745573 0.000130858162096008
0.01199999999997227 0.002997144664745573 0.000130858162096008
0.0129999999999694 0.002997144664745573 0.000130858162096008
0.01399999999996653 0.002997144664745573 0.000130858162096008
0.01499999999996365 0.002997144664745573 0.000130858162096008
0.01599999999996079 0.002997144664745573 0.000130858162096008
0.01699999999995792 0.002997144664745573 0.000130858162096008
0.01799999999995505 0.002997144664745573 0.000130858162096008
0.01899999999995106 0.002997144664745573 0.000130858162096008
0.01999999999994795 0.002997144664745573 0.000130858162096008
0.02099999999994508 0.002997144664745573 0.000130858162096008
0.02199999999994221 0.002997144664745573 0.000130858162096008
0.02299999999993934 0.002997144664745573 0.000130858162096008
0.02399999999993647 0.002997144664745573 0.000130858162096008
0.02499999999993428 0.002997144664745573 0.000130858162096008
0.02599999999993631 0.002997144664745573 0.000130858162096008
0.02699999999993894 0.002997144664745573 0.000130858162096008
0.02799999999994172 0.002997144664745573 0.000130858162096008
0.02899999999994427 0.002997144664745573 0.000130858162096008
0.02999999999994715 0.002997144664745573 0.000130858162096008
0.03099999999994961 0.002997144664745573 0.000130858162096008
0.03199999999995257 0.002997144664745573 0.000130858162096008
0.03299999999995463 0.002997144664745573 0.000130858162096008
0.03399999999995799 0.002997144664745573 0.000130858162096008
0.03499999999995989 0.002997144664745573 0.000130858162096008
0.03599999999996342 0.002997144664745573 0.000130858162096008
0.03699999999996514 0.002997144664745573 0.000130858162096008
0.03799999999996845 0.002997144664745573 0.000130858162096008
0.03899999999997018 0.002997144664745573 0.000130858162096008
0.03999999999997371 0.002997144664745573 0.000130858162096008
0.04099999999997561 0.002997144664745573 0.000130858162096008
0.04199999999997897 0.002997144664745573 0.000130858162096008
0.04299999999998103 0.002997144664745573 0.000130858162096008
0.04399999999998422 0.002997144664745573 0.000130858162096008
0.04499999999998644 0.002997144664745573 0.000130858162096008
0.04599999999998948 0.002997144664745573 0.000130858162096008
0.04699999999999187 0.002997144664745573 0.000130858162096008
0.04799999999999474 0.002997144664745573 0.000130858162096008
0.04899999999999729 0.002997144664745573 0.000130858162096008
1 18 0 19
508
509
510
511
512
513
514
515
516
517
518
519
520
521
522
523
524
525
526
0 0.001573500948991282 6.87005351003979e-05
0 0.001648429565609863 7.197198915279554e-05
0 0.001723358182228358 7.524344320518945e-05
0 0.001798286798846853 7.851489725758336e-05
0 0.001873215415465349 8.178635130997729e-05
0 0.001948144032083785 8.50578053623686e-05
0 0.00202307264870217 8.832925941475772e-05
0 0.002098001265320581 9.160071346714797e-05
0 0.002172929881939161 9.487216751954555e-05
0 0.002247858498557403 9.814362157192841e-05
0 0.002322787115176135 0.0001014150756243327
0 0.002397715731794901 0.0001046865296767384
0 0.002472644348413836 0.0001079579837291515
0 0.00254757296503262 0.000111229437781558
0 0.002622501581651489 0.0001145008918339683
0 0.002697430198270273 0.0001177723458863748
0 0.002772358814888988 0.0001210437999387783
0 0.002847287431507906 0.0001243152539911906
0 0.002922216048126655 0.0001275867080435956
1 19 0 19
527
528
529
530
531
532
533
534
535
536
537
538
539
540
541
542
543
544
545
0.05 0.001573500948991282 6.87005351003979e-05
0.05 0.001648429565609863 7.197198915279554e-05
0.05 0.001723358182228358 7.524344320518945e-05
0.05 0.001798286798846853 7.851489725758336e-05
0.05 0.001873215415465349 8.178635130997729e-05
0.05 0.001948144032083785 8.50578053623686e-05
0.05 0.00202307264870217 8.832925941475772e-05
0.05 0.002098001265320581 9.160071346714797e-05
0.05 0.002172929881939161 9.487216751954555e-05
0.05 0.002247858498557403 9.814362157192841e-05
0.05 0.002322787115176135 0.0001014150756243327
0.05 0.002397715731794901 0.0001046865296767384
0.05 0.002472644348413836 0.0001079579837291515
0.05 0.00254757296503262 0.000111229437781558
0.05 0.002622501581651489 0.0001145008918339683
0.05 0.002697430198270273 0.0001177723458863748
0.05 0.002772358814888988 0.0001210437999387783
0.05 0.002847287431507906 0.0001243152539911906
0.05 0.002922216048126655 0.0001275867080435956
2 1 0 931
546
547
548
549
550
551
552
553
554
555
556
557
558
559
560
561
562
563
564
565
566
567
568
569
570
571
572
573
574
575
576
577
578
579
580
581
582
583
584
585
586
587
588
589
590
591
592
593
594
595
596
597
598
599
600
601
602
603
604
605
606
607
608
609
610
611
612
613
614
615
616
617
618
619
620
621
622
623
624
625
626
627
628
629
630
631
632
633
634
635
636
637
638
639
640
641
642
643
644
645
646
647
648
649
650
651
652
653
654
655
656
657
658
659
660
661
662
663
664
665
666
667
668
669
670
671
672
673
674
675
676
677
678
679
680
681
682
683
684
685
686
687
688
689
690
691
692
693
694
695
696
697
698
699
700
701
702
703
704
705
706
707
708
709
710
711
712
713
714
715
716
717
718
719
720
721
722
723
724
725
726
727
728
729
730
731
732
733
734
735
736
737
738
739
740
741
742
743
744
745
746
747
748
749
750
751
752
753
754
755
756
757
758
759
760
761
762
763
764
765
766
767
768
769
770
771
772
773
774
775
776
777
778
779
780
781
782
783
784
785
786
787
788
789
790
791
792
793
794
795
796
797
798
799
800
801
802
803
804
805
806
807
808
809
810
811
812
813
814
815
816
817
818
819
820
821
822
823
824
825
826
827
828
829
830
831
832
833
834
835
836
837
838
839
840
841
842
843
844
845
846
847
848
849
850
851
852
853
854
855
856
857
858
859
860
861
862
863
864
865
866
867
868
869
870
871
872
873
874
875
876
877
878
879
880
881
882
883
884
885
886
887
888
889
890
891
892
893
894
895
896
897
898
899
900
901
902
903
904
905
906
907
908
909
910
911
912
913
914
915
916
917
918
919
920
921
922
923
924
925
926
927
928
929
930
931
932
933
934
935
936
937
938
939
940
941
942
943
944
945
946
947
948
949
950
951
952
953
954
955
956
957
958
959
960
961
962
963
964
965
966
967
968
969
970
971
972
973
974
975
976
977
978
979
980
981
982
983
984
985
986
987
988
989
990
991
992
993
994
995
996
997
998
999
1000
1001
1002
1003
1004
1005
1006
1007
1008
1009
1010
1011
1012
1013
1014
1015
1016
1017
1018
1019
1020
1021
1022
1023
1024
1025
1026
1027
1028
1029
1030
1031
1032
1033
1034
1035
1036
1037
1038
1039
1040
1041
1042
1043
1044
1045
1046
1047
1048
1049
1050
1051
1052
1053
1054
1055
1056
1057
1058
1059
1060
1061
1062
1063
1064
1065
1066
1067
1068
1069
1070
1071
1072
1073
1074
1075
1076
1077
1078
1079
1080
1081
1082
1083
1084
1085
1086
1087
1088
1089
1090
1091
1092
1093
1094
1095
1096
1097
1098
1099
1100
1101
1102
1103
1104
1105
1106
1107
1108
1109
1110
1111
1112
1113
1114
1115
1116
1117
1118
1119
1120
1121
1122
1123
1124
1125
1126
1127
1128
1129
1130
1131
1132
1133
1134
1135
1136
1137
1138
1139
1140
1141
1142
1143
1144
1145
1146
1147
1148
1149
1150
1151
1152
1153
1154
1155
1156
1157
1158
1159
1160
1161
1162
1163
1164
1165
1166
1167
1168
1169
1170
1171
1172
1173
1174
1175
1176
1177
1178
1179
1180
1181
1182
1183
1184
1185
1186
1187
1188
1189
1190
1191
1192
1193
1194
1195
1196
1197
1198
1199
1200
1201
1202
1203
1204
1205
1206
1207
1208
1209
1210
1211
1212
1213
1214
1215
1216
1217
1218
1219
1220
1221
1222
1223
1224
1225
1226
1227
1228
1229
1230
1231
1232
1233
1234
1235
1236
1237
1238
1239
1240
1241
1242
1243
1244
1245
1246
1247
1248
1249
1250
1251
1252
1253
1254
1255
1256
1257
1258
1259
1260
1261
1262
1263
1264
1265
1266
1267
1268
1269
1270
1271
1272
1273
1274
1275
1276
1277
1278
1279
1280
1281
1282
1283
1284
1285
1286
1287
1288
1289
1290
1291
1292
1293
1294
1295
1296
1297
1298
1299
1300
1301
1302
1303
1304
1305
1306
1307
1308
1309
1310
1311
1312
1313
1314
1315
1316
1317
1318
1319
1320
1321
1322
1323
1324
1325
1326
1327
1328
1329
1330
1331
1332
1333
1334
1335
1336
1337
1338
1339
1340
1341
1342
1343
1344
1345
1346
1347
1348
1349
1350
1351
1352
1353
1354
1355
1356
1357
1358
1359
1360
1361
1362
1363
1364
1365
1366
1367
1368
1369
1370
1371
1372
1373
1374
1375
1376
1377
1378
1379
1380
1381
1382
1383
1384
1385
1386
1387
1388
1389
1390
1391
1392
1393
1394
1395
1396
1397
1398
1399
1400
1401
1402
1403
1404
1405
1406
1407
1408
1409
1410
1411
1412
1413
1414
1415
1416
1417
1418
1419
1420
1421
1422
1423
1424
1425
1426
1427
1428
1429
1430
1431
1432
1433
1434
1435
1436
1437
1438
1439
1440
1441
1442
1443
1444
1445
1446
1447
1448
1449
1450
1451
1452
1453
1454
1455
1456
1457
1458
1459
1460
1461
1462
1463
1464
1465
1466
1467
1468
1469
1470
1471
1472
1473
1474
1475
1476
0.0009999999999981961 4.995241107899522e-05 -2.180969368262535e-06
0.0009999999999981966 9.990482215800374e-05 -4.361938736525653e-06
0.0009999999999981966 0.000149857233236985 -6.542908104787577e-06
0.0009999999999981968 0.0001998096443159382 -8.723877473048277e-06
0.0009999999999981961 0.000249762055394903 -1.090484684130949e-05
0.0009999999999981972 0.0002997144664738605 -1.308581620957037e-05
0.0009999999999981968 0.0003496668775527948 -1.526678557783025e-05
0.0009999999999981968 0.000399619288631767 -1.744775494609178e-05
0.0009999999999981966 0.0004495716997107012 -1.962872431435166e-05
0.0009999999999981968 0.0004995241107896374 -2.180969368261162e-05
0.0009999999999981968 0.0005494765218688852 -2.399066305088516e-05
0.0009999999999981972 0.0005994289329480943 -2.617163241915705e-05
0.0009999999999981966 0.000649381344027295 -2.835260178742857e-05
0.0009999999999981968 0.000699333755106551 -3.053357115570248e-05
0.0009999999999981968 0.0007492861661857476 -3.271454052397381e-05
0.0009999999999981968 0.0007992385772649447 -3.489550989224515e-05
0.0009999999999981968 0.0008491909883442002 -3.707647926051904e-05
0.0009999999999981968 0.0008991433994234013 -3.925744862879057e-05
0.0009999999999981968 0.0009490958105026104 -4.143841799706246e-05
0.001999999999996262 4.995241107899524e-05 -2.180969368262536e-06
0.001999999999996261 9.990482215800374e-05 -4.361938736525654e-06
0.00199999999999626 0.000149857233236985 -6.542908104787577e-06
0.00199999999999626 0.0001998096443159382 -8.723877473048279e-06
0.001999999999996262 0.000249762055394903 -1.090484684130949e-05
0.00199999999999626 0.0002997144664738605 -1.308581620957037e-05
0.001999999999996261 0.0003496668775527948 -1.526678557783025e-05
0.001999999999996261 0.000399619288631767 -1.744775494609178e-05
0.001999999999996262 0.0004495716997107012 -1.962872431435166e-05
0.001999999999996261 0.0004995241107896376 -2.180969368261162e-05
0.00199999999999626 0.0005494765218688852 -2.399066305088516e-05
0.00199999999999626 0.0005994289329480944 -2.617163241915705e-05
0.00199999999999626 0.0006493813440272953 -2.835260178742857e-05
0.00199999999999626 0.0006993337551065511 -3.053357115570248e-05
0.00199999999999626 0.0007492861661857477 -3.271454052397382e-05
0.00199999999999626 0.0007992385772649446 -3.489550989224514e-05
0.00199999999999626 0.0008491909883442002 -3.707647926051905e-05
0.00199999999999626 0.0008991433994234013 -3.925744862879056e-05
0.00199999999999626 0.0009490958105026105 -4.143841799706246e-05
0.002999999999994155 4.995241107899522e-05 -2.180969368262536e-06
0.002999999999994155 9.990482215800374e-05 -4.361938736525653e-06
0.002999999999994156 0.000149857233236985 -6.542908104787578e-06
0.002999999999994155 0.0001998096443159382 -8.723877473048277e-06
0.002999999999994156 0.000249762055394903 -1.090484684130949e-05
0.002999999999994156 0.0002997144664738605 -1.308581620957037e-05
0.002999999999994158 0.0003496668775527948 -1.526678557783025e-05
0.002999999999994157 0.0003996192886317671 -1.744775494609179e-05
0.002999999999994157 0.0004495716997107013 -1.962872431435166e-05
0.002999999999994157 0.0004995241107896376 -2.180969368261161e-05
0.002999999999994157 0.0005494765218688853 -2.399066305088517e-05
0.002999999999994157 0.0005994289329480944 -2.617163241915705e-05
0.002999999999994158 0.0006493813440272953 -2.835260178742857e-05
0.002999999999994157 0.0006993337551065512 -3.053357115570249e-05
0.002999999999994157 0.0007492861661857477 -3.271454052397382e-05
0.002999999999994158 0.0007992385772649449 -3.489550989224515e-05
0.002999999999994157 0.0008491909883442002 -3.707647926051905e-05
0.002999999999994157 0.0008991433994234011 -3.925744862879057e-05
0.002999999999994158 0.0009490958105026104 -4.143841799706246e-05
0.003999999999992683 4.995241107899524e-05 -2.180969368262535e-06
0.003999999999992682 9.990482215800376e-05 -4.361938736525652e-06
0.003999999999992683 0.000149857233236985 -6.542908104787577e-06
0.003999999999992683 0.0001998096443159382 -8.723877473048277e-06
0.003999999999992683 0.000249762055394903 -1.090484684130949e-05
0.003999999999992682 0.0002997144664738605 -1.308581620957037e-05
0.003999999999992683 0.0003496668775527948 -1.526678557783025e-05
0.003999999999992683 0.0003996192886317671 -1.744775494609178e-05
0.003999999999992683 0.0004495716997107012 -1.962872431435165e-05
0.003999999999992681 0.0004995241107896376 -2.180969368261161e-05
0.003999999999992683 0.0005494765218688853 -2.399066305088518e-05
0.003999999999992683 0.0005994289329480944 -2.617163241915705e-05
0.003999999999992682 0.0006493813440272957 -2.835260178742857e-05
0.003999999999992683 0.000699333755106551 -3.053357115570248e-05
0.003999999999992683 0.0007492861661857477 -3.271454052397381e-05
0.003999999999992683 0.0007992385772649447 -3.489550989224515e-05
0.003999999999992682 0.0008491909883442001 -3.707647926051904e-05
0.003999999999992683 0.0008991433994234013 -3.925744862879057e-05
0.003999999999992683 0.0009490958105026108 -4.143841799706246e-05
0.004999999999991242 4.995241107899524e-05 -2.180969368262536e-06
0.004999999999991242 9.990482215800377e-05 -4.361938736525652e-06
0.004999999999991243 0.000149857233236985 -6.542908104787576e-06
0.004999999999991245 0.0001998096443159382 -8.723877473048277e-06
0.004999999999991245 0.000249762055394903 -1.090484684130949e-05
0.004999999999991244 0.0002997144664738606 -1.308581620957038e-05
0.004999999999991244 0.0003496668775527948 -1.526678557783025e-05
0.004999999999991244 0.0003996192886317669 -1.744775494609178e-05
0.004999999999991245 0.0004495716997107014 -1.962872431435165e-05
0.004999999999991244 0.0004995241107896376 -2.180969368261162e-05
0.004999999999991244 0.0005494765218688852 -2.399066305088517e-05
0.004999999999991244 0.0005994289329480943 -2.617163241915704e-05
0.004999999999991245 0.0006493813440272953 -2.835260178742857e-05
0.004999999999991245 0.0006993337551065512 -3.053357115570249e-05
0.004999999999991245 0.0007492861661857477 -3.271454052397381e-05
0.004999999999991245 0.0007992385772649447 -3.489550989224515e-05
0.004999999999991245 0.0008491909883442002 -3.707647926051905e-05
0.004999999999991246 0.0008991433994234013 -3.925744862879058e-05
0.004999999999991244 0.0009490958105026106 -4.143841799706246e-05
0.00599999999998978 4.995241107899524e-05 -2.180969368262536e-06
0.005999999999989781 9.990482215800376e-05 -4.361938736525653e-06
0.005999999999989781 0.000149857233236985 -6.542908104787577e-06
0.005999999999989781 0.0001998096443159382 -8.723877473048277e-06
0.00599999999998978 0.000249762055394903 -1.090484684130949e-05
0.005999999999989779 0.0002997144664738605 -1.308581620957037e-05
0.005999999999989781 0.0003496668775527948 -1.526678557783025e-05
0.005999999999989782 0.000399619288631767 -1.744775494609178e-05
0.005999999999989783 0.0004495716997107012 -1.962872431435166e-05
0.005999999999989781 0.0004995241107896376 -2.180969368261162e-05
0.00599999999998978 0.0005494765218688852 -2.399066305088517e-05
0.005999999999989782 0.0005994289329480944 -2.617163241915705e-05
0.00599999999998978 0.0006493813440272953 -2.835260178742857e-05
0.005999999999989781 0.000699333755106551 -3.053357115570248e-05
0.00599999999998978 0.0007492861661857477 -3.271454052397381e-05
0.005999999999989783 0.0007992385772649448 -3.489550989224515e-05
0.005999999999989781 0.0008491909883442002 -3.707647926051904e-05
0.005999999999989782 0.0008991433994234013 -3.925744862879056e-05
0.005999999999989783 0.0009490958105026105 -4.143841799706246e-05
0.006999999999987295 4.995241107899522e-05 -2.180969368262536e-06
0.006999999999987294 9.990482215800374e-05 -4.361938736525653e-06
0.006999999999987296 0.0001498572332369849 -6.542908104787573e-06
0.006999999999987296 0.0001998096443159382 -8.723877473048277e-06
0.006999999999987296 0.000249762055394903 -1.090484684130949e-05
0.006999999999987296 0.0002997144664738605 -1.308581620957037e-05
0.006999999999987296 0.0003496668775527947 -1.526678557783025e-05
0.006999999999987294 0.0003996192886317672 -1.744775494609178e-05
0.006999999999987294 0.0004495716997107012 -1.962872431435166e-05
0.006999999999987295 0.0004995241107896376 -2.180969368261162e-05
0.006999999999987296 0.0005494765218688852 -2.399066305088517e-05
0.006999999999987296 0.0005994289329480944 -2.617163241915705e-05
0.006999999999987295 0.0006493813440272953 -2.835260178742857e-05
0.006999999999987294 0.0006993337551065511 -3.053357115570248e-05
0.006999999999987295 0.0007492861661857475 -3.27145405239738e-05
0.006999999999987292 0.0007992385772649447 -3.489550989224515e-05
0.006999999999987294 0.0008491909883442002 -3.707647926051905e-05
0.006999999999987293 0.0008991433994234013 -3.925744862879056e-05
0.006999999999987296 0.0009490958105026105 -4.143841799706246e-05
0.007999999999984426 4.995241107899524e-05 -2.180969368262535e-06
0.007999999999984422 9.990482215800378e-05 -4.361938736525653e-06
0.007999999999984428 0.000149857233236985 -6.542908104787577e-06
0.007999999999984426 0.0001998096443159382 -8.723877473048277e-06
0.007999999999984426 0.000249762055394903 -1.090484684130949e-05
0.007999999999984426 0.0002997144664738605 -1.308581620957037e-05
0.007999999999984426 0.0003496668775527948 -1.526678557783025e-05
0.007999999999984426 0.000399619288631767 -1.744775494609178e-05
0.007999999999984426 0.0004495716997107012 -1.962872431435166e-05
0.007999999999984426 0.0004995241107896374 -2.180969368261162e-05
0.007999999999984426 0.0005494765218688853 -2.399066305088517e-05
0.007999999999984426 0.0005994289329480944 -2.617163241915705e-05
0.007999999999984426 0.0006493813440272952 -2.835260178742857e-05
0.007999999999984426 0.0006993337551065511 -3.053357115570248e-05
0.007999999999984426 0.0007492861661857476 -3.271454052397381e-05
0.007999999999984426 0.0007992385772649447 -3.489550989224515e-05
0.007999999999984426 0.0008491909883442002 -3.707647926051905e-05
0.007999999999984426 0.0008991433994234013 -3.925744862879057e-05
0.007999999999984428 0.0009490958105026105 -4.143841799706246e-05
0.008999999999981544 4.995241107899522e-05 -2.180969368262536e-06
0.008999999999981545 9.990482215800374e-05 -4.361938736525653e-06
0.008999999999981544 0.000149857233236985 -6.542908104787577e-06
0.008999999999981544 0.0001998096443159382 -8.723877473048277e-06
0.008999999999981544 0.000249762055394903 -1.090484684130949e-05
0.008999999999981545 0.0002997144664738605 -1.308581620957037e-05
0.008999999999981544 0.0003496668775527948 -1.526678557783025e-05
0.008999999999981544 0.000399619288631767 -1.744775494609178e-05
0.008999999999981544 0.0004495716997107012 -1.962872431435165e-05
0.008999999999981544 0.0004995241107896376 -2.180969368261161e-05
0.008999999999981544 0.0005494765218688853 -2.399066305088517e-05
0.008999999999981544 0.0005994289329480944 -2.617163241915705e-05
0.008999999999981544 0.0006493813440272953 -2.835260178742857e-05
0.008999999999981544 0.0006993337551065511 -3.053357115570248e-05
0.008999999999981544 0.0007492861661857477 -3.271454052397382e-05
0.008999999999981544 0.0007992385772649448 -3.489550989224515e-05
0.008999999999981544 0.0008491909883442002 -3.707647926051905e-05
0.008999999999981544 0.0008991433994234014 -3.925744862879058e-05
0.008999999999981542 0.0009490958105026105 -4.143841799706246e-05
0.009999999999978007 4.995241107899522e-05 -2.180969368262536e-06
0.009999999999978009 9.990482215800376e-05 -4.361938736525653e-06
0.009999999999978007 0.000149857233236985 -6.542908104787576e-06
0.009999999999978006 0.0001998096443159382 -8.723877473048277e-06
0.009999999999978006 0.0002497620553949031 -1.090484684130948e-05
0.009999999999978007 0.0002997144664738606 -1.308581620957037e-05
0.009999999999978009 0.0003496668775527948 -1.526678557783025e-05
0.009999999999978009 0.000399619288631767 -1.744775494609178e-05
0.009999999999978007 0.0004495716997107012 -1.962872431435166e-05
0.009999999999978004 0.0004995241107896376 -2.180969368261162e-05
0.009999999999978006 0.0005494765218688848 -2.399066305088516e-05
0.009999999999978007 0.0005994289329480944 -2.617163241915705e-05
0.009999999999978006 0.0006493813440272952 -2.835260178742856e-05
0.009999999999978006 0.0006993337551065512 -3.053357115570248e-05
0.009999999999978004 0.0007492861661857476 -3.27145405239738e-05
0.009999999999978006 0.0007992385772649448 -3.489550989224515e-05
0.009999999999978009 0.0008491909883442002 -3.707647926051904e-05
0.009999999999978006 0.0008991433994234014 -3.925744862879058e-05
0.009999999999978006 0.0009490958105026106 -4.143841799706245e-05
0.01099999999997513 4.995241107899522e-05 -2.180969368262536e-06
0.01099999999997515 9.990482215800376e-05 -4.361938736525652e-06
0.01099999999997513 0.000149857233236985 -6.542908104787577e-06
0.01099999999997513 0.0001998096443159382 -8.723877473048277e-06
0.01099999999997513 0.0002497620553949031 -1.090484684130948e-05
0.01099999999997514 0.0002997144664738606 -1.308581620957037e-05
0.01099999999997514 0.0003496668775527948 -1.526678557783024e-05
0.01099999999997514 0.000399619288631767 -1.744775494609178e-05
0.01099999999997514 0.0004495716997107012 -1.962872431435165e-05
0.01099999999997513 0.0004995241107896374 -2.180969368261162e-05
0.01099999999997514 0.0005494765218688853 -2.399066305088517e-05
0.01099999999997514 0.0005994289329480944 -2.617163241915705e-05
0.01099999999997514 0.0006493813440272955 -2.835260178742858e-05
0.01099999999997514 0.0006993337551065511 -3.053357115570249e-05
0.01099999999997513 0.0007492861661857477 -3.27145405239738e-05
0.01099999999997513 0.0007992385772649449 -3.489550989224515e-05
0.01099999999997513 0.0008491909883442002 -3.707647926051904e-05
0.01099999999997513 0.0008991433994234013 -3.925744862879056e-05
0.01099999999997513 0.0009490958105026105 -4.143841799706245e-05
0.01199999999997227 4.995241107899524e-05 -2.180969368262535e-06
0.01199999999997227 9.990482215800377e-05 -4.361938736525653e-06
0.01199999999997227 0.000149857233236985 -6.542908104787577e-06
0.01199999999997227 0.0001998096443159382 -8.723877473048275e-06
0.01199999999997227 0.000249762055394903 -1.090484684130949e-05
0.01199999999997227 0.0002997144664738605 -1.308581620957037e-05
0.01199999999997227 0.0003496668775527948 -1.526678557783025e-05
0.01199999999997227 0.000399619288631767 -1.744775494609178e-05
0.01199999999997227 0.0004495716997107012 -1.962872431435166e-05
0.01199999999997227 0.0004995241107896376 -2.180969368261162e-05
0.01199999999997227 0.0005494765218688853 -2.399066305088516e-05
0.01199999999997227 0.0005994289329480944 -2.617163241915705e-05
0.01199999999997227 0.0006493813440272953 -2.835260178742858e-05
0.01199999999997227 0.0006993337551065513 -3.053357115570248e-05
0.01199999999997227 0.0007492861661857476 -3.271454052397381e-05
0.01199999999997227 0.0007992385772649449 -3.489550989224516e-05
0.01199999999997227 0.0008491909883442003 -3.707647926051905e-05
0.01199999999997227 0.0008991433994234013 -3.925744862879056e-05
0.01199999999997227 0.0009490958105026105 -4.143841799706248e-05
0.01299999999996939 4.995241107899522e-05 -2.180969368262535e-06
0.0129999999999694 9.990482215800376e-05 -4.361938736525654e-06
0.01299999999996939 0.000149857233236985 -6.542908104787576e-06
0.0129999999999694 0.0001998096443159382 -8.723877473048277e-06
0.0129999999999694 0.000249762055394903 -1.090484684130949e-05
0.0129999999999694 0.0002997144664738605 -1.308581620957037e-05
0.0129999999999694 0.0003496668775527948 -1.526678557783025e-05
0.0129999999999694 0.000399619288631767 -1.744775494609178e-05
0.0129999999999694 0.0004495716997107012 -1.962872431435166e-05
0.0129999999999694 0.0004995241107896376 -2.180969368261161e-05
0.0129999999999694 0.0005494765218688853 -2.399066305088517e-05
0.0129999999999694 0.0005994289329480943 -2.617163241915705e-05
0.0129999999999694 0.0006493813440272953 -2.835260178742857e-05
0.0129999999999694 0.0006993337551065512 -3.053357115570248e-05
0.0129999999999694 0.0007492861661857476 -3.271454052397381e-05
0.0129999999999694 0.0007992385772649448 -3.489550989224515e-05
0.0129999999999694 0.0008491909883442003 -3.707647926051905e-05
0.0129999999999694 0.0008991433994234013 -3.925744862879057e-05
0.0129999999999694 0.0009490958105026106 -4.143841799706246e-05
0.01399999999996652 4.995241107899522e-05 -2.180969368262536e-06
0.01399999999996653 9.990482215800377e-05 -4.361938736525653e-06
0.01399999999996653 0.000149857233236985 -6.542908104787577e-06
0.01399999999996653 0.0001998096443159382 -8.723877473048275e-06
0.01399999999996653 0.000249762055394903 -1.090484684130949e-05
0.01399999999996653 0.0002997144664738605 -1.308581620957037e-05
0.01399999999996653 0.0003496668775527948 -1.526678557783025e-05
0.01399999999996653 0.0003996192886317671 -1.744775494609178e-05
0.01399999999996653 0.0004495716997107014 -1.962872431435165e-05
0.01399999999996653 0.0004995241107896377 -2.180969368261161e-05
0.01399999999996653 0.0005494765218688853 -2.399066305088517e-05
0.01399999999996653 0.0005994289329480944 -2.617163241915705e-05
0.01399999999996652 0.0006493813440272953 -2.835260178742857e-05
0.01399999999996653 0.0006993337551065509 -3.053357115570247e-05
0.01399999999996653 0.0007492861661857477 -3.27145405239738e-05
0.01399999999996653 0.0007992385772649447 -3.489550989224515e-05
0.01399999999996653 0.0008491909883442001 -3.707647926051906e-05
0.01399999999996653 0.0008991433994234012 -3.925744862879056e-05
0.01399999999996653 0.0009490958105026105 -4.143841799706246e-05
0.01499999999996365 4.995241107899522e-05 -2.180969368262536e-06
0.01499999999996366 9.990482215800374e-05 -4.361938736525653e-06
0.01499999999996365 0.000149857233236985 -6.542908104787577e-06
0.01499999999996365 0.0001998096443159382 -8.723877473048277e-06
0.01499999999996365 0.000249762055394903 -1.090484684130949e-05
0.01499999999996365 0.0002997144664738606 -1.308581620957037e-05
0.01499999999996365 0.0003496668775527948 -1.526678557783025e-05
0.01499999999996365 0.0003996192886317671 -1.744775494609178e-05
0.01499999999996365 0.0004495716997107012 -1.962872431435166e-05
0.01499999999996365 0.0004995241107896376 -2.180969368261162e-05
0.01499999999996365 0.0005494765218688853 -2.399066305088518e-05
0.01499999999996365 0.0005994289329480944 -2.617163241915705e-05
0.01499999999996365 0.0006493813440272953 -2.835260178742857e-05
0.01499999999996365 0.000699333755106551 -3.053357115570248e-05
0.01499999999996365 0.0007492861661857477 -3.271454052397381e-05
0.01499999999996365 0.0007992385772649448 -3.489550989224515e-05
0.01499999999996365 0.0008491909883442002 -3.707647926051904e-05
0.01499999999996365 0.0008991433994234014 -3.925744862879058e-05
0.01499999999996365 0.0009490958105026103 -4.143841799706246e-05
0.01599999999996079 4.995241107899524e-05 -2.180969368262535e-06
0.01599999999996079 9.99048221580038e-05 -4.361938736525653e-06
0.0159999999999608 0.000149857233236985 -6.542908104787577e-06
0.01599999999996078 0.0001998096443159382 -8.723877473048277e-06
0.01599999999996078 0.000249762055394903 -1.090484684130949e-05
0.01599999999996079 0.0002997144664738606 -1.308581620957037e-05
0.01599999999996079 0.0003496668775527948 -1.526678557783025e-05
0.01599999999996079 0.0003996192886317672 -1.744775494609178e-05
0.01599999999996079 0.0004495716997107013 -1.962872431435166e-05
0.01599999999996079 0.0004995241107896376 -2.180969368261162e-05
0.01599999999996079 0.0005494765218688853 -2.399066305088517e-05
0.01599999999996079 0.0005994289329480944 -2.617163241915704e-05
0.01599999999996079 0.0006493813440272953 -2.835260178742857e-05
0.01599999999996079 0.000699333755106551 -3.053357115570248e-05
0.01599999999996079 0.0007492861661857476 -3.27145405239738e-05
0.01599999999996079 0.0007992385772649449 -3.489550989224516e-05
0.01599999999996079 0.0008491909883442003 -3.707647926051906e-05
0.01599999999996079 0.0008991433994234015 -3.925744862879058e-05
0.01599999999996079 0.0009490958105026106 -4.143841799706246e-05
0.01699999999995792 4.995241107899524e-05 -2.180969368262536e-06
0.01699999999995792 9.990482215800377e-05 -4.361938736525653e-06
0.01699999999995792 0.000149857233236985 -6.542908104787577e-06
0.01699999999995792 0.0001998096443159382 -8.723877473048277e-06
0.01699999999995792 0.000249762055394903 -1.090484684130949e-05
0.01699999999995792 0.0002997144664738605 -1.308581620957037e-05
0.01699999999995792 0.0003496668775527948 -1.526678557783025e-05
0.01699999999995792 0.000399619288631767 -1.744775494609178e-05
0.01699999999995792 0.0004495716997107012 -1.962872431435166e-05
0.01699999999995792 0.0004995241107896376 -2.180969368261161e-05
0.01699999999995792 0.0005494765218688853 -2.399066305088517e-05
0.01699999999995792 0.0005994289329480944 -2.617163241915705e-05
0.01699999999995792 0.0006493813440272953 -2.835260178742858e-05
0.01699999999995792 0.000699333755106551 -3.053357115570248e-05
0.01699999999995792 0.0007492861661857477 -3.271454052397382e-05
0.01699999999995792 0.0007992385772649447 -3.489550989224515e-05
0.01699999999995792 0.0008491909883442002 -3.707647926051905e-05
0.01699999999995792 0.0008991433994234013 -3.925744862879057e-05
0.01699999999995792 0.0009490958105026104 -4.143841799706246e-05
0.01799999999995505 4.995241107899521e-05 -2.180969368262536e-06
0.01799999999995505 9.990482215800376e-05 -4.361938736525653e-06
0.01799999999995504 0.000149857233236985 -6.542908104787576e-06
0.01799999999995505 0.0001998096443159382 -8.723877473048277e-06
0.01799999999995505 0.000249762055394903 -1.090484684130949e-05
0.01799999999995505 0.0002997144664738605 -1.308581620957037e-05
0.01799999999995505 0.0003496668775527948 -1.526678557783025e-05
0.01799999999995505 0.0003996192886317672 -1.744775494609178e-05
0.01799999999995505 0.0004495716997107012 -1.962872431435165e-05
0.01799999999995505 0.0004995241107896377 -2.180969368261162e-05
0.01799999999995505 0.0005494765218688853 -2.399066305088517e-05
0.01799999999995505 0.0005994289329480944 -2.617163241915705e-05
0.01799999999995505 0.0006493813440272953 -2.835260178742858e-05
0.01799999999995505 0.0006993337551065511 -3.053357115570248e-05
0.01799999999995505 0.0007492861661857477 -3.271454052397381e-05
0.01799999999995505 0.0007992385772649447 -3.489550989224515e-05
0.01799999999995505 0.0008491909883442002 -3.707647926051905e-05
0.01799999999995505 0.0008991433994234013 -3.925744862879056e-05
0.01799999999995505 0.0009490958105026103 -4.143841799706246e-05
0.01899999999995106 4.995241107899524e-05 -2.180969368262535e-06
0.01899999999995106 9.990482215800374e-05 -4.361938736525653e-06
0.01899999999995106 0.000149857233236985 -6.542908104787577e-06
0.01899999999995105 0.0001998096443159382 -8.723877473048277e-06
0.01899999999995107 0.000249762055394903 -1.090484684130949e-05
0.01899999999995106 0.0002997144664738606 -1.308581620957037e-05
0.01899999999995106 0.0003496668775527948 -1.526678557783025e-05
0.01899999999995106 0.0003996192886317671 -1.744775494609178e-05
0.01899999999995106 0.0004495716997107012 -1.962872431435165e-05
0.01899999999995106 0.0004995241107896376 -2.180969368261162e-05
0.01899999999995106 0.0005494765218688852 -2.399066305088517e-05
0.01899999999995106 0.0005994289329480944 -2.617163241915705e-05
0.01899999999995106 0.0006493813440272952 -2.835260178742857e-05
0.01899999999995106 0.000699333755106551 -3.053357115570248e-05
0.01899999999995106 0.0007492861661857477 -3.271454052397381e-05
0.01899999999995106 0.0007992385772649447 -3.489550989224515e-05
0.01899999999995106 0.0008491909883442002 -3.707647926051905e-05
0.01899999999995107 0.0008991433994234013 -3.925744862879056e-05
0.01899999999995106 0.0009490958105026105 -4.143841799706246e-05
0.01999999999994795 4.995241107899522e-05 -2.180969368262535e-06
0.01999999999994795 9.990482215800376e-05 -4.361938736525653e-06
0.01999999999994795 0.000149857233236985 -6.542908104787577e-06
0.01999999999994794 0.0001998096443159382 -8.723877473048277e-06
0.01999999999994795 0.000249762055394903 -1.090484684130949e-05
0.01999999999994795 0.0002997144664738605 -1.308581620957037e-05
0.01999999999994794 0.0003496668775527948 -1.526678557783025e-05
0.01999999999994795 0.000399619288631767 -1.744775494609178e-05
0.01999999999994795 0.0004495716997107012 -1.962872431435166e-05
0.01999999999994795 0.0004995241107896376 -2.180969368261162e-05
0.01999999999994795 0.0005494765218688853 -2.399066305088517e-05
0.01999999999994795 0.0005994289329480944 -2.617163241915705e-05
0.01999999999994795 0.0006493813440272953 -2.835260178742857e-05
0.01999999999994795 0.000699333755106551 -3.053357115570248e-05
0.01999999999994795 0.0007492861661857477 -3.271454052397382e-05
0.01999999999994795 0.0007992385772649447 -3.489550989224515e-05
0.01999999999994795 0.0008491909883442002 -3.707647926051905e-05
0.01999999999994795 0.0008991433994234013 -3.925744862879058e-05
0.01999999999994794 0.0009490958105026102 -4.143841799706246e-05
0.02099999999994508 4.995241107899524e-05 -2.180969368262535e-06
0.02099999999994507 9.990482215800374e-05 -4.361938736525653e-06
0.02099999999994508 0.000149857233236985 -6.542908104787577e-06
0.02099999999994508 0.0001998096443159382 -8.723877473048277e-06
0.02099999999994509 0.000249762055394903 -1.090484684130949e-05
0.02099999999994508 0.0002997144664738606 -1.308581620957037e-05
0.02099999999994508 0.0003496668775527948 -1.526678557783025e-05
0.02099999999994508 0.0003996192886317671 -1.744775494609178e-05
0.02099999999994507 0.0004495716997107012 -1.962872431435165e-05
0.02099999999994508 0.0004995241107896376 -2.180969368261161e-05
0.02099999999994508 0.0005494765218688852 -2.399066305088517e-05
0.02099999999994508 0.0005994289329480944 -2.617163241915705e-05
0.02099999999994508 0.0006493813440272953 -2.835260178742858e-05
0.02099999999994508 0.000699333755106551 -3.053357115570248e-05
0.02099999999994508 0.0007492861661857477 -3.271454052397381e-05
0.02099999999994508 0.0007992385772649447 -3.489550989224515e-05
0.02099999999994508 0.0008491909883442002 -3.707647926051905e-05
0.02099999999994508 0.0008991433994234013 -3.925744862879056e-05
0.02099999999994508 0.0009490958105026106 -4.143841799706246e-05
0.02199999999994221 4.995241107899523e-05 -2.180969368262536e-06
0.0219999999999422 9.990482215800378e-05 -4.361938736525653e-06
0.02199999999994221 0.000149857233236985 -6.542908104787578e-06
0.02199999999994221 0.0001998096443159382 -8.723877473048277e-06
0.0219999999999422 0.000249762055394903 -1.090484684130949e-05
0.02199999999994222 0.0002997144664738605 -1.308581620957037e-05
0.02199999999994221 0.0003496668775527948 -1.526678557783024e-05
0.02199999999994221 0.0003996192886317671 -1.744775494609178e-05
0.0219999999999422 0.0004495716997107013 -1.962872431435165e-05
0.02199999999994221 0.0004995241107896377 -2.180969368261163e-05
0.0219999999999422 0.0005494765218688853 -2.399066305088516e-05
0.02199999999994221 0.0005994289329480944 -2.617163241915705e-05
0.02199999999994221 0.0006493813440272952 -2.835260178742857e-05
0.02199999999994221 0.000699333755106551 -3.053357115570248e-05
0.02199999999994221 0.0007492861661857479 -3.27145405239738e-05
0.02199999999994222 0.0007992385772649448 -3.489550989224515e-05
0.02199999999994221 0.0008491909883442002 -3.707647926051906e-05
0.02199999999994221 0.0008991433994234012 -3.925744862879058e-05
0.02199999999994221 0.0009490958105026106 -4.143841799706247e-05
0.02299999999993934 4.995241107899522e-05 -2.180969368262535e-06
0.02299999999993933 9.990482215800376e-05 -4.361938736525653e-06
0.02299999999993933 0.000149857233236985 -6.542908104787576e-06
0.02299999999993934 0.0001998096443159382 -8.723877473048277e-06
0.02299999999993934 0.000249762055394903 -1.090484684130949e-05
0.02299999999993934 0.0002997144664738605 -1.308581620957037e-05
0.02299999999993934 0.0003496668775527948 -1.526678557783025e-05
0.02299999999993934 0.0003996192886317671 -1.744775494609178e-05
0.02299999999993933 0.0004495716997107012 -1.962872431435166e-05
0.02299999999993934 0.0004995241107896374 -2.180969368261162e-05
0.02299999999993933 0.0005494765218688853 -2.399066305088517e-05
0.02299999999993934 0.0005994289329480944 -2.617163241915705e-05
0.02299999999993933 0.0006493813440272953 -2.835260178742857e-05
0.02299999999993934 0.0006993337551065511 -3.053357115570248e-05
0.02299999999993933 0.0007492861661857477 -3.271454052397382e-05
0.02299999999993934 0.0007992385772649447 -3.489550989224515e-05
0.02299999999993933 0.0008491909883442002 -3.707647926051905e-05
0.02299999999993933 0.0008991433994234013 -3.925744862879056e-05
0.02299999999993934 0.0009490958105026102 -4.143841799706246e-05
0.02399999999993647 4.995241107899522e-05 -2.180969368262535e-06
0.02399999999993646 9.990482215800374e-05 -4.361938736525653e-06
0.02399999999993646 0.000149857233236985 -6.542908104787577e-06
0.02399999999993647 0.0001998096443159382 -8.723877473048277e-06
0.02399999999993647 0.000249762055394903 -1.090484684130949e-05
0.02399999999993647 0.0002997144664738606 -1.308581620957037e-05
0.02399999999993647 0.0003496668775527948 -1.526678557783025e-05
0.02399999999993647 0.000399619288631767 -1.744775494609178e-05
0.02399999999993647 0.0004495716997107012 -1.962872431435166e-05
0.02399999999993647 0.0004995241107896376 -2.180969368261162e-05
0.02399999999993647 0.0005494765218688853 -2.399066305088517e-05
0.02399999999993647 0.0005994289329480944 -2.617163241915705e-05
0.02399999999993647 0.0006493813440272953 -2.835260178742857e-05
0.02399999999993647 0.000699333755106551 -3.053357115570248e-05
0.02399999999993647 0.0007492861661857477 -3.271454052397382e-05
0.02399999999993647 0.0007992385772649447 -3.489550989224515e-05
0.02399999999993647 0.0008491909883442002 -3.707647926051904e-05
0.02399999999993647 0.0008991433994234013 -3.925744862879056e-05
0.02399999999993647 0.0009490958105026106 -4.143841799706246e-05
0.02499999999993428 4.995241107899522e-05 -2.180969368262535e-06
0.02499999999993428 9.990482215800374e-05 -4.361938736525653e-06
0.02499999999993429 0.000149857233236985 -6.542908104787576e-06
0.02499999999993428 0.0001998096443159382 -8.723877473048277e-06
0.02499999999993428 0.000249762055394903 -1.090484684130949e-05
0.02499999999993428 0.0002997144664738605 -1.308581620957037e-05
0.02499999999993428 0.0003496668775527948 -1.526678557783025e-05
0.02499999999993428 0.000399619288631767 -1.744775494609178e-05
0.02499999999993428 0.0004495716997107012 -1.962872431435166e-05
0.02499999999993428 0.0004995241107896377 -2.180969368261162e-05
0.02499999999993428 0.0005494765218688853 -2.399066305088517e-05
0.02499999999993428 0.0005994289329480944 -2.617163241915705e-05
0.02499999999993428 0.0006493813440272952 -2.835260178742857e-05
0.02499999999993428 0.000699333755106551 -3.053357115570248e-05
0.02499999999993428 0.0007492861661857477 -3.271454052397382e-05
0.02499999999993428 0.0007992385772649447 -3.489550989224515e-05
0.02499999999993428 0.0008491909883442002 -3.707647926051905e-05
0.02499999999993428 0.0008991433994234013 -3.925744862879056e-05
0.02499999999993428 0.0009490958105026105 -4.143841799706246e-05
0.0259999999999363 4.995241107899522e-05 -2.180969368262535e-06
0.02599999999993632 9.990482215800376e-05 -4.361938736525653e-06
0.02599999999993631 0.000149857233236985 -6.542908104787576e-06
0.0259999999999363 0.0001998096443159382 -8.723877473048277e-06
0.02599999999993632 0.000249762055394903 -1.090484684130949e-05
0.02599999999993632 0.0002997144664738605 -1.308581620957037e-05
0.02599999999993631 0.0003496668775527948 -1.526678557783025e-05
0.02599999999993631 0.0003996192886317671 -1.744775494609178e-05
0.02599999999993631 0.0004495716997107012 -1.962872431435166e-05
0.02599999999993631 0.0004995241107896376 -2.180969368261162e-05
0.02599999999993631 0.0005494765218688853 -2.399066305088517e-05
0.02599999999993631 0.0005994289329480944 -2.617163241915705e-05
0.02599999999993631 0.0006493813440272953 -2.835260178742857e-05
0.02599999999993631 0.0006993337551065511 -3.053357115570248e-05
0.02599999999993631 0.0007492861661857477 -3.271454052397382e-05
0.02599999999993631 0.0007992385772649447 -3.489550989224515e-05
0.02599999999993631 0.0008491909883442002 -3.707647926051905e-05
0.02599999999993631 0.0008991433994234013 -3.925744862879057e-05
0.02599999999993631 0.0009490958105026102 -4.143841799706246e-05
0.02699999999993895 4.995241107899522e-05 -2.180969368262535e-06
0.02699999999993894 9.990482215800376e-05 -4.361938736525653e-06
0.02699999999993894 0.000149857233236985 -6.542908104787576e-06
0.02699999999993894 0.0001998096443159382 -8.723877473048277e-06
0.02699999999993894 0.000249762055394903 -1.090484684130949e-05
0.02699999999993894 0.0002997144664738606 -1.308581620957037e-05
0.02699999999993894 0.0003496668775527948 -1.526678557783025e-05
0.02699999999993894 0.0003996192886317671 -1.744775494609178e-05
0.02699999999993894 0.0004495716997107012 -1.962872431435166e-05
0.02699999999993894 0.0004995241107896376 -2.180969368261162e-05
0.02699999999993894 0.0005494765218688853 -2.399066305088517e-05
0.02699999999993894 0.0005994289329480944 -2.617163241915705e-05
0.02699999999993894 0.0006493813440272953 -2.835260178742857e-05
0.02699999999993894 0.000699333755106551 -3.053357115570248e-05
0.02699999999993894 0.0007492861661857477 -3.271454052397381e-05
0.02699999999993894 0.0007992385772649447 -3.489550989224515e-05
0.02699999999993894 0.0008491909883442002 -3.707647926051905e-05
0.02699999999993894 0.0008991433994234013 -3.925744862879056e-05
0.02699999999993894 0.0009490958105026105 -4.143841799706246e-05
0.02799999999994172 4.995241107899522e-05 -2.180969368262535e-06
0.02799999999994172 9.990482215800376e-05 -4.361938736525653e-06
0.02799999999994173 0.000149857233236985 -6.542908104787576e-06
0.02799999999994173 0.0001998096443159382 -8.723877473048277e-06
0.02799999999994173 0.000249762055394903 -1.090484684130949e-05
0.02799999999994173 0.0002997144664738605 -1.308581620957037e-05
0.02799999999994172 0.0003496668775527948 -1.526678557783025e-05
0.02799999999994173 0.000399619288631767 -1.744775494609178e-05
0.02799999999994172 0.0004495716997107012 -1.962872431435166e-05
0.02799999999994172 0.0004995241107896377 -2.180969368261162e-05
0.02799999999994172 0.0005494765218688853 -2.399066305088517e-05
0.02799999999994173 0.0005994289329480944 -2.617163241915705e-05
0.02799999999994172 0.0006493813440272952 -2.835260178742857e-05
0.02799999999994172 0.000699333755106551 -3.053357115570248e-05
0.02799999999994172 0.0007492861661857477 -3.271454052397382e-05
0.02799999999994172 0.0007992385772649447 -3.489550989224515e-05
0.02799999999994172 0.0008491909883442002 -3.707647926051904e-05
0.02799999999994172 0.0008991433994234013 -3.925744862879056e-05
0.02799999999994173 0.0009490958105026105 -4.143841799706246e-05
0.02899999999994427 4.995241107899522e-05 -2.180969368262535e-06
0.02899999999994426 9.990482215800374e-05 -4.361938736525653e-06
0.02899999999994427 0.000149857233236985 -6.542908104787577e-06
0.02899999999994427 0.0001998096443159382 -8.723877473048277e-06
0.02899999999994427 0.000249762055394903 -1.090484684130949e-05
0.02899999999994427 0.0002997144664738605 -1.308581620957037e-05
0.02899999999994427 0.0003496668775527948 -1.526678557783025e-05
0.02899999999994427 0.0003996192886317671 -1.744775494609178e-05
0.02899999999994427 0.0004495716997107012 -1.962872431435166e-05
0.02899999999994427 0.0004995241107896376 -2.180969368261161e-05
0.02899999999994427 0.0005494765218688853 -2.399066305088517e-05
0.02899999999994427 0.0005994289329480944 -2.617163241915705e-05
0.02899999999994427 0.0006493813440272953 -2.835260178742858e-05
0.02899999999994427 0.000699333755106551 -3.053357115570248e-05
0.02899999999994427 0.0007492861661857477 -3.271454052397382e-05
0.02899999999994427 0.0007992385772649447 -3.489550989224515e-05
0.02899999999994427 0.0008491909883442002 -3.707647926051905e-05
0.02899999999994427 0.0008991433994234013 -3.925744862879056e-05
0.02899999999994427 0.0009490958105026102 -4.143841799706246e-05
0.02999999999994716 4.995241107899522e-05 -2.180969368262535e-06
0.02999999999994714 9.990482215800376e-05 -4.361938736525653e-06
0.02999999999994714 0.000149857233236985 -6.542908104787577e-06
0.02999999999994714 0.0001998096443159382 -8.723877473048277e-06
0.02999999999994715 0.000249762055394903 -1.090484684130949e-05
0.02999999999994715 0.0002997144664738605 -1.308581620957037e-05
0.02999999999994714 0.0003496668775527948 -1.526678557783025e-05
0.02999999999994716 0.0003996192886317671 -1.744775494609178e-05
0.02999999999994716 0.0004495716997107012 -1.962872431435166e-05
0.02999999999994715 0.0004995241107896376 -2.180969368261162e-05
0.02999999999994716 0.0005494765218688853 -2.399066305088517e-05
0.02999999999994715 0.0005994289329480944 -2.617163241915704e-05
0.02999999999994715 0.0006493813440272952 -2.835260178742857e-05
0.02999999999994715 0.000699333755106551 -3.053357115570248e-05
0.02999999999994714 0.0007492861661857477 -3.271454052397381e-05
0.02999999999994716 0.0007992385772649447 -3.489550989224515e-05
0.02999999999994716 0.0008491909883442001 -3.707647926051904e-05
0.02999999999994715 0.0008991433994234017 -3.925744862879058e-05
0.02999999999994715 0.0009490958105026105 -4.143841799706246e-05
0.03099999999994961 4.995241107899522e-05 -2.180969368262535e-06
0.03099999999994961 9.990482215800378e-05 -4.361938736525653e-06
0.03099999999994962 0.000149857233236985 -6.542908104787577e-06
0.03099999999994961 0.0001998096443159382 -8.723877473048277e-06
0.03099999999994961 0.000249762055394903 -1.090484684130949e-05
0.03099999999994961 0.0002997144664738606 -1.308581620957037e-05
0.03099999999994961 0.0003496668775527948 -1.526678557783025e-05
0.03099999999994961 0.0003996192886317671 -1.744775494609178e-05
0.03099999999994961 0.0004495716997107013 -1.962872431435166e-05
0.03099999999994961 0.0004995241107896376 -2.180969368261162e-05
0.03099999999994962 0.0005494765218688852 -2.399066305088517e-05
0.03099999999994962 0.0005994289329480944 -2.617163241915705e-05
0.03099999999994962 0.0006493813440272952 -2.835260178742857e-05
0.03099999999994962 0.000699333755106551 -3.053357115570248e-05
0.0309999999999496 0.0007492861661857477 -3.271454052397382e-05
0.03099999999994961 0.0007992385772649447 -3.489550989224515e-05
0.03099999999994961 0.0008491909883442002 -3.707647926051904e-05
0.03099999999994961 0.0008991433994234012 -3.925744862879057e-05
0.03099999999994962 0.0009490958105026102 -4.143841799706246e-05
0.03199999999995257 4.995241107899525e-05 -2.180969368262537e-06
0.03199999999995256 9.990482215800378e-05 -4.361938736525652e-06
0.03199999999995257 0.000149857233236985 -6.542908104787577e-06
0.03199999999995258 0.0001998096443159382 -8.723877473048277e-06
0.03199999999995257 0.000249762055394903 -1.090484684130949e-05
0.03199999999995257 0.0002997144664738605 -1.308581620957037e-05
0.03199999999995257 0.0003496668775527948 -1.526678557783025e-05
0.03199999999995257 0.0003996192886317671 -1.744775494609178e-05
0.03199999999995257 0.0004495716997107012 -1.962872431435166e-05
0.03199999999995257 0.0004995241107896377 -2.180969368261162e-05
0.03199999999995257 0.0005494765218688853 -2.399066305088516e-05
0.03199999999995257 0.0005994289329480944 -2.617163241915705e-05
0.03199999999995257 0.0006493813440272953 -2.835260178742857e-05
0.03199999999995257 0.000699333755106551 -3.053357115570248e-05
0.03199999999995257 0.0007492861661857477 -3.271454052397381e-05
0.03199999999995257 0.0007992385772649448 -3.489550989224515e-05
0.03199999999995257 0.0008491909883442003 -3.707647926051905e-05
0.03199999999995257 0.0008991433994234013 -3.925744862879057e-05
0.03199999999995257 0.0009490958105026108 -4.143841799706246e-05
0.03299999999995463 4.995241107899525e-05 -2.180969368262537e-06
0.03299999999995461 9.990482215800376e-05 -4.361938736525652e-06
0.03299999999995461 0.000149857233236985 -6.542908104787576e-06
0.03299999999995463 0.0001998096443159382 -8.723877473048277e-06
0.03299999999995463 0.000249762055394903 -1.090484684130949e-05
0.03299999999995463 0.0002997144664738606 -1.308581620957037e-05
0.03299999999995463 0.0003496668775527948 -1.526678557783025e-05
0.03299999999995463 0.000399619288631767 -1.744775494609178e-05
0.03299999999995463 0.0004495716997107012 -1.962872431435166e-05
0.03299999999995462 0.0004995241107896376 -2.180969368261161e-05
0.03299999999995463 0.0005494765218688853 -2.399066305088516e-05
0.03299999999995463 0.0005994289329480944 -2.617163241915705e-05
0.03299999999995462 0.0006493813440272952 -2.835260178742857e-05
0.03299999999995463 0.000699333755106551 -3.053357115570248e-05
0.03299999999995463 0.0007492861661857477 -3.271454052397381e-05
0.03299999999995462 0.0007992385772649447 -3.489550989224515e-05
0.03299999999995462 0.0008491909883442002 -3.707647926051904e-05
0.03299999999995463 0.0008991433994234013 -3.925744862879057e-05
0.03299999999995463 0.0009490958105026104 -4.143841799706246e-05
0.03399999999995799 4.995241107899522e-05 -2.180969368262536e-06
0.03399999999995797 9.990482215800377e-05 -4.361938736525653e-06
0.03399999999995799 0.000149857233236985 -6.542908104787576e-06
0.03399999999995798 0.0001998096443159382 -8.723877473048275e-06
0.03399999999995798 0.000249762055394903 -1.090484684130949e-05
0.03399999999995798 0.0002997144664738605 -1.308581620957037e-05
0.03399999999995799 0.0003496668775527948 -1.526678557783025e-05
0.03399999999995799 0.0003996192886317671 -1.744775494609178e-05
0.03399999999995799 0.0004495716997107012 -1.962872431435165e-05
0.03399999999995798 0.0004995241107896376 -2.180969368261162e-05
0.03399999999995799 0.0005494765218688852 -2.399066305088516e-05
0.03399999999995799 0.0005994289329480944 -2.617163241915705e-05
0.03399999999995799 0.0006493813440272953 -2.835260178742857e-05
0.03399999999995799 0.000699333755106551 -3.053357115570248e-05
0.03399999999995799 0.0007492861661857477 -3.271454052397382e-05
0.03399999999995799 0.0007992385772649447 -3.489550989224515e-05
0.03399999999995799 0.0008491909883442002 -3.707647926051905e-05
0.03399999999995799 0.0008991433994234013 -3.925744862879057e-05
0.03399999999995799 0.0009490958105026102 -4.143841799706246e-05
0.03499999999995989 4.995241107899524e-05 -2.180969368262536e-06
0.0349999999999599 9.990482215800376e-05 -4.361938736525654e-06
0.03499999999995986 0.000149857233236985 -6.542908104787576e-06
0.03499999999995989 0.0001998096443159382 -8.723877473048277e-06
0.0349999999999599 0.000249762055394903 -1.090484684130949e-05
0.0349999999999599 0.0002997144664738606 -1.308581620957037e-05
0.03499999999995989 0.0003496668775527948 -1.526678557783025e-05
0.03499999999995989 0.000399619288631767 -1.744775494609178e-05
0.03499999999995989 0.0004495716997107012 -1.962872431435165e-05
0.0349999999999599 0.0004995241107896376 -2.180969368261161e-05
0.0349999999999599 0.0005494765218688853 -2.399066305088516e-05
0.03499999999995989 0.0005994289329480944 -2.617163241915704e-05
0.03499999999995989 0.0006493813440272952 -2.835260178742857e-05
0.0349999999999599 0.000699333755106551 -3.053357115570248e-05
0.0349999999999599 0.0007492861661857477 -3.271454052397382e-05
0.03499999999995989 0.0007992385772649447 -3.489550989224515e-05
0.03499999999995989 0.0008491909883442002 -3.707647926051905e-05
0.03499999999995989 0.0008991433994234013 -3.925744862879056e-05
0.03499999999995991 0.0009490958105026106 -4.143841799706246e-05
0.03599999999996342 4.995241107899523e-05 -2.180969368262536e-06
0.03599999999996339 9.990482215800374e-05 -4.361938736525653e-06
0.03599999999996342 0.0001498572332369849 -6.542908104787577e-06
0.03599999999996342 0.0001998096443159382 -8.723877473048277e-06
0.0359999999999634 0.000249762055394903 -1.090484684130949e-05
0.03599999999996341 0.0002997144664738605 -1.308581620957037e-05
0.03599999999996342 0.0003496668775527948 -1.526678557783025e-05
0.03599999999996342 0.0003996192886317672 -1.744775494609178e-05
0.03599999999996342 0.0004495716997107013 -1.962872431435166e-05
0.03599999999996342 0.0004995241107896377 -2.180969368261162e-05
0.03599999999996342 0.0005494765218688853 -2.399066305088517e-05
0.03599999999996342 0.0005994289329480944 -2.617163241915705e-05
0.03599999999996342 0.0006493813440272953 -2.835260178742858e-05
0.03599999999996341 0.000699333755106551 -3.053357115570248e-05
0.03599999999996342 0.0007492861661857477 -3.271454052397381e-05
0.03599999999996342 0.0007992385772649448 -3.489550989224515e-05
0.03599999999996342 0.0008491909883442002 -3.707647926051905e-05
0.03599999999996342 0.0008991433994234017 -3.925744862879058e-05
0.03599999999996342 0.0009490958105026105 -4.143841799706246e-05
0.03699999999996514 4.995241107899524e-05 -2.180969368262536e-06
0.03699999999996512 9.990482215800374e-05 -4.361938736525654e-06
0.03699999999996516 0.000149857233236985 -6.542908104787577e-06
0.03699999999996514 0.0001998096443159382 -8.723877473048277e-06
0.03699999999996514 0.000249762055394903 -1.090484684130949e-05
0.03699999999996514 0.0002997144664738605 -1.308581620957037e-05
0.03699999999996514 0.0003496668775527948 -1.526678557783025e-05
0.03699999999996514 0.0003996192886317671 -1.744775494609178e-05
0.03699999999996514 0.0004495716997107013 -1.962872431435166e-05
0.03699999999996513 0.0004995241107896376 -2.180969368261161e-05
0.03699999999996514 0.0005494765218688853 -2.399066305088517e-05
0.03699999999996514 0.0005994289329480944 -2.617163241915704e-05
0.03699999999996514 0.0006493813440272953 -2.835260178742857e-05
0.03699999999996514 0.000699333755106551 -3.053357115570248e-05
0.03699999999996514 0.0007492861661857476 -3.271454052397381e-05
0.03699999999996514 0.0007992385772649448 -3.489550989224515e-05
0.03699999999996514 0.0008491909883442002 -3.707647926051905e-05
0.03699999999996514 0.0008991433994234012 -3.925744862879056e-05
0.03699999999996514 0.0009490958105026102 -4.143841799706246e-05
0.03799999999996845 4.995241107899523e-05 -2.180969368262535e-06
0.03799999999996845 9.990482215800378e-05 -4.361938736525654e-06
0.03799999999996843 0.000149857233236985 -6.542908104787578e-06
0.03799999999996844 0.0001998096443159382 -8.723877473048277e-06
0.03799999999996845 0.000249762055394903 -1.090484684130949e-05
0.03799999999996845 0.0002997144664738605 -1.308581620957037e-05
0.03799999999996845 0.0003496668775527948 -1.526678557783025e-05
0.03799999999996845 0.000399619288631767 -1.744775494609178e-05
0.03799999999996845 0.0004495716997107013 -1.962872431435166e-05
0.03799999999996845 0.0004995241107896376 -2.180969368261162e-05
0.03799999999996845 0.0005494765218688853 -2.399066305088518e-05
0.03799999999996845 0.0005994289329480944 -2.617163241915705e-05
0.03799999999996845 0.0006493813440272953 -2.835260178742857e-05
0.03799999999996845 0.0006993337551065508 -3.053357115570248e-05
0.03799999999996844 0.0007492861661857476 -3.271454052397381e-05
0.03799999999996845 0.0007992385772649448 -3.489550989224515e-05
0.03799999999996845 0.0008491909883442003 -3.707647926051905e-05
0.03799999999996845 0.0008991433994234013 -3.925744862879057e-05
0.03799999999996845 0.0009490958105026104 -4.143841799706246e-05
0.03899999999997017 4.995241107899524e-05 -2.180969368262536e-06
0.03899999999997018 9.990482215800376e-05 -4.361938736525654e-06
0.0389999999999702 0.000149857233236985 -6.542908104787577e-06
0.03899999999997018 0.0001998096443159382 -8.723877473048277e-06
0.03899999999997018 0.000249762055394903 -1.090484684130949e-05
0.03899999999997018 0.0002997144664738605 -1.308581620957037e-05
0.03899999999997018 0.0003496668775527948 -1.526678557783025e-05
0.03899999999997018 0.000399619288631767 -1.744775494609178e-05
0.03899999999997018 0.0004495716997107012 -1.962872431435165e-05
0.03899999999997018 0.0004995241107896374 -2.180969368261162e-05
0.03899999999997018 0.0005494765218688853 -2.399066305088517e-05
0.03899999999997018 0.0005994289329480944 -2.617163241915705e-05
0.03899999999997018 0.0006493813440272953 -2.835260178742858e-05
0.03899999999997018 0.0006993337551065511 -3.053357115570249e-05
0.03899999999997018 0.0007492861661857477 -3.27145405239738e-05
0.03899999999997018 0.0007992385772649448 -3.489550989224515e-05
0.03899999999997018 0.0008491909883442002 -3.707647926051905e-05
0.03899999999997018 0.0008991433994234013 -3.925744862879058e-05
0.03899999999997018 0.0009490958105026104 -4.143841799706245e-05
0.03999999999997369 4.995241107899523e-05 -2.180969368262536e-06
0.0399999999999737 9.990482215800378e-05 -4.361938736525654e-06
0.0399999999999737 0.000149857233236985 -6.542908104787576e-06
0.0399999999999737 0.0001998096443159382 -8.723877473048277e-06
0.0399999999999737 0.000249762055394903 -1.090484684130949e-05
0.03999999999997373 0.0002997144664738606 -1.308581620957037e-05
0.0399999999999737 0.0003496668775527948 -1.526678557783025e-05
0.03999999999997371 0.000399619288631767 -1.744775494609178e-05
0.03999999999997371 0.0004495716997107012 -1.962872431435166e-05
0.03999999999997371 0.0004995241107896377 -2.180969368261162e-05
0.03999999999997372 0.0005494765218688853 -2.399066305088517e-05
0.03999999999997372 0.0005994289329480944 -2.617163241915704e-05
0.0399999999999737 0.0006493813440272956 -2.835260178742857e-05
0.03999999999997372 0.0006993337551065512 -3.053357115570248e-05
0.03999999999997371 0.0007492861661857477 -3.271454052397382e-05
0.03999999999997371 0.0007992385772649447 -3.489550989224515e-05
0.03999999999997371 0.0008491909883442002 -3.707647926051905e-05
0.03999999999997371 0.0008991433994234013 -3.925744862879056e-05
0.03999999999997372 0.0009490958105026105 -4.143841799706245e-05
0.04099999999997562 4.995241107899524e-05 -2.180969368262536e-06
0.04099999999997561 9.990482215800377e-05 -4.361938736525653e-06
0.04099999999997562 0.000149857233236985 -6.542908104787577e-06
0.04099999999997561 0.0001998096443159382 -8.723877473048275e-06
0.04099999999997563 0.000249762055394903 -1.090484684130949e-05
0.04099999999997563 0.0002997144664738605 -1.308581620957037e-05
0.0409999999999756 0.0003496668775527948 -1.526678557783025e-05
0.04099999999997561 0.000399619288631767 -1.744775494609178e-05
0.04099999999997561 0.0004495716997107012 -1.962872431435165e-05
0.04099999999997561 0.0004995241107896376 -2.180969368261162e-05
0.04099999999997561 0.0005494765218688853 -2.399066305088518e-05
0.04099999999997561 0.0005994289329480944 -2.617163241915705e-05
0.0409999999999756 0.0006493813440272953 -2.835260178742857e-05
0.04099999999997561 0.0006993337551065513 -3.053357115570249e-05
0.0409999999999756 0.0007492861661857477 -3.271454052397381e-05
0.04099999999997561 0.0007992385772649448 -3.489550989224516e-05
0.04099999999997561 0.0008491909883442002 -3.707647926051905e-05
0.04099999999997561 0.0008991433994234013 -3.925744862879057e-05
0.04099999999997561 0.0009490958105026104 -4.143841799706246e-05
0.04199999999997896 4.995241107899522e-05 -2.180969368262536e-06
0.04199999999997896 9.990482215800376e-05 -4.361938736525653e-06
0.04199999999997896 0.000149857233236985 -6.542908104787578e-06
0.04199999999997896 0.0001998096443159382 -8.723877473048277e-06
0.04199999999997898 0.000249762055394903 -1.090484684130948e-05
0.04199999999997897 0.0002997144664738605 -1.308581620957037e-05
0.04199999999997898 0.0003496668775527948 -1.526678557783025e-05
0.04199999999997896 0.000399619288631767 -1.744775494609178e-05
0.04199999999997897 0.0004495716997107012 -1.962872431435165e-05
0.04199999999997897 0.0004995241107896374 -2.180969368261161e-05
0.04199999999997897 0.0005494765218688853 -2.399066305088516e-05
0.04199999999997896 0.0005994289329480946 -2.617163241915706e-05
0.04199999999997898 0.0006493813440272953 -2.835260178742857e-05
0.04199999999997896 0.000699333755106551 -3.053357115570248e-05
0.04199999999997898 0.0007492861661857477 -3.271454052397381e-05
0.04199999999997896 0.0007992385772649447 -3.489550989224515e-05
0.04199999999997896 0.0008491909883442002 -3.707647926051905e-05
0.04199999999997896 0.0008991433994234012 -3.925744862879057e-05
0.04199999999997897 0.0009490958105026105 -4.143841799706246e-05
0.04299999999998103 4.995241107899524e-05 -2.180969368262536e-06
0.04299999999998102 9.990482215800374e-05 -4.361938736525654e-06
0.04299999999998101 0.0001498572332369849 -6.542908104787576e-06
0.04299999999998104 0.0001998096443159382 -8.723877473048277e-06
0.04299999999998103 0.000249762055394903 -1.090484684130949e-05
0.04299999999998103 0.0002997144664738606 -1.308581620957037e-05
0.04299999999998103 0.0003496668775527948 -1.526678557783025e-05
0.04299999999998103 0.000399619288631767 -1.744775494609178e-05
0.04299999999998103 0.0004495716997107013 -1.962872431435166e-05
0.04299999999998103 0.0004995241107896376 -2.180969368261162e-05
0.04299999999998103 0.0005494765218688852 -2.399066305088517e-05
0.04299999999998103 0.0005994289329480946 -2.617163241915706e-05
0.04299999999998103 0.0006493813440272953 -2.835260178742857e-05
0.04299999999998103 0.0006993337551065511 -3.053357115570248e-05
0.04299999999998103 0.0007492861661857477 -3.271454052397381e-05
0.04299999999998102 0.0007992385772649448 -3.489550989224515e-05
0.04299999999998103 0.0008491909883442002 -3.707647926051905e-05
0.04299999999998103 0.0008991433994234014 -3.925744862879057e-05
0.04299999999998103 0.0009490958105026102 -4.143841799706246e-05
0.04399999999998421 4.995241107899523e-05 -2.180969368262536e-06
0.04399999999998423 9.990482215800378e-05 -4.361938736525653e-06
0.04399999999998422 0.000149857233236985 -6.542908104787578e-06
0.04399999999998421 0.0001998096443159382 -8.723877473048277e-06
0.04399999999998422 0.000249762055394903 -1.090484684130949e-05
0.04399999999998422 0.0002997144664738605 -1.308581620957037e-05
0.04399999999998422 0.0003496668775527948 -1.526678557783025e-05
0.04399999999998422 0.000399619288631767 -1.744775494609178e-05
0.04399999999998422 0.0004495716997107012 -1.962872431435165e-05
0.04399999999998422 0.0004995241107896377 -2.180969368261162e-05
0.04399999999998422 0.0005494765218688853 -2.399066305088517e-05
0.04399999999998422 0.0005994289329480944 -2.617163241915705e-05
0.04399999999998421 0.0006493813440272952 -2.835260178742857e-05
0.04399999999998422 0.0006993337551065511 -3.053357115570248e-05
0.04399999999998422 0.0007492861661857476 -3.271454052397381e-05
0.04399999999998422 0.0007992385772649448 -3.489550989224515e-05
0.04399999999998422 0.0008491909883442003 -3.707647926051905e-05
0.04399999999998422 0.0008991433994234013 -3.925744862879057e-05
0.04399999999998422 0.0009490958105026104 -4.143841799706246e-05
0.04499999999998644 4.995241107899525e-05 -2.180969368262536e-06
0.04499999999998644 9.990482215800378e-05 -4.361938736525653e-06
0.04499999999998644 0.000149857233236985 -6.542908104787578e-06
0.04499999999998645 0.0001998096443159382 -8.723877473048277e-06
0.04499999999998645 0.000249762055394903 -1.090484684130949e-05
0.04499999999998644 0.0002997144664738606 -1.308581620957037e-05
0.04499999999998644 0.0003496668775527948 -1.526678557783025e-05
0.04499999999998644 0.000399619288631767 -1.744775494609178e-05
0.04499999999998644 0.0004495716997107013 -1.962872431435166e-05
0.04499999999998644 0.0004995241107896374 -2.180969368261162e-05
0.04499999999998644 0.0005494765218688852 -2.399066305088517e-05
0.04499999999998644 0.0005994289329480944 -2.617163241915705e-05
0.04499999999998644 0.0006493813440272953 -2.835260178742857e-05
0.04499999999998644 0.0006993337551065511 -3.053357115570248e-05
0.04499999999998644 0.0007492861661857476 -3.271454052397381e-05
0.04499999999998644 0.0007992385772649447 -3.489550989224515e-05
0.04499999999998644 0.0008491909883442002 -3.707647926051905e-05
0.04499999999998644 0.0008991433994234013 -3.925744862879057e-05
0.04499999999998643 0.0009490958105026105 -4.143841799706246e-05
0.04599999999998946 4.995241107899523e-05 -2.180969368262537e-06
0.04599999999998949 9.990482215800378e-05 -4.361938736525653e-06
0.04599999999998947 0.000149857233236985 -6.542908104787576e-06
0.04599999999998947 0.0001998096443159382 -8.723877473048275e-06
0.04599999999998948 0.000249762055394903 -1.090484684130949e-05
0.04599999999998947 0.0002997144664738606 -1.308581620957037e-05
0.04599999999998948 0.0003496668775527947 -1.526678557783025e-05
0.04599999999998948 0.0003996192886317671 -1.744775494609178e-05
0.04599999999998947 0.0004495716997107012 -1.962872431435165e-05
0.04599999999998947 0.0004995241107896376 -2.180969368261162e-05
0.04599999999998947 0.0005494765218688854 -2.399066305088516e-05
0.04599999999998949 0.0005994289329480944 -2.617163241915705e-05
0.04599999999998948 0.0006493813440272953 -2.835260178742857e-05
0.04599999999998948 0.0006993337551065511 -3.053357115570248e-05
0.04599999999998945 0.0007492861661857476 -3.271454052397381e-05
0.04599999999998949 0.0007992385772649447 -3.489550989224516e-05
0.04599999999998949 0.0008491909883442002 -3.707647926051905e-05
0.04599999999998949 0.0008991433994234013 -3.925744862879056e-05
0.04599999999998948 0.0009490958105026105 -4.143841799706246e-05
0.04699999999999187 4.995241107899523e-05 -2.180969368262537e-06
0.04699999999999187 9.990482215800377e-05 -4.361938736525653e-06
0.0469999999999919 0.0001498572332369849 -6.542908104787575e-06
0.04699999999999186 0.0001998096443159382 -8.723877473048277e-06
0.04699999999999185 0.000249762055394903 -1.090484684130949e-05
0.04699999999999187 0.0002997144664738605 -1.308581620957038e-05
0.04699999999999189 0.0003496668775527948 -1.526678557783025e-05
0.04699999999999187 0.000399619288631767 -1.744775494609178e-05
0.04699999999999188 0.0004495716997107012 -1.962872431435166e-05
0.04699999999999186 0.0004995241107896374 -2.180969368261162e-05
0.04699999999999185 0.0005494765218688852 -2.399066305088517e-05
0.04699999999999185 0.0005994289329480943 -2.617163241915705e-05
0.04699999999999187 0.0006493813440272953 -2.835260178742857e-05
0.04699999999999187 0.000699333755106551 -3.053357115570248e-05
0.04699999999999189 0.0007492861661857476 -3.271454052397381e-05
0.04699999999999188 0.0007992385772649447 -3.489550989224515e-05
0.04699999999999189 0.0008491909883442002 -3.707647926051905e-05
0.04699999999999185 0.0008991433994234013 -3.925744862879056e-05
0.04699999999999187 0.0009490958105026104 -4.143841799706246e-05
0.04799999999999473 4.995241107899524e-05 -2.180969368262537e-06
0.04799999999999473 9.990482215800377e-05 -4.361938736525653e-06
0.04799999999999475 0.000149857233236985 -6.542908104787578e-06
0.04799999999999474 0.0001998096443159382 -8.723877473048277e-06
0.04799999999999476 0.000249762055394903 -1.090484684130949e-05
0.04799999999999474 0.0002997144664738605 -1.308581620957037e-05
0.04799999999999473 0.0003496668775527948 -1.526678557783025e-05
0.04799999999999473 0.000399619288631767 -1.744775494609178e-05
0.04799999999999473 0.0004495716997107013 -1.962872431435166e-05
0.04799999999999474 0.0004995241107896377 -2.180969368261162e-05
0.04799999999999474 0.0005494765218688852 -2.399066305088517e-05
0.04799999999999472 0.0005994289329480943 -2.617163241915705e-05
0.04799999999999474 0.0006493813440272952 -2.835260178742857e-05
0.04799999999999474 0.000699333755106551 -3.053357115570248e-05
0.04799999999999474 0.0007492861661857477 -3.271454052397382e-05
0.04799999999999473 0.0007992385772649448 -3.489550989224515e-05
0.04799999999999473 0.0008491909883442002 -3.707647926051905e-05
0.04799999999999473 0.0008991433994234013 -3.925744862879056e-05
0.04799999999999473 0.0009490958105026106 -4.143841799706246e-05
0.04899999999999729 4.995241107899524e-05 -2.180969368262535e-06
0.04899999999999729 9.990482215800378e-05 -4.361938736525654e-06
0.0489999999999973 0.000149857233236985 -6.542908104787578e-06
0.0489999999999973 0.0001998096443159382 -8.723877473048277e-06
0.04899999999999729 0.000249762055394903 -1.090484684130949e-05
0.0489999999999973 0.0002997144664738606 -1.308581620957037e-05
0.04899999999999729 0.0003496668775527948 -1.526678557783025e-05
0.04899999999999728 0.000399619288631767 -1.744775494609178e-05
0.0489999999999973 0.0004495716997107012 -1.962872431435166e-05
0.0489999999999973 0.0004995241107896374 -2.180969368261161e-05
0.04899999999999729 0.0005494765218688853 -2.399066305088517e-05
0.0489999999999973 0.0005994289329480944 -2.617163241915705e-05
0.04899999999999728 0.0006493813440272953 -2.835260178742857e-05
0.04899999999999728 0.0006993337551065511 -3.053357115570248e-05
0.0489999999999973 0.0007492861661857476 -3.271454052397381e-05
0.0489999999999973 0.0007992385772649448 -3.489550989224516e-05
0.04899999999999729 0.0008491909883442002 -3.707647926051905e-05
0.04899999999999729 0.0008991433994234013 -3.925744862879056e-05
0.04899999999999729 0.0009490958105026105 -4.143841799706246e-05
2 2 0 441
1477
1478
1479
1480
1481
1482
1483
1484
1485
1486
1487
1488
1489
1490
1491
1492
1493
1494
1495
1496
1497
1498
1499
1500
1501
1502
1503
1504
1505
1506
1507
1508
1509
1510
1511
1512
1513
1514
1515
1516
1517
1518
1519
1520
1521
1522
1523
1524
1525
1526
1527
1528
1529
1530
1531
1532
1533
1534
1535
1536
1537
1538
1539
1540
1541
1542
1543
1544
1545
1546
1547
1548
1549
1550
1551
1552
1553
1554
1555
1556
1557
1558
1559
1560
1561
1562
1563
1564
1565
1566
1567
1568
1569
1570
1571
1572
1573
1574
1575
1576
1577
1578
1579
1580
1581
1582
1583
1584
1585
1586
1587
1588
1589
1590
1591
1592
1593
1594
1595
1596
1597
1598
1599
1600
1601
1602
1603
1604
1605
1606
1607
1608
1609
1610
1611
1612
1613
1614
1615
1616
1617
1618
1619
1620
1621
1622
1623
1624
1625
1626
1627
1628
1629
1630
1631
1632
1633
1634
1635
1636
1637
1638
1639
1640
1641
1642
1643
1644
1645
1646
1647
1648
1649
1650
1651
1652
1653
1654
1655
1656
1657
1658
1659
1660
1661
1662
1663
1664
1665
1666
1667
1668
1669
1670
1671
1672
1673
1674
1675
1676
1677
1678
1679
1680
1681
1682
1683
1684
1685
1686
1687
1688
1689
1690
1691
1692
1693
1694
1695
1696
1697
1698
1699
1700
1701
1702
1703
1704
1705
1706
1707
1708
1709
1710
1711
1712
1713
1714
1715
1716
1717
1718
1719
1720
1721
1722
1723
1724
1725
1726
1727
1728
1729
1730
1731
1732
1733
1734
1735
1736
1737
1738
1739
1740
1741
1742
1743
1744
1745
1746
1747
1748
1749
1750
1751
1752
1753
1754
1755
1756
1757
1758
1759
1760
1761
1762
1763
1764
1765
1766
1767
1768
1769
1770
1771
1772
1773
1774
1775
1776
1777
1778
1779
1780
1781
1782
1783
1784
1785
1786
1787
1788
1789
1790
1791
1792
1793
1794
1795
1796
1797
1798
1799
1800
1801
1802
1803
1804
1805
1806
1807
1808
1809
1810
1811
1812
1813
1814
1815
1816
1817
1818
1819
1820
1821
1822
1823
1824
1825
1826
1827
1828
1829
1830
1831
1832
1833
1834
1835
1836
1837
1838
1839
1840
1841
1842
1843
1844
1845
1846
1847
1848
1849
1850
1851
1852
1853
1854
1855
1856
1857
1858
1859
1860
1861
1862
1863
1864
1865
1866
1867
1868
1869
1870
1871
1872
1873
1874
1875
1876
1877
1878
1879
1880
1881
1882
1883
1884
1885
1886
1887
1888
1889
1890
1891
1892
1893
1894
1895
1896
1897
1898
1899
1900
1901
1902
1903
1904
1905
1906
1907
1908
1909
1910
1911
1912
1913
1914
1915
1916
1917
0.0009999999999981966 0.001049000632660908 -4.580035673360094e-05
0.0009999999999981966 0.001098953043739874 -4.798132610186219e-05
0.0009999999999981966 0.001148905454818754 -5.016229547011974e-05
0.0009999999999981968 0.001198857865897805 -5.234326483838469e-05
0.0009999999999981968 0.001248810276976687 -5.452423420664225e-05
0.0009999999999981968 0.001298762688055991 -5.670520357491827e-05
0.000999999999998197 0.001348715099135126 -5.888617294318692e-05
0.0009999999999981968 0.001398667510214346 -6.106714231145926e-05
0.0009999999999981968 0.001448619921293481 -6.324811167972793e-05
0.001999999999996261 0.001049000632660908 -4.580035673360094e-05
0.001999999999996261 0.001098953043739874 -4.798132610186219e-05
0.00199999999999626 0.001148905454818755 -5.016229547011974e-05
0.001999999999996262 0.001198857865897805 -5.234326483838469e-05
0.001999999999996261 0.001248810276976687 -5.452423420664225e-05
0.00199999999999626 0.001298762688055991 -5.670520357491827e-05
0.00199999999999626 0.001348715099135126 -5.888617294318691e-05
0.001999999999996261 0.001398667510214346 -6.106714231145926e-05
0.00199999999999626 0.001448619921293481 -6.324811167972793e-05
0.002999999999994155 0.001049000632660908 -4.580035673360094e-05
0.002999999999994157 0.001098953043739874 -4.798132610186218e-05
0.002999999999994157 0.001148905454818755 -5.016229547011972e-05
0.002999999999994157 0.001198857865897805 -5.234326483838469e-05
0.002999999999994157 0.001248810276976687 -5.452423420664225e-05
0.002999999999994157 0.001298762688055991 -5.670520357491827e-05
0.002999999999994157 0.001348715099135126 -5.888617294318692e-05
0.002999999999994157 0.001398667510214346 -6.106714231145926e-05
0.002999999999994157 0.001448619921293481 -6.324811167972793e-05
0.003999999999992682 0.001049000632660908 -4.580035673360093e-05
0.003999999999992682 0.001098953043739874 -4.798132610186219e-05
0.003999999999992682 0.001148905454818754 -5.016229547011973e-05
0.003999999999992682 0.001198857865897805 -5.234326483838469e-05
0.003999999999992681 0.001248810276976687 -5.452423420664225e-05
0.003999999999992683 0.001298762688055991 -5.67052035749183e-05
0.003999999999992683 0.001348715099135126 -5.888617294318692e-05
0.003999999999992683 0.001398667510214346 -6.106714231145926e-05
0.003999999999992683 0.001448619921293482 -6.324811167972793e-05
0.004999999999991242 0.001049000632660908 -4.580035673360093e-05
0.004999999999991246 0.001098953043739874 -4.798132610186218e-05
0.004999999999991244 0.001148905454818755 -5.016229547011971e-05
0.004999999999991242 0.001198857865897805 -5.234326483838469e-05
0.004999999999991244 0.001248810276976686 -5.452423420664225e-05
0.004999999999991244 0.001298762688055991 -5.670520357491827e-05
0.004999999999991244 0.001348715099135126 -5.888617294318692e-05
0.004999999999991245 0.001398667510214346 -6.106714231145926e-05
0.004999999999991245 0.001448619921293482 -6.324811167972794e-05
0.005999999999989781 0.001049000632660908 -4.580035673360094e-05
0.00599999999998978 0.001098953043739874 -4.798132610186219e-05
0.005999999999989783 0.001148905454818755 -5.016229547011972e-05
0.005999999999989779 0.001198857865897805 -5.234326483838468e-05
0.005999999999989783 0.001248810276976687 -5.452423420664225e-05
0.005999999999989782 0.001298762688055991 -5.670520357491827e-05
0.005999999999989783 0.001348715099135126 -5.888617294318691e-05
0.005999999999989781 0.001398667510214346 -6.106714231145926e-05
0.005999999999989781 0.001448619921293481 -6.324811167972793e-05
0.006999999999987296 0.001049000632660908 -4.580035673360093e-05
0.006999999999987296 0.001098953043739874 -4.798132610186219e-05
0.006999999999987296 0.001148905454818755 -5.016229547011974e-05
0.006999999999987294 0.001198857865897805 -5.234326483838467e-05
0.006999999999987294 0.001248810276976687 -5.452423420664225e-05
0.006999999999987296 0.001298762688055991 -5.670520357491827e-05
0.006999999999987296 0.001348715099135126 -5.888617294318692e-05
0.006999999999987294 0.001398667510214346 -6.106714231145926e-05
0.006999999999987295 0.001448619921293481 -6.324811167972793e-05
0.007999999999984422 0.001049000632660909 -4.580035673360093e-05
0.007999999999984426 0.001098953043739874 -4.798132610186219e-05
0.007999999999984426 0.001148905454818754 -5.016229547011973e-05
0.007999999999984426 0.001198857865897805 -5.234326483838468e-05
0.007999999999984426 0.001248810276976687 -5.452423420664225e-05
0.007999999999984426 0.001298762688055991 -5.670520357491827e-05
0.007999999999984426 0.001348715099135126 -5.888617294318692e-05
0.007999999999984426 0.001398667510214346 -6.106714231145926e-05
0.007999999999984426 0.001448619921293481 -6.324811167972793e-05
0.008999999999981542 0.001049000632660908 -4.580035673360094e-05
0.008999999999981542 0.001098953043739874 -4.798132610186219e-05
0.008999999999981542 0.001148905454818754 -5.016229547011972e-05
0.008999999999981544 0.001198857865897805 -5.234326483838469e-05
0.008999999999981544 0.001248810276976687 -5.452423420664225e-05
0.008999999999981544 0.001298762688055991 -5.670520357491827e-05
0.008999999999981544 0.001348715099135126 -5.88861729431869e-05
0.008999999999981544 0.001398667510214346 -6.106714231145926e-05
0.008999999999981544 0.001448619921293481 -6.324811167972793e-05
0.009999999999978009 0.001049000632660908 -4.580035673360093e-05
0.009999999999978007 0.001098953043739874 -4.798132610186219e-05
0.009999999999978006 0.001148905454818755 -5.016229547011973e-05
0.009999999999978007 0.001198857865897805 -5.234326483838469e-05
0.009999999999978007 0.001248810276976687 -5.452423420664225e-05
0.009999999999978006 0.001298762688055991 -5.670520357491827e-05
0.009999999999978006 0.001348715099135126 -5.888617294318692e-05
0.009999999999978007 0.001398667510214346 -6.106714231145926e-05
0.009999999999978006 0.001448619921293482 -6.324811167972794e-05
0.01099999999997514 0.001049000632660908 -4.580035673360094e-05
0.01099999999997513 0.001098953043739874 -4.798132610186219e-05
0.01099999999997514 0.001148905454818754 -5.016229547011972e-05
0.01099999999997513 0.001198857865897805 -5.234326483838469e-05
0.01099999999997514 0.001248810276976687 -5.452423420664225e-05
0.01099999999997514 0.001298762688055991 -5.670520357491827e-05
0.01099999999997514 0.001348715099135126 -5.888617294318692e-05
0.01099999999997513 0.001398667510214346 -6.106714231145926e-05
0.01099999999997513 0.001448619921293481 -6.324811167972793e-05
0.01199999999997227 0.001049000632660908 -4.580035673360093e-05
0.01199999999997227 0.001098953043739874 -4.798132610186219e-05
0.01199999999997227 0.001148905454818754 -5.016229547011972e-05
0.01199999999997227 0.001198857865897805 -5.234326483838468e-05
0.01199999999997227 0.001248810276976687 -5.452423420664225e-05
0.01199999999997227 0.001298762688055991 -5.670520357491826e-05
0.01199999999997227 0.001348715099135126 -5.888617294318692e-05
0.01199999999997227 0.001398667510214346 -6.106714231145926e-05
0.01199999999997227 0.001448619921293482 -6.324811167972793e-05
0.0129999999999694 0.001049000632660908 -4.580035673360093e-05
0.0129999999999694 0.001098953043739874 -4.798132610186219e-05
0.0129999999999694 0.001148905454818754 -5.016229547011973e-05
0.0129999999999694 0.001198857865897805 -5.234326483838468e-05
0.0129999999999694 0.001248810276976687 -5.452423420664225e-05
0.0129999999999694 0.001298762688055991 -5.670520357491827e-05
0.0129999999999694 0.001348715099135126 -5.888617294318692e-05
0.0129999999999694 0.001398667510214346 -6.106714231145926e-05
0.0129999999999694 0.001448619921293481 -6.324811167972793e-05
0.01399999999996652 0.001049000632660908 -4.580035673360094e-05
0.01399999999996653 0.001098953043739874 -4.79813261018622e-05
0.01399999999996652 0.001148905454818755 -5.016229547011972e-05
0.01399999999996653 0.001198857865897805 -5.234326483838467e-05
0.01399999999996653 0.001248810276976687 -5.452423420664225e-05
0.01399999999996653 0.001298762688055991 -5.670520357491827e-05
0.01399999999996653 0.001348715099135126 -5.888617294318692e-05
0.01399999999996653 0.001398667510214346 -6.106714231145926e-05
0.01399999999996653 0.001448619921293481 -6.32481116797279e-05
0.01499999999996365 0.001049000632660908 -4.580035673360093e-05
0.01499999999996366 0.001098953043739874 -4.798132610186219e-05
0.01499999999996365 0.001148905454818755 -5.016229547011974e-05
0.01499999999996365 0.001198857865897805 -5.234326483838468e-05
0.01499999999996365 0.001248810276976687 -5.452423420664225e-05
0.01499999999996365 0.001298762688055991 -5.670520357491827e-05
0.01499999999996365 0.001348715099135126 -5.888617294318692e-05
0.01499999999996365 0.001398667510214346 -6.106714231145926e-05
0.01499999999996365 0.001448619921293482 -6.324811167972793e-05
0.01599999999996079 0.001049000632660908 -4.580035673360093e-05
0.01599999999996079 0.001098953043739874 -4.79813261018622e-05
0.01599999999996079 0.001148905454818755 -5.016229547011971e-05
0.01599999999996079 0.001198857865897805 -5.234326483838469e-05
0.01599999999996079 0.001248810276976687 -5.452423420664225e-05
0.01599999999996079 0.001298762688055991 -5.670520357491826e-05
0.01599999999996079 0.001348715099135126 -5.888617294318692e-05
0.01599999999996079 0.001398667510214346 -6.106714231145928e-05
0.01599999999996079 0.001448619921293482 -6.324811167972793e-05
0.01699999999995792 0.001049000632660908 -4.580035673360094e-05
0.01699999999995792 0.001098953043739874 -4.798132610186219e-05
0.01699999999995792 0.001148905454818755 -5.016229547011972e-05
0.01699999999995792 0.001198857865897805 -5.234326483838466e-05
0.01699999999995792 0.001248810276976687 -5.452423420664225e-05
0.01699999999995792 0.001298762688055991 -5.670520357491827e-05
0.01699999999995792 0.001348715099135126 -5.888617294318692e-05
0.01699999999995792 0.001398667510214346 -6.106714231145926e-05
0.01699999999995792 0.001448619921293481 -6.324811167972794e-05
0.01799999999995505 0.001049000632660908 -4.580035673360093e-05
0.01799999999995505 0.001098953043739874 -4.798132610186219e-05
0.01799999999995505 0.001148905454818754 -5.016229547011971e-05
0.01799999999995505 0.001198857865897805 -5.234326483838467e-05
0.01799999999995505 0.001248810276976687 -5.452423420664225e-05
0.01799999999995505 0.001298762688055991 -5.670520357491827e-05
0.01799999999995505 0.001348715099135126 -5.888617294318692e-05
0.01799999999995505 0.001398667510214346 -6.106714231145928e-05
0.01799999999995505 0.001448619921293481 -6.324811167972793e-05
0.01899999999995106 0.001049000632660908 -4.580035673360093e-05
0.01899999999995106 0.001098953043739874 -4.798132610186219e-05
0.01899999999995105 0.001148905454818754 -5.016229547011971e-05
0.01899999999995106 0.001198857865897805 -5.234326483838468e-05
0.01899999999995106 0.001248810276976687 -5.452423420664225e-05
0.01899999999995106 0.001298762688055991 -5.670520357491827e-05
0.01899999999995106 0.001348715099135126 -5.888617294318692e-05
0.01899999999995106 0.001398667510214346 -6.106714231145926e-05
0.01899999999995106 0.001448619921293481 -6.324811167972793e-05
0.01999999999994794 0.001049000632660908 -4.580035673360093e-05
0.01999999999994795 0.001098953043739874 -4.798132610186219e-05
0.01999999999994795 0.001148905454818754 -5.016229547011973e-05
0.01999999999994795 0.001198857865897805 -5.234326483838469e-05
0.01999999999994795 0.001248810276976687 -5.452423420664225e-05
0.01999999999994795 0.001298762688055991 -5.670520357491826e-05
0.01999999999994795 0.001348715099135126 -5.888617294318692e-05
0.01999999999994794 0.001398667510214346 -6.106714231145926e-05
0.01999999999994795 0.001448619921293482 -6.324811167972793e-05
0.02099999999994507 0.001049000632660908 -4.580035673360094e-05
0.02099999999994508 0.001098953043739874 -4.798132610186219e-05
0.02099999999994509 0.001148905454818754 -5.016229547011973e-05
0.02099999999994508 0.001198857865897805 -5.234326483838468e-05
0.02099999999994508 0.001248810276976687 -5.452423420664225e-05
0.02099999999994508 0.001298762688055991 -5.670520357491827e-05
0.02099999999994508 0.001348715099135126 -5.888617294318692e-05
0.02099999999994508 0.001398667510214346 -6.106714231145926e-05
0.02099999999994508 0.001448619921293481 -6.324811167972791e-05
0.0219999999999422 0.001049000632660908 -4.580035673360094e-05
0.02199999999994221 0.001098953043739874 -4.798132610186218e-05
0.02199999999994221 0.001148905454818754 -5.016229547011972e-05
0.02199999999994222 0.001198857865897805 -5.234326483838468e-05
0.02199999999994222 0.001248810276976687 -5.452423420664225e-05
0.02199999999994221 0.001298762688055991 -5.670520357491827e-05
0.0219999999999422 0.001348715099135126 -5.888617294318692e-05
0.02199999999994221 0.001398667510214346 -6.106714231145926e-05
0.0219999999999422 0.001448619921293481 -6.324811167972791e-05
0.02299999999993933 0.001049000632660908 -4.580035673360093e-05
0.02299999999993933 0.001098953043739874 -4.798132610186219e-05
0.02299999999993934 0.001148905454818754 -5.016229547011973e-05
0.02299999999993933 0.001198857865897805 -5.234326483838469e-05
0.02299999999993934 0.001248810276976687 -5.452423420664225e-05
0.02299999999993934 0.001298762688055991 -5.670520357491827e-05
0.02299999999993933 0.001348715099135126 -5.888617294318692e-05
0.02299999999993934 0.001398667510214346 -6.106714231145926e-05
0.02299999999993934 0.001448619921293482 -6.324811167972793e-05
0.02399999999993647 0.001049000632660909 -4.580035673360094e-05
0.02399999999993648 0.001098953043739874 -4.798132610186219e-05
0.02399999999993647 0.001148905454818754 -5.016229547011972e-05
0.02399999999993647 0.001198857865897805 -5.234326483838468e-05
0.02399999999993647 0.001248810276976687 -5.452423420664225e-05
0.02399999999993647 0.001298762688055991 -5.670520357491827e-05
0.02399999999993646 0.001348715099135126 -5.888617294318692e-05
0.02399999999993647 0.001398667510214346 -6.106714231145926e-05
0.02399999999993647 0.001448619921293481 -6.324811167972793e-05
0.02499999999993428 0.001049000632660908 -4.580035673360094e-05
0.02499999999993428 0.001098953043739874 -4.798132610186219e-05
0.02499999999993428 0.001148905454818754 -5.016229547011972e-05
0.02499999999993428 0.001198857865897805 -5.234326483838469e-05
0.02499999999993428 0.001248810276976687 -5.452423420664225e-05
0.02499999999993428 0.001298762688055991 -5.670520357491825e-05
0.02499999999993428 0.001348715099135126 -5.888617294318692e-05
0.02499999999993428 0.001398667510214346 -6.106714231145926e-05
0.02499999999993428 0.001448619921293482 -6.324811167972793e-05
0.02599999999993632 0.001049000632660908 -4.580035673360094e-05
0.0259999999999363 0.001098953043739874 -4.798132610186219e-05
0.02599999999993632 0.001148905454818754 -5.016229547011973e-05
0.02599999999993631 0.001198857865897805 -5.234326483838468e-05
0.02599999999993631 0.001248810276976687 -5.452423420664225e-05
0.02599999999993631 0.001298762688055991 -5.670520357491826e-05
0.02599999999993631 0.001348715099135126 -5.888617294318692e-05
0.02599999999993631 0.001398667510214346 -6.106714231145926e-05
0.02599999999993631 0.001448619921293482 -6.324811167972793e-05
0.02699999999993894 0.001049000632660908 -4.580035673360094e-05
0.02699999999993893 0.001098953043739874 -4.798132610186219e-05
0.02699999999993894 0.001148905454818755 -5.016229547011972e-05
0.02699999999993894 0.001198857865897805 -5.234326483838469e-05
0.02699999999993894 0.001248810276976687 -5.452423420664225e-05
0.02699999999993894 0.001298762688055991 -5.670520357491826e-05
0.02699999999993894 0.001348715099135126 -5.888617294318692e-05
0.02699999999993894 0.001398667510214346 -6.106714231145926e-05
0.02699999999993894 0.001448619921293481 -6.324811167972793e-05
0.02799999999994172 0.001049000632660908 -4.580035673360093e-05
0.0279999999999417 0.001098953043739874 -4.798132610186219e-05
0.02799999999994172 0.001148905454818754 -5.016229547011973e-05
0.02799999999994172 0.001198857865897805 -5.234326483838468e-05
0.02799999999994172 0.001248810276976687 -5.452423420664225e-05
0.02799999999994172 0.001298762688055991 -5.670520357491827e-05
0.02799999999994173 0.001348715099135126 -5.888617294318692e-05
0.02799999999994172 0.001398667510214346 -6.106714231145926e-05
0.02799999999994172 0.001448619921293481 -6.324811167972791e-05
0.02899999999994429 0.001049000632660908 -4.580035673360094e-05
0.02899999999994426 0.001098953043739874 -4.798132610186219e-05
0.02899999999994428 0.001148905454818754 -5.016229547011972e-05
0.02899999999994427 0.001198857865897805 -5.234326483838469e-05
0.02899999999994427 0.001248810276976687 -5.452423420664225e-05
0.02899999999994427 0.001298762688055991 -5.670520357491827e-05
0.02899999999994427 0.001348715099135126 -5.888617294318692e-05
0.02899999999994427 0.001398667510214346 -6.106714231145926e-05
0.02899999999994427 0.001448619921293482 -6.324811167972793e-05
0.02999999999994715 0.001049000632660908 -4.580035673360093e-05
0.02999999999994714 0.001098953043739874 -4.798132610186219e-05
0.02999999999994716 0.001148905454818754 -5.016229547011973e-05
0.02999999999994715 0.001198857865897805 -5.234326483838469e-05
0.02999999999994715 0.001248810276976687 -5.452423420664225e-05
0.02999999999994714 0.001298762688055991 -5.670520357491826e-05
0.02999999999994715 0.001348715099135126 -5.888617294318692e-05
0.02999999999994716 0.001398667510214346 -6.106714231145926e-05
0.02999999999994715 0.001448619921293481 -6.324811167972791e-05
0.0309999999999496 0.001049000632660908 -4.580035673360094e-05
0.03099999999994962 0.001098953043739874 -4.798132610186219e-05
0.0309999999999496 0.001148905454818754 -5.016229547011972e-05
0.03099999999994961 0.001198857865897805 -5.234326483838469e-05
0.03099999999994961 0.001248810276976687 -5.452423420664225e-05
0.03099999999994961 0.001298762688055991 -5.670520357491827e-05
0.03099999999994961 0.001348715099135126 -5.888617294318692e-05
0.03099999999994961 0.001398667510214346 -6.106714231145926e-05
0.03099999999994962 0.001448619921293482 -6.324811167972793e-05
0.03199999999995256 0.001049000632660908 -4.580035673360093e-05
0.03199999999995256 0.001098953043739874 -4.798132610186219e-05
0.03199999999995256 0.001148905454818754 -5.016229547011974e-05
0.03199999999995257 0.001198857865897805 -5.234326483838467e-05
0.03199999999995257 0.001248810276976687 -5.452423420664225e-05
0.03199999999995257 0.001298762688055991 -5.670520357491827e-05
0.03199999999995257 0.001348715099135126 -5.888617294318692e-05
0.03199999999995257 0.001398667510214346 -6.106714231145926e-05
0.03199999999995256 0.001448619921293481 -6.324811167972791e-05
0.03299999999995463 0.001049000632660908 -4.580035673360094e-05
0.03299999999995464 0.001098953043739874 -4.798132610186219e-05
0.03299999999995463 0.001148905454818755 -5.016229547011973e-05
0.03299999999995463 0.001198857865897805 -5.234326483838468e-05
0.03299999999995463 0.001248810276976687 -5.452423420664225e-05
0.03299999999995463 0.001298762688055991 -5.670520357491826e-05
0.03299999999995463 0.001348715099135126 -5.888617294318692e-05
0.03299999999995464 0.001398667510214346 -6.106714231145926e-05
0.03299999999995463 0.001448619921293481 -6.324811167972794e-05
0.03399999999995799 0.001049000632660908 -4.580035673360094e-05
0.03399999999995798 0.001098953043739874 -4.798132610186219e-05
0.03399999999995799 0.001148905454818755 -5.016229547011972e-05
0.03399999999995799 0.001198857865897805 -5.234326483838468e-05
0.03399999999995799 0.001248810276976687 -5.452423420664225e-05
0.03399999999995799 0.001298762688055991 -5.670520357491826e-05
0.03399999999995799 0.001348715099135126 -5.888617294318692e-05
0.03399999999995799 0.001398667510214346 -6.106714231145926e-05
0.03399999999995799 0.001448619921293481 -6.324811167972791e-05
0.03499999999995989 0.001049000632660908 -4.580035673360094e-05
0.03499999999995987 0.001098953043739874 -4.798132610186219e-05
0.03499999999995989 0.001148905454818755 -5.016229547011972e-05
0.0349999999999599 0.001198857865897805 -5.234326483838468e-05
0.0349999999999599 0.001248810276976687 -5.452423420664225e-05
0.03499999999995989 0.001298762688055991 -5.670520357491827e-05
0.03499999999995989 0.001348715099135126 -5.888617294318692e-05
0.0349999999999599 0.001398667510214346 -6.106714231145928e-05
0.03499999999995989 0.001448619921293481 -6.324811167972793e-05
0.03599999999996341 0.001049000632660908 -4.580035673360094e-05
0.03599999999996342 0.001098953043739874 -4.798132610186219e-05
0.03599999999996342 0.001148905454818755 -5.016229547011974e-05
0.03599999999996342 0.001198857865897805 -5.234326483838467e-05
0.03599999999996342 0.001248810276976687 -5.452423420664225e-05
0.03599999999996342 0.001298762688055991 -5.670520357491827e-05
0.03599999999996342 0.001348715099135126 -5.888617294318692e-05
0.03599999999996341 0.001398667510214346 -6.106714231145926e-05
0.03599999999996342 0.001448619921293481 -6.32481116797279e-05
0.03699999999996514 0.001049000632660908 -4.580035673360094e-05
0.03699999999996514 0.001098953043739874 -4.79813261018622e-05
0.03699999999996515 0.001148905454818754 -5.016229547011973e-05
0.03699999999996514 0.001198857865897805 -5.234326483838468e-05
0.03699999999996514 0.001248810276976687 -5.452423420664225e-05
0.03699999999996514 0.001298762688055991 -5.670520357491827e-05
0.03699999999996514 0.001348715099135126 -5.888617294318692e-05
0.03699999999996515 0.001398667510214346 -6.106714231145926e-05
0.03699999999996514 0.001448619921293482 -6.324811167972793e-05
0.03799999999996845 0.001049000632660908 -4.580035673360093e-05
0.03799999999996845 0.001098953043739874 -4.79813261018622e-05
0.03799999999996844 0.001148905454818754 -5.016229547011973e-05
0.03799999999996845 0.001198857865897805 -5.234326483838469e-05
0.03799999999996845 0.001248810276976687 -5.452423420664225e-05
0.03799999999996845 0.001298762688055991 -5.670520357491827e-05
0.03799999999996844 0.001348715099135125 -5.888617294318692e-05
0.03799999999996845 0.001398667510214346 -6.106714231145926e-05
0.03799999999996845 0.001448619921293481 -6.324811167972793e-05
0.03899999999997018 0.001049000632660908 -4.580035673360094e-05
0.0389999999999702 0.001098953043739874 -4.798132610186219e-05
0.0389999999999702 0.001148905454818754 -5.016229547011974e-05
0.03899999999997018 0.001198857865897805 -5.234326483838469e-05
0.03899999999997018 0.001248810276976687 -5.452423420664225e-05
0.03899999999997018 0.001298762688055991 -5.670520357491826e-05
0.03899999999997018 0.001348715099135126 -5.888617294318691e-05
0.03899999999997018 0.001398667510214346 -6.106714231145926e-05
0.03899999999997018 0.001448619921293481 -6.324811167972791e-05
0.0399999999999737 0.001049000632660908 -4.580035673360094e-05
0.03999999999997371 0.001098953043739874 -4.798132610186219e-05
0.03999999999997371 0.001148905454818754 -5.016229547011971e-05
0.03999999999997371 0.001198857865897805 -5.234326483838468e-05
0.03999999999997371 0.001248810276976687 -5.452423420664225e-05
0.03999999999997371 0.001298762688055991 -5.670520357491827e-05
0.0399999999999737 0.001348715099135126 -5.888617294318692e-05
0.0399999999999737 0.001398667510214346 -6.106714231145926e-05
0.03999999999997371 0.001448619921293481 -6.324811167972793e-05
0.04099999999997563 0.001049000632660908 -4.580035673360095e-05
0.04099999999997561 0.001098953043739874 -4.798132610186219e-05
0.04099999999997559 0.001148905454818755 -5.016229547011974e-05
0.04099999999997561 0.001198857865897805 -5.234326483838468e-05
0.04099999999997561 0.001248810276976687 -5.452423420664225e-05
0.04099999999997561 0.001298762688055991 -5.670520357491827e-05
0.04099999999997561 0.001348715099135126 -5.888617294318692e-05
0.04099999999997561 0.001398667510214346 -6.106714231145926e-05
0.04099999999997561 0.001448619921293481 -6.324811167972793e-05
0.04199999999997895 0.001049000632660908 -4.580035673360095e-05
0.04199999999997896 0.001098953043739874 -4.798132610186219e-05
0.04199999999997897 0.001148905454818755 -5.016229547011972e-05
0.04199999999997897 0.001198857865897805 -5.234326483838468e-05
0.04199999999997897 0.001248810276976687 -5.452423420664225e-05
0.04199999999997897 0.001298762688055991 -5.670520357491826e-05
0.04199999999997897 0.001348715099135126 -5.888617294318692e-05
0.04199999999997897 0.001398667510214346 -6.106714231145926e-05
0.04199999999997896 0.001448619921293481 -6.324811167972793e-05
0.04299999999998103 0.001049000632660908 -4.580035673360093e-05
0.04299999999998102 0.001098953043739874 -4.798132610186219e-05
0.04299999999998103 0.001148905454818755 -5.016229547011974e-05
0.04299999999998103 0.001198857865897805 -5.234326483838468e-05
0.04299999999998103 0.001248810276976687 -5.452423420664225e-05
0.04299999999998103 0.001298762688055991 -5.670520357491827e-05
0.04299999999998103 0.001348715099135126 -5.888617294318692e-05
0.04299999999998103 0.001398667510214346 -6.106714231145926e-05
0.04299999999998102 0.001448619921293481 -6.32481116797279e-05
0.04399999999998422 0.001049000632660908 -4.580035673360095e-05
0.04399999999998421 0.001098953043739874 -4.798132610186219e-05
0.04399999999998423 0.001148905454818754 -5.016229547011973e-05
0.04399999999998422 0.001198857865897805 -5.234326483838469e-05
0.04399999999998422 0.001248810276976687 -5.452423420664225e-05
0.04399999999998422 0.001298762688055991 -5.670520357491828e-05
0.04399999999998421 0.001348715099135126 -5.888617294318691e-05
0.04399999999998422 0.001398667510214346 -6.106714231145926e-05
0.04399999999998421 0.001448619921293481 -6.324811167972793e-05
0.04499999999998644 0.001049000632660908 -4.580035673360095e-05
0.04499999999998643 0.001098953043739874 -4.798132610186218e-05
0.04499999999998644 0.001148905454818754 -5.016229547011972e-05
0.04499999999998645 0.001198857865897805 -5.234326483838469e-05
0.04499999999998644 0.001248810276976687 -5.452423420664225e-05
0.04499999999998644 0.001298762688055991 -5.670520357491826e-05
0.04499999999998643 0.001348715099135126 -5.888617294318692e-05
0.04499999999998644 0.001398667510214346 -6.106714231145928e-05
0.04499999999998644 0.001448619921293481 -6.324811167972793e-05
0.04599999999998948 0.001049000632660908 -4.580035673360095e-05
0.04599999999998948 0.001098953043739874 -4.798132610186219e-05
0.04599999999998948 0.001148905454818754 -5.016229547011973e-05
0.04599999999998949 0.001198857865897805 -5.234326483838466e-05
0.04599999999998948 0.001248810276976687 -5.452423420664225e-05
0.04599999999998948 0.001298762688055991 -5.670520357491827e-05
0.04599999999998948 0.001348715099135126 -5.888617294318692e-05
0.04599999999998947 0.001398667510214346 -6.106714231145926e-05
0.04599999999998947 0.001448619921293481 -6.324811167972793e-05
0.04699999999999188 0.001049000632660908 -4.580035673360095e-05
0.04699999999999186 0.001098953043739874 -4.798132610186219e-05
0.04699999999999187 0.001148905454818754 -5.016229547011972e-05
0.04699999999999187 0.001198857865897805 -5.234326483838469e-05
0.04699999999999185 0.001248810276976687 -5.452423420664225e-05
0.04699999999999189 0.001298762688055991 -5.670520357491826e-05
0.04699999999999189 0.001348715099135126 -5.888617294318692e-05
0.04699999999999185 0.001398667510214346 -6.106714231145926e-05
0.04699999999999187 0.001448619921293482 -6.324811167972793e-05
0.04799999999999473 0.001049000632660908 -4.580035673360095e-05
0.04799999999999473 0.001098953043739874 -4.798132610186219e-05
0.04799999999999474 0.001148905454818755 -5.016229547011973e-05
0.04799999999999473 0.001198857865897805 -5.234326483838468e-05
0.04799999999999474 0.001248810276976687 -5.452423420664225e-05
0.04799999999999472 0.001298762688055991 -5.670520357491826e-05
0.04799999999999474 0.001348715099135126 -5.888617294318692e-05
0.04799999999999473 0.001398667510214346 -6.106714231145926e-05
0.04799999999999473 0.001448619921293481 -6.324811167972793e-05
0.04899999999999729 0.001049000632660908 -4.580035673360095e-05
0.04899999999999728 0.001098953043739874 -4.798132610186218e-05
0.04899999999999727 0.001148905454818754 -5.016229547011972e-05
0.04899999999999728 0.001198857865897805 -5.234326483838469e-05
0.04899999999999729 0.001248810276976687 -5.452423420664225e-05
0.0489999999999973 0.001298762688055991 -5.670520357491826e-05
0.0489999999999973 0.001348715099135126 -5.888617294318692e-05
0.04899999999999729 0.001398667510214346 -6.106714231145926e-05
0.0489999999999973 0.001448619921293481 -6.324811167972794e-05
2 3 0 931
1918
1919
1920
1921
1922
1923
1924
1925
1926
1927
1928
1929
1930
1931
1932
1933
1934
1935
1936
1937
1938
1939
1940
1941
1942
1943
1944
1945
1946
1947
1948
1949
1950
1951
1952
1953
1954
1955
1956
1957
1958
1959
1960
1961
1962
1963
1964
1965
1966
1967
1968
1969
1970
1971
1972
1973
1974
1975
1976
1977
1978
1979
1980
1981
1982
1983
1984
1985
1986
1987
1988
1989
1990
1991
1992
1993
1994
1995
1996
1997
1998
1999
2000
2001
2002
2003
2004
2005
2006
2007
2008
2009
2010
2011
2012
2013
2014
2015
2016
2017
2018
2019
2020
2021
2022
2023
2024
2025
2026
2027
2028
2029
2030
2031
2032
2033
2034
2035
2036
2037
2038
2039
2040
2041
2042
2043
2044
2045
2046
2047
2048
2049
2050
2051
2052
2053
2054
2055
2056
2057
2058
2059
2060
2061
2062
2063
2064
2065
2066
2067
2068
2069
2070
2071
2072
2073
2074
2075
2076
2077
2078
2079
2080
2081
2082
2083
2084
2085
2086
2087
2088
2089
2090
2091
2092
2093
2094
2095
2096
2097
2098
2099
2100
2101
2102
2103
2104
2105
2106
2107
2108
2109
2110
2111
2112
2113
2114
2115
2116
2117
2118
2119
2120
2121
2122
2123
2124
2125
2126
2127
2128
2129
2130
2131
2132
2133
2134
2135
2136
2137
2138
2139
2140
2141
2142
2143
2144
2145
2146
2147
2148
2149
2150
2151
2152
2153
2154
2155
2156
2157
2158
2159
2160
2161
2162
2163
2164
2165
2166
2167
2168
2169
2170
2171
2172
2173
2174
2175
2176
2177
2178
2179
2180
2181
2182
2183
2184
2185
2186
2187
2188
2189
2190
2191
2192
2193
2194
2195
2196
2197
2198
2199
2200
2201
2202
2203
2204
2205
2206
2207
2208
2209
2210
2211
2212
2213
2214
2215
2216
2217
2218
2219
2220
2221
2222
2223
2224
2225
2226
2227
2228
2229
2230
2231
2232
2233
2234
2235
2236
2237
2238
2239
2240
2241
2242
2243
2244
2245
2246
2247
2248
2249
2250
2251
2252
2253
2254
2255
2256
2257
2258
2259
2260
2261
2262
2263
2264
2265
2266
2267
2268
2269
2270
2271
2272
2273
2274
2275
2276
2277
2278
2279
2280
2281
2282
2283
2284
2285
2286
2287
2288
2289
2290
2291
2292
2293
2294
2295
2296
2297
2298
2299
2300
2301
2302
2303
2304
2305
2306
2307
2308
2309
2310
2311
2312
2313
2314
2315
2316
2317
2318
2319
2320
2321
2322
2323
2324
2325
2326
2327
2328
2329
2330
2331
2332
2333
2334
2335
2336
2337
2338
2339
2340
2341
2342
2343
2344
2345
2346
2347
2348
2349
2350
2351
2352
2353
2354
2355
2356
2357
2358
2359
2360
2361
2362
2363
2364
2365
2366
2367
2368
2369
2370
2371
2372
2373
2374
2375
2376
2377
2378
2379
2380
2381
2382
2383
2384
2385
2386
2387
2388
2389
2390
2391
2392
2393
2394
2395
2396
2397
2398
2399
2400
2401
2402
2403
2404
2405
2406
2407
2408
2409
2410
2411
2412
2413
2414
2415
2416
2417
2418
2419
2420
2421
2422
2423
2424
2425
2426
2427
2428
2429
2430
2431
2432
2433
2434
2435
2436
2437
2438
2439
2440
2441
2442
2443
2444
2445
2446
2447
2448
2449
2450
2451
2452
2453
2454
2455
2456
2457
2458
2459
2460
2461
2462
2463
2464
2465
2466
2467
2468
2469
2470
2471
2472
2473
2474
2475
2476
2477
2478
2479
2480
2481
2482
2483
2484
2485
2486
2487
2488
2489
2490
2491
2492
2493
2494
2495
2496
2497
2498
2499
2500
2501
2502
2503
2504
2505
2506
2507
2508
2509
2510
2511
2512
2513
2514
2515
2516
2517
2518
2519
2520
2521
2522
2523
2524
2525
2526
2527
2528
2529
2530
2531
2532
2533
2534
2535
2536
2537
2538
2539
2540
2541
2542
2543
2544
2545
2546
2547
2548
2549
2550
2551
2552
2553
2554
2555
2556
2557
2558
2559
2560
2561
2562
2563
2564
2565
2566
2567
2568
2569
2570
2571
2572
2573
2574
2575
2576
2577
2578
2579
2580
2581
2582
2583
2584
2585
2586
2587
2588
2589
2590
2591
2592
2593
2594
2595
2596
2597
2598
2599
2600
2601
2602
2603
2604
2605
2606
2607
2608
2609
2610
2611
2612
2613
2614
2615
2616
2617
2618
2619
2620
2621
2622
2623
2624
2625
2626
2627
2628
2629
2630
2631
2632
2633
2634
2635
2636
2637
2638
2639
2640
2641
2642
2643
2644
2645
2646
2647
2648
2649
2650
2651
2652
2653
2654
2655
2656
2657
2658
2659
2660
2661
2662
2663
2664
2665
2666
2667
2668
2669
2670
2671
2672
2673
2674
2675
2676
2677
2678
2679
2680
2681
2682
2683
2684
2685
2686
2687
2688
2689
2690
2691
2692
2693
2694
2695
2696
2697
2698
2699
2700
2701
2702
2703
2704
2705
2706
2707
2708
2709
2710
2711
2712
2713
2714
2715
2716
2717
2718
2719
2720
2721
2722
2723
2724
2725
2726
2727
2728
2729
2730
2731
2732
2733
2734
2735
2736
2737
2738
2739
2740
2741
2742
2743
2744
2745
2746
2747
2748
2749
2750
2751
2752
2753
2754
2755
2756
2757
2758
2759
2760
2761
2762
2763
2764
2765
2766
2767
2768
2769
2770
2771
2772
2773
2774
2775
2776
2777
2778
2779
2780
2781
2782
2783
2784
2785
2786
2787
2788
2789
2790
2791
2792
2793
2794
2795
2796
2797
2798
2799
2800
2801
2802
2803
2804
2805
2806
2807
2808
2809
2810
2811
2812
2813
2814
2815
2816
2817
2818
2819
2820
2821
2822
2823
2824
2825
2826
2827
2828
2829
2830
2831
2832
2833
2834
2835
2836
2837
2838
2839
2840
2841
2842
2843
2844
2845
2846
2847
2848
0.0009999999999981966 0.001573500948991282 -6.87005351003979e-05
0.0009999999999981966 0.001648429565609862 -7.197198915279555e-05
0.0009999999999981963 0.001723358182228358 -7.524344320518945e-05
0.0009999999999981961 0.001798286798846854 -7.851489725758336e-05
0.0009999999999981961 0.001873215415465349 -8.178635130997729e-05
0.0009999999999981968 0.001948144032083785 -8.505780536236857e-05
0.0009999999999981968 0.00202307264870217 -8.832925941475773e-05
0.0009999999999981966 0.002098001265320582 -9.160071346714798e-05
0.0009999999999981968 0.002172929881939162 -9.487216751954558e-05
0.0009999999999981972 0.002247858498557403 -9.814362157192841e-05
0.0009999999999981972 0.002322787115176134 -0.0001014150756243327
0.0009999999999981966 0.002397715731794901 -0.0001046865296767384
0.0009999999999981968 0.002472644348413836 -0.0001079579837291515
0.0009999999999981968 0.002547572965032619 -0.000111229437781558
0.0009999999999981968 0.002622501581651489 -0.0001145008918339683
0.0009999999999981968 0.002697430198270273 -0.0001177723458863748
0.0009999999999981968 0.002772358814888988 -0.0001210437999387783
0.0009999999999981968 0.002847287431507906 -0.0001243152539911906
0.0009999999999981968 0.002922216048126655 -0.0001275867080435956
0.001999999999996261 0.001573500948991281 -6.87005351003979e-05
0.001999999999996262 0.001648429565609863 -7.197198915279555e-05
0.001999999999996262 0.001723358182228358 -7.524344320518947e-05
0.00199999999999626 0.001798286798846854 -7.851489725758336e-05
0.00199999999999626 0.001873215415465349 -8.178635130997729e-05
0.00199999999999626 0.001948144032083785 -8.50578053623686e-05
0.00199999999999626 0.00202307264870217 -8.832925941475773e-05
0.001999999999996262 0.002098001265320581 -9.160071346714797e-05
0.001999999999996261 0.002172929881939161 -9.487216751954557e-05
0.001999999999996261 0.002247858498557404 -9.814362157192842e-05
0.00199999999999626 0.002322787115176135 -0.0001014150756243327
0.00199999999999626 0.002397715731794901 -0.0001046865296767383
0.00199999999999626 0.002472644348413837 -0.0001079579837291515
0.00199999999999626 0.00254757296503262 -0.000111229437781558
0.00199999999999626 0.002622501581651489 -0.0001145008918339683
0.00199999999999626 0.002697430198270273 -0.0001177723458863748
0.00199999999999626 0.002772358814888989 -0.0001210437999387783
0.00199999999999626 0.002847287431507906 -0.0001243152539911906
0.00199999999999626 0.002922216048126656 -0.0001275867080435956
0.002999999999994155 0.001573500948991282 -6.870053510039791e-05
0.002999999999994156 0.001648429565609862 -7.197198915279555e-05
0.002999999999994156 0.001723358182228358 -7.524344320518947e-05
0.002999999999994157 0.001798286798846853 -7.851489725758338e-05
0.002999999999994156 0.001873215415465349 -8.178635130997729e-05
0.002999999999994156 0.001948144032083784 -8.505780536236863e-05
0.002999999999994157 0.00202307264870217 -8.832925941475773e-05
0.002999999999994156 0.00209800126532058 -9.160071346714797e-05
0.002999999999994158 0.002172929881939161 -9.487216751954558e-05
0.002999999999994157 0.002247858498557403 -9.814362157192841e-05
0.002999999999994158 0.002322787115176135 -0.0001014150756243327
0.002999999999994158 0.002397715731794901 -0.0001046865296767384
0.002999999999994158 0.002472644348413837 -0.0001079579837291515
0.002999999999994157 0.00254757296503262 -0.000111229437781558
0.002999999999994156 0.002622501581651489 -0.0001145008918339683
0.002999999999994157 0.002697430198270273 -0.0001177723458863748
0.002999999999994157 0.002772358814888988 -0.0001210437999387782
0.002999999999994158 0.002847287431507906 -0.0001243152539911906
0.002999999999994158 0.002922216048126656 -0.0001275867080435956
0.003999999999992683 0.001573500948991282 -6.870053510039789e-05
0.003999999999992683 0.001648429565609863 -7.197198915279555e-05
0.003999999999992683 0.001723358182228358 -7.524344320518947e-05
0.003999999999992683 0.001798286798846853 -7.851489725758336e-05
0.003999999999992683 0.001873215415465349 -8.178635130997728e-05
0.003999999999992683 0.001948144032083785 -8.50578053623686e-05
0.003999999999992683 0.00202307264870217 -8.832925941475772e-05
0.003999999999992683 0.002098001265320581 -9.160071346714794e-05
0.003999999999992683 0.002172929881939161 -9.487216751954557e-05
0.003999999999992683 0.002247858498557403 -9.814362157192843e-05
0.003999999999992683 0.002322787115176135 -0.0001014150756243327
0.003999999999992683 0.002397715731794901 -0.0001046865296767384
0.003999999999992683 0.002472644348413836 -0.0001079579837291515
0.003999999999992683 0.00254757296503262 -0.000111229437781558
0.003999999999992682 0.002622501581651489 -0.0001145008918339683
0.003999999999992683 0.002697430198270273 -0.0001177723458863748
0.003999999999992683 0.002772358814888988 -0.0001210437999387783
0.003999999999992683 0.002847287431507906 -0.0001243152539911906
0.003999999999992682 0.002922216048126656 -0.0001275867080435956
0.004999999999991241 0.001573500948991281 -6.87005351003979e-05
0.004999999999991242 0.001648429565609863 -7.197198915279557e-05
0.004999999999991244 0.001723358182228358 -7.524344320518947e-05
0.004999999999991242 0.001798286798846854 -7.851489725758335e-05
0.004999999999991244 0.001873215415465349 -8.178635130997728e-05
0.004999999999991242 0.001948144032083784 -8.505780536236861e-05
0.004999999999991246 0.00202307264870217 -8.832925941475773e-05
0.004999999999991246 0.002098001265320581 -9.160071346714795e-05
0.004999999999991244 0.002172929881939161 -9.487216751954557e-05
0.004999999999991245 0.002247858498557403 -9.814362157192839e-05
0.004999999999991242 0.002322787115176135 -0.0001014150756243327
0.004999999999991244 0.002397715731794901 -0.0001046865296767384
0.004999999999991245 0.002472644348413836 -0.0001079579837291515
0.004999999999991244 0.00254757296503262 -0.000111229437781558
0.004999999999991245 0.002622501581651489 -0.0001145008918339683
0.004999999999991244 0.002697430198270273 -0.0001177723458863748
0.004999999999991245 0.002772358814888987 -0.0001210437999387783
0.004999999999991245 0.002847287431507905 -0.0001243152539911906
0.004999999999991245 0.002922216048126655 -0.0001275867080435956
0.005999999999989778 0.001573500948991282 -6.87005351003979e-05
0.00599999999998978 0.001648429565609863 -7.197198915279557e-05
0.005999999999989781 0.001723358182228358 -7.524344320518948e-05
0.005999999999989781 0.001798286798846853 -7.851489725758335e-05
0.005999999999989781 0.001873215415465349 -8.178635130997729e-05
0.005999999999989779 0.001948144032083785 -8.50578053623686e-05
0.005999999999989782 0.00202307264870217 -8.832925941475774e-05
0.005999999999989781 0.002098001265320582 -9.160071346714797e-05
0.005999999999989781 0.002172929881939161 -9.487216751954553e-05
0.005999999999989781 0.002247858498557403 -9.814362157192839e-05
0.005999999999989781 0.002322787115176136 -0.0001014150756243327
0.005999999999989781 0.002397715731794901 -0.0001046865296767384
0.005999999999989781 0.002472644348413837 -0.0001079579837291515
0.005999999999989782 0.002547572965032619 -0.000111229437781558
0.00599999999998978 0.002622501581651489 -0.0001145008918339683
0.005999999999989781 0.002697430198270274 -0.0001177723458863748
0.005999999999989779 0.002772358814888988 -0.0001210437999387782
0.005999999999989783 0.002847287431507906 -0.0001243152539911906
0.005999999999989782 0.002922216048126656 -0.0001275867080435957
0.006999999999987293 0.001573500948991281 -6.87005351003979e-05
0.006999999999987293 0.001648429565609863 -7.197198915279557e-05
0.006999999999987296 0.001723358182228358 -7.524344320518947e-05
0.006999999999987296 0.001798286798846853 -7.851489725758336e-05
0.006999999999987296 0.001873215415465349 -8.178635130997729e-05
0.006999999999987294 0.001948144032083785 -8.50578053623686e-05
0.006999999999987294 0.00202307264870217 -8.832925941475767e-05
0.006999999999987295 0.002098001265320581 -9.160071346714797e-05
0.006999999999987294 0.002172929881939161 -9.487216751954554e-05
0.006999999999987296 0.002247858498557403 -9.814362157192839e-05
0.006999999999987293 0.002322787115176135 -0.0001014150756243327
0.006999999999987296 0.002397715731794901 -0.0001046865296767383
0.006999999999987294 0.002472644348413836 -0.0001079579837291515
0.006999999999987294 0.00254757296503262 -0.000111229437781558
0.006999999999987295 0.002622501581651489 -0.0001145008918339683
0.006999999999987296 0.002697430198270273 -0.0001177723458863748
0.006999999999987295 0.002772358814888988 -0.0001210437999387782
0.006999999999987296 0.002847287431507906 -0.0001243152539911906
0.006999999999987296 0.002922216048126656 -0.0001275867080435956
0.007999999999984426 0.001573500948991281 -6.87005351003979e-05
0.007999999999984426 0.001648429565609862 -7.197198915279557e-05
0.007999999999984426 0.001723358182228358 -7.524344320518945e-05
0.007999999999984426 0.001798286798846853 -7.851489725758335e-05
0.007999999999984426 0.001873215415465348 -8.178635130997729e-05
0.007999999999984426 0.001948144032083785 -8.50578053623686e-05
0.007999999999984426 0.00202307264870217 -8.832925941475772e-05
0.007999999999984426 0.002098001265320582 -9.160071346714797e-05
0.007999999999984426 0.002172929881939161 -9.487216751954558e-05
0.007999999999984426 0.002247858498557403 -9.814362157192841e-05
0.007999999999984426 0.002322787115176135 -0.0001014150756243327
0.007999999999984426 0.002397715731794901 -0.0001046865296767383
0.007999999999984426 0.002472644348413836 -0.0001079579837291515
0.007999999999984426 0.002547572965032619 -0.000111229437781558
0.007999999999984426 0.00262250158165149 -0.0001145008918339683
0.007999999999984426 0.002697430198270273 -0.0001177723458863748
0.007999999999984426 0.002772358814888988 -0.0001210437999387782
0.007999999999984426 0.002847287431507906 -0.0001243152539911906
0.007999999999984426 0.002922216048126655 -0.0001275867080435956
0.008999999999981538 0.001573500948991281 -6.870053510039791e-05
0.008999999999981545 0.001648429565609862 -7.197198915279554e-05
0.008999999999981544 0.001723358182228358 -7.524344320518945e-05
0.008999999999981542 0.001798286798846853 -7.851489725758335e-05
0.00899999999998154 0.001873215415465349 -8.178635130997729e-05
0.008999999999981544 0.001948144032083785 -8.50578053623686e-05
0.008999999999981542 0.00202307264870217 -8.832925941475773e-05
0.008999999999981544 0.002098001265320582 -9.160071346714797e-05
0.008999999999981544 0.002172929881939162 -9.487216751954558e-05
0.008999999999981544 0.002247858498557403 -9.814362157192842e-05
0.008999999999981544 0.002322787115176135 -0.0001014150756243327
0.008999999999981544 0.002397715731794901 -0.0001046865296767384
0.008999999999981544 0.002472644348413837 -0.0001079579837291515
0.008999999999981544 0.00254757296503262 -0.000111229437781558
0.008999999999981547 0.002622501581651489 -0.0001145008918339683
0.008999999999981544 0.002697430198270273 -0.0001177723458863748
0.008999999999981544 0.002772358814888987 -0.0001210437999387783
0.008999999999981545 0.002847287431507906 -0.0001243152539911906
0.008999999999981544 0.002922216048126656 -0.0001275867080435957
0.009999999999978006 0.001573500948991281 -6.87005351003979e-05
0.009999999999978009 0.001648429565609863 -7.197198915279555e-05
0.009999999999978013 0.001723358182228357 -7.524344320518945e-05
0.009999999999978009 0.001798286798846854 -7.851489725758338e-05
0.009999999999978007 0.001873215415465349 -8.178635130997729e-05
0.009999999999978007 0.001948144032083785 -8.50578053623686e-05
0.009999999999978007 0.00202307264870217 -8.832925941475772e-05
0.009999999999978007 0.002098001265320581 -9.160071346714795e-05
0.009999999999978004 0.002172929881939161 -9.487216751954557e-05
0.009999999999978007 0.002247858498557403 -9.814362157192842e-05
0.009999999999978006 0.002322787115176135 -0.0001014150756243327
0.009999999999978006 0.002397715731794901 -0.0001046865296767384
0.009999999999978006 0.002472644348413836 -0.0001079579837291515
0.009999999999978004 0.002547572965032619 -0.000111229437781558
0.009999999999978007 0.002622501581651491 -0.0001145008918339683
0.009999999999978006 0.002697430198270273 -0.0001177723458863748
0.009999999999978004 0.002772358814888987 -0.0001210437999387782
0.009999999999978007 0.002847287431507905 -0.0001243152539911906
0.009999999999978006 0.002922216048126655 -0.0001275867080435957
0.01099999999997514 0.001573500948991281 -6.87005351003979e-05
0.01099999999997514 0.001648429565609863 -7.197198915279557e-05
0.01099999999997514 0.001723358182228358 -7.524344320518947e-05
0.01099999999997514 0.001798286798846854 -7.851489725758336e-05
0.01099999999997514 0.001873215415465348 -8.178635130997729e-05
0.01099999999997514 0.001948144032083785 -8.505780536236859e-05
0.01099999999997514 0.00202307264870217 -8.832925941475772e-05
0.01099999999997513 0.002098001265320581 -9.160071346714797e-05
0.01099999999997514 0.002172929881939161 -9.487216751954557e-05
0.01099999999997513 0.002247858498557403 -9.814362157192843e-05
0.01099999999997513 0.002322787115176135 -0.0001014150756243327
0.01099999999997513 0.002397715731794901 -0.0001046865296767383
0.01099999999997513 0.002472644348413837 -0.0001079579837291515
0.01099999999997514 0.00254757296503262 -0.000111229437781558
0.01099999999997513 0.002622501581651489 -0.0001145008918339683
0.01099999999997513 0.002697430198270272 -0.0001177723458863748
0.01099999999997514 0.002772358814888988 -0.0001210437999387783
0.01099999999997513 0.002847287431507906 -0.0001243152539911906
0.01099999999997513 0.002922216048126656 -0.0001275867080435956
0.01199999999997227 0.001573500948991281 -6.87005351003979e-05
0.01199999999997227 0.001648429565609863 -7.197198915279554e-05
0.01199999999997227 0.001723358182228358 -7.524344320518945e-05
0.01199999999997226 0.001798286798846854 -7.851489725758336e-05
0.01199999999997227 0.001873215415465349 -8.178635130997729e-05
0.01199999999997227 0.001948144032083785 -8.505780536236859e-05
0.01199999999997227 0.00202307264870217 -8.832925941475767e-05
0.01199999999997227 0.002098001265320582 -9.160071346714797e-05
0.01199999999997227 0.002172929881939161 -9.487216751954557e-05
0.01199999999997227 0.002247858498557403 -9.814362157192841e-05
0.01199999999997227 0.002322787115176135 -0.0001014150756243327
0.01199999999997227 0.002397715731794901 -0.0001046865296767384
0.01199999999997227 0.002472644348413836 -0.0001079579837291515
0.01199999999997227 0.002547572965032619 -0.000111229437781558
0.01199999999997227 0.002622501581651489 -0.0001145008918339683
0.01199999999997227 0.002697430198270272 -0.0001177723458863748
0.01199999999997227 0.002772358814888987 -0.0001210437999387782
0.01199999999997227 0.002847287431507906 -0.0001243152539911906
0.01199999999997227 0.002922216048126656 -0.0001275867080435956
0.0129999999999694 0.001573500948991281 -6.87005351003979e-05
0.0129999999999694 0.001648429565609863 -7.197198915279555e-05
0.0129999999999694 0.001723358182228358 -7.524344320518945e-05
0.0129999999999694 0.001798286798846854 -7.851489725758336e-05
0.0129999999999694 0.001873215415465348 -8.178635130997729e-05
0.0129999999999694 0.001948144032083785 -8.505780536236859e-05
0.0129999999999694 0.00202307264870217 -8.832925941475772e-05
0.0129999999999694 0.002098001265320581 -9.160071346714797e-05
0.0129999999999694 0.002172929881939161 -9.487216751954558e-05
0.0129999999999694 0.002247858498557403 -9.814362157192842e-05
0.0129999999999694 0.002322787115176135 -0.0001014150756243327
0.0129999999999694 0.002397715731794901 -0.0001046865296767384
0.0129999999999694 0.002472644348413836 -0.0001079579837291515
0.0129999999999694 0.002547572965032619 -0.000111229437781558
0.0129999999999694 0.002622501581651489 -0.0001145008918339683
0.0129999999999694 0.002697430198270272 -0.0001177723458863748
0.0129999999999694 0.00277235881488899 -0.0001210437999387783
0.0129999999999694 0.002847287431507905 -0.0001243152539911906
0.0129999999999694 0.002922216048126656 -0.0001275867080435956
0.01399999999996653 0.001573500948991282 -6.87005351003979e-05
0.01399999999996653 0.001648429565609863 -7.197198915279555e-05
0.01399999999996652 0.001723358182228358 -7.524344320518947e-05
0.01399999999996653 0.001798286798846854 -7.851489725758336e-05
0.01399999999996653 0.001873215415465348 -8.178635130997729e-05
0.01399999999996653 0.001948144032083785 -8.50578053623686e-05
0.01399999999996653 0.00202307264870217 -8.832925941475773e-05
0.01399999999996653 0.002098001265320582 -9.1600713467148e-05
0.01399999999996652 0.002172929881939161 -9.487216751954557e-05
0.01399999999996653 0.002247858498557403 -9.814362157192842e-05
0.01399999999996653 0.002322787115176135 -0.0001014150756243327
0.01399999999996653 0.002397715731794901 -0.0001046865296767383
0.01399999999996653 0.002472644348413837 -0.0001079579837291515
0.01399999999996653 0.002547572965032619 -0.000111229437781558
0.01399999999996653 0.002622501581651489 -0.0001145008918339683
0.01399999999996653 0.002697430198270273 -0.0001177723458863748
0.01399999999996653 0.002772358814888987 -0.0001210437999387782
0.01399999999996653 0.002847287431507904 -0.0001243152539911906
0.01399999999996653 0.002922216048126655 -0.0001275867080435956
0.01499999999996365 0.001573500948991282 -6.87005351003979e-05
0.01499999999996365 0.001648429565609862 -7.197198915279555e-05
0.01499999999996365 0.001723358182228358 -7.524344320518947e-05
0.01499999999996366 0.001798286798846854 -7.851489725758336e-05
0.01499999999996365 0.001873215415465348 -8.178635130997729e-05
0.01499999999996365 0.001948144032083785 -8.50578053623686e-05
0.01499999999996365 0.00202307264870217 -8.832925941475773e-05
0.01499999999996365 0.002098001265320581 -9.160071346714797e-05
0.01499999999996365 0.002172929881939161 -9.487216751954557e-05
0.01499999999996365 0.002247858498557403 -9.814362157192841e-05
0.01499999999996365 0.002322787115176135 -0.0001014150756243327
0.01499999999996365 0.002397715731794901 -0.0001046865296767384
0.01499999999996365 0.002472644348413836 -0.0001079579837291515
0.01499999999996365 0.00254757296503262 -0.000111229437781558
0.01499999999996365 0.002622501581651489 -0.0001145008918339683
0.01499999999996365 0.002697430198270273 -0.0001177723458863748
0.01499999999996365 0.002772358814888988 -0.0001210437999387782
0.01499999999996365 0.002847287431507905 -0.0001243152539911906
0.01499999999996365 0.002922216048126656 -0.0001275867080435957
0.01599999999996079 0.001573500948991282 -6.87005351003979e-05
0.01599999999996079 0.001648429565609863 -7.197198915279555e-05
0.01599999999996079 0.001723358182228358 -7.524344320518945e-05
0.01599999999996079 0.001798286798846854 -7.851489725758336e-05
0.01599999999996079 0.001873215415465349 -8.178635130997729e-05
0.01599999999996079 0.001948144032083785 -8.505780536236857e-05
0.01599999999996079 0.00202307264870217 -8.832925941475773e-05
0.01599999999996079 0.002098001265320581 -9.160071346714797e-05
0.01599999999996079 0.002172929881939161 -9.487216751954558e-05
0.01599999999996079 0.002247858498557403 -9.814362157192842e-05
0.01599999999996079 0.002322787115176135 -0.0001014150756243327
0.01599999999996079 0.002397715731794901 -0.0001046865296767383
0.01599999999996079 0.002472644348413836 -0.0001079579837291515
0.01599999999996079 0.00254757296503262 -0.000111229437781558
0.01599999999996079 0.002622501581651489 -0.0001145008918339683
0.01599999999996078 0.002697430198270273 -0.0001177723458863748
0.01599999999996078 0.002772358814888988 -0.0001210437999387782
0.01599999999996079 0.002847287431507904 -0.0001243152539911906
0.01599999999996078 0.002922216048126654 -0.0001275867080435956
0.01699999999995791 0.001573500948991281 -6.87005351003979e-05
0.01699999999995792 0.001648429565609863 -7.197198915279555e-05
0.01699999999995791 0.001723358182228358 -7.524344320518942e-05
0.01699999999995792 0.001798286798846854 -7.851489725758335e-05
0.01699999999995792 0.001873215415465348 -8.178635130997729e-05
0.01699999999995792 0.001948144032083785 -8.50578053623686e-05
0.01699999999995792 0.00202307264870217 -8.832925941475773e-05
0.01699999999995792 0.002098001265320581 -9.160071346714797e-05
0.01699999999995792 0.002172929881939161 -9.487216751954558e-05
0.01699999999995792 0.002247858498557403 -9.814362157192838e-05
0.01699999999995792 0.002322787115176135 -0.0001014150756243327
0.01699999999995792 0.002397715731794901 -0.0001046865296767384
0.01699999999995792 0.002472644348413836 -0.0001079579837291515
0.01699999999995792 0.00254757296503262 -0.000111229437781558
0.01699999999995792 0.002622501581651489 -0.0001145008918339683
0.01699999999995792 0.002697430198270273 -0.0001177723458863748
0.01699999999995792 0.002772358814888988 -0.0001210437999387783
0.01699999999995792 0.002847287431507905 -0.0001243152539911906
0.01699999999995792 0.002922216048126655 -0.0001275867080435956
0.01799999999995504 0.001573500948991281 -6.870053510039791e-05
0.01799999999995506 0.001648429565609863 -7.197198915279555e-05
0.01799999999995504 0.001723358182228358 -7.524344320518945e-05
0.01799999999995505 0.001798286798846853 -7.851489725758335e-05
0.01799999999995504 0.001873215415465349 -8.178635130997729e-05
0.01799999999995505 0.001948144032083785 -8.505780536236859e-05
0.01799999999995505 0.00202307264870217 -8.832925941475773e-05
0.01799999999995505 0.002098001265320582 -9.160071346714797e-05
0.01799999999995505 0.002172929881939161 -9.487216751954557e-05
0.01799999999995505 0.002247858498557403 -9.814362157192843e-05
0.01799999999995505 0.002322787115176135 -0.0001014150756243327
0.01799999999995505 0.002397715731794901 -0.0001046865296767383
0.01799999999995505 0.002472644348413836 -0.0001079579837291515
0.01799999999995505 0.002547572965032619 -0.000111229437781558
0.01799999999995505 0.002622501581651489 -0.0001145008918339683
0.01799999999995505 0.002697430198270273 -0.0001177723458863748
0.01799999999995505 0.002772358814888988 -0.0001210437999387782
0.01799999999995505 0.002847287431507906 -0.0001243152539911906
0.01799999999995505 0.002922216048126656 -0.0001275867080435957
0.01899999999995107 0.001573500948991282 -6.870053510039791e-05
0.01899999999995106 0.001648429565609863 -7.197198915279555e-05
0.01899999999995106 0.001723358182228358 -7.524344320518947e-05
0.01899999999995106 0.001798286798846854 -7.851489725758336e-05
0.01899999999995106 0.001873215415465349 -8.178635130997729e-05
0.01899999999995106 0.001948144032083785 -8.505780536236859e-05
0.01899999999995106 0.00202307264870217 -8.832925941475773e-05
0.01899999999995106 0.002098001265320581 -9.160071346714797e-05
0.01899999999995106 0.002172929881939161 -9.487216751954557e-05
0.01899999999995106 0.002247858498557403 -9.814362157192841e-05
0.01899999999995106 0.002322787115176135 -0.0001014150756243327
0.01899999999995106 0.002397715731794901 -0.0001046865296767384
0.01899999999995106 0.002472644348413836 -0.0001079579837291515
0.01899999999995106 0.00254757296503262 -0.000111229437781558
0.01899999999995106 0.002622501581651489 -0.0001145008918339683
0.01899999999995106 0.002697430198270273 -0.0001177723458863748
0.01899999999995106 0.002772358814888988 -0.0001210437999387782
0.01899999999995106 0.002847287431507905 -0.0001243152539911906
0.01899999999995107 0.002922216048126655 -0.0001275867080435956
0.01999999999994795 0.001573500948991281 -6.87005351003979e-05
0.01999999999994795 0.001648429565609863 -7.197198915279557e-05
0.01999999999994796 0.001723358182228358 -7.524344320518947e-05
0.01999999999994795 0.001798286798846853 -7.851489725758335e-05
0.01999999999994795 0.001873215415465349 -8.178635130997729e-05
0.01999999999994795 0.001948144032083784 -8.50578053623686e-05
0.01999999999994795 0.00202307264870217 -8.832925941475773e-05
0.01999999999994795 0.002098001265320581 -9.160071346714797e-05
0.01999999999994795 0.002172929881939161 -9.487216751954554e-05
0.01999999999994795 0.002247858498557403 -9.814362157192841e-05
0.01999999999994795 0.002322787115176136 -0.0001014150756243327
0.01999999999994795 0.002397715731794901 -0.0001046865296767383
0.01999999999994795 0.002472644348413836 -0.0001079579837291515
0.01999999999994795 0.00254757296503262 -0.000111229437781558
0.01999999999994795 0.002622501581651489 -0.0001145008918339683
0.01999999999994794 0.002697430198270273 -0.0001177723458863748
0.01999999999994795 0.002772358814888988 -0.0001210437999387782
0.01999999999994795 0.002847287431507905 -0.0001243152539911906
0.01999999999994795 0.002922216048126655 -0.0001275867080435956
0.02099999999994508 0.001573500948991282 -6.87005351003979e-05
0.02099999999994508 0.001648429565609863 -7.197198915279554e-05
0.02099999999994508 0.001723358182228358 -7.524344320518945e-05
0.02099999999994508 0.001798286798846853 -7.851489725758335e-05
0.02099999999994508 0.001873215415465348 -8.178635130997729e-05
0.02099999999994508 0.001948144032083785 -8.505780536236859e-05
0.02099999999994507 0.00202307264870217 -8.832925941475773e-05
0.02099999999994508 0.002098001265320582 -9.160071346714797e-05
0.02099999999994508 0.002172929881939161 -9.487216751954557e-05
0.02099999999994508 0.002247858498557403 -9.814362157192841e-05
0.02099999999994508 0.002322787115176135 -0.0001014150756243327
0.02099999999994508 0.002397715731794901 -0.0001046865296767384
0.02099999999994508 0.002472644348413836 -0.0001079579837291515
0.02099999999994508 0.00254757296503262 -0.000111229437781558
0.02099999999994508 0.002622501581651489 -0.0001145008918339683
0.02099999999994508 0.002697430198270273 -0.0001177723458863748
0.02099999999994508 0.002772358814888989 -0.0001210437999387782
0.02099999999994508 0.002847287431507905 -0.0001243152539911906
0.02099999999994508 0.002922216048126656 -0.0001275867080435956
0.02199999999994222 0.001573500948991282 -6.87005351003979e-05
0.0219999999999422 0.001648429565609863 -7.197198915279555e-05
0.02199999999994221 0.001723358182228358 -7.524344320518942e-05
0.02199999999994221 0.001798286798846854 -7.851489725758335e-05
0.02199999999994221 0.001873215415465348 -8.178635130997729e-05
0.02199999999994221 0.001948144032083785 -8.50578053623686e-05
0.02199999999994221 0.00202307264870217 -8.832925941475772e-05
0.02199999999994222 0.002098001265320582 -9.160071346714797e-05
0.0219999999999422 0.002172929881939161 -9.487216751954557e-05
0.02199999999994221 0.002247858498557403 -9.814362157192842e-05
0.02199999999994221 0.002322787115176137 -0.0001014150756243327
0.02199999999994221 0.002397715731794901 -0.0001046865296767384
0.02199999999994222 0.002472644348413836 -0.0001079579837291515
0.02199999999994221 0.002547572965032619 -0.000111229437781558
0.02199999999994221 0.002622501581651489 -0.0001145008918339683
0.02199999999994221 0.002697430198270274 -0.0001177723458863748
0.02199999999994221 0.002772358814888988 -0.0001210437999387782
0.02199999999994221 0.002847287431507904 -0.0001243152539911906
0.02199999999994221 0.002922216048126654 -0.0001275867080435956
0.02299999999993933 0.001573500948991282 -6.87005351003979e-05
0.02299999999993934 0.001648429565609863 -7.197198915279555e-05
0.02299999999993933 0.001723358182228358 -7.524344320518947e-05
0.02299999999993934 0.001798286798846853 -7.851489725758335e-05
0.02299999999993934 0.001873215415465349 -8.178635130997729e-05
0.02299999999993934 0.001948144032083785 -8.505780536236859e-05
0.02299999999993934 0.00202307264870217 -8.832925941475774e-05
0.02299999999993933 0.002098001265320581 -9.160071346714798e-05
0.02299999999993933 0.002172929881939161 -9.487216751954558e-05
0.02299999999993934 0.002247858498557403 -9.814362157192841e-05
0.02299999999993934 0.002322787115176135 -0.0001014150756243327
0.02299999999993933 0.002397715731794901 -0.0001046865296767384
0.02299999999993934 0.002472644348413836 -0.0001079579837291515
0.02299999999993934 0.00254757296503262 -0.000111229437781558
0.02299999999993934 0.002622501581651489 -0.0001145008918339683
0.02299999999993934 0.002697430198270273 -0.0001177723458863748
0.02299999999993934 0.002772358814888988 -0.0001210437999387783
0.02299999999993934 0.002847287431507905 -0.0001243152539911906
0.02299999999993934 0.002922216048126655 -0.0001275867080435956
0.02399999999993647 0.001573500948991282 -6.87005351003979e-05
0.02399999999993647 0.001648429565609863 -7.197198915279555e-05
0.02399999999993647 0.001723358182228358 -7.524344320518947e-05
0.02399999999993647 0.001798286798846854 -7.851489725758335e-05
0.02399999999993646 0.001873215415465349 -8.178635130997729e-05
0.02399999999993646 0.001948144032083785 -8.505780536236859e-05
0.02399999999993648 0.00202307264870217 -8.832925941475773e-05
0.02399999999993647 0.002098001265320582 -9.160071346714798e-05
0.02399999999993647 0.002172929881939161 -9.487216751954558e-05
0.02399999999993647 0.002247858498557403 -9.814362157192841e-05
0.02399999999993647 0.002322787115176135 -0.0001014150756243327
0.02399999999993647 0.002397715731794901 -0.0001046865296767383
0.02399999999993647 0.002472644348413836 -0.0001079579837291515
0.02399999999993647 0.002547572965032619 -0.000111229437781558
0.02399999999993647 0.002622501581651489 -0.0001145008918339683
0.02399999999993647 0.002697430198270273 -0.0001177723458863748
0.02399999999993647 0.002772358814888988 -0.0001210437999387783
0.02399999999993647 0.002847287431507906 -0.0001243152539911906
0.02399999999993647 0.002922216048126656 -0.0001275867080435957
0.02499999999993428 0.001573500948991281 -6.87005351003979e-05
0.02499999999993428 0.001648429565609863 -7.197198915279555e-05
0.02499999999993428 0.001723358182228358 -7.524344320518945e-05
0.02499999999993428 0.001798286798846854 -7.851489725758336e-05
0.02499999999993427 0.001873215415465349 -8.178635130997729e-05
0.02499999999993428 0.001948144032083785 -8.50578053623686e-05
0.02499999999993428 0.00202307264870217 -8.832925941475773e-05
0.02499999999993428 0.002098001265320581 -9.160071346714797e-05
0.02499999999993428 0.002172929881939162 -9.487216751954558e-05
0.02499999999993428 0.002247858498557403 -9.814362157192841e-05
0.02499999999993428 0.002322787115176135 -0.0001014150756243327
0.02499999999993428 0.002397715731794901 -0.0001046865296767383
0.02499999999993428 0.002472644348413836 -0.0001079579837291515
0.02499999999993428 0.00254757296503262 -0.000111229437781558
0.02499999999993428 0.002622501581651489 -0.0001145008918339683
0.02499999999993428 0.002697430198270273 -0.0001177723458863748
0.02499999999993428 0.002772358814888988 -0.0001210437999387783
0.02499999999993428 0.002847287431507906 -0.0001243152539911906
0.02499999999993428 0.002922216048126656 -0.0001275867080435956
0.02599999999993631 0.001573500948991281 -6.87005351003979e-05
0.02599999999993631 0.001648429565609863 -7.197198915279557e-05
0.0259999999999363 0.001723358182228358 -7.524344320518945e-05
0.02599999999993631 0.001798286798846854 -7.851489725758338e-05
0.02599999999993631 0.001873215415465349 -8.178635130997729e-05
0.02599999999993631 0.001948144032083785 -8.50578053623686e-05
0.02599999999993631 0.00202307264870217 -8.832925941475774e-05
0.02599999999993631 0.002098001265320581 -9.160071346714798e-05
0.02599999999993632 0.002172929881939161 -9.487216751954558e-05
0.02599999999993631 0.002247858498557403 -9.814362157192842e-05
0.02599999999993631 0.002322787115176135 -0.0001014150756243327
0.02599999999993631 0.002397715731794901 -0.0001046865296767384
0.02599999999993631 0.002472644348413836 -0.0001079579837291515
0.02599999999993631 0.002547572965032619 -0.000111229437781558
0.02599999999993631 0.002622501581651489 -0.0001145008918339683
0.02599999999993631 0.002697430198270273 -0.0001177723458863748
0.02599999999993631 0.002772358814888988 -0.0001210437999387783
0.02599999999993631 0.002847287431507906 -0.0001243152539911906
0.02599999999993631 0.002922216048126656 -0.0001275867080435957
0.02699999999993895 0.001573500948991281 -6.87005351003979e-05
0.02699999999993894 0.001648429565609863 -7.197198915279557e-05
0.02699999999993893 0.001723358182228358 -7.524344320518947e-05
0.02699999999993894 0.001798286798846854 -7.851489725758336e-05
0.02699999999993894 0.001873215415465349 -8.178635130997729e-05
0.02699999999993894 0.001948144032083785 -8.50578053623686e-05
0.02699999999993894 0.00202307264870217 -8.832925941475773e-05
0.02699999999993894 0.002098001265320581 -9.160071346714797e-05
0.02699999999993894 0.002172929881939161 -9.487216751954558e-05
0.02699999999993894 0.002247858498557403 -9.814362157192841e-05
0.02699999999993894 0.002322787115176136 -0.0001014150756243327
0.02699999999993894 0.002397715731794901 -0.0001046865296767384
0.02699999999993894 0.002472644348413836 -0.0001079579837291515
0.02699999999993894 0.00254757296503262 -0.000111229437781558
0.02699999999993894 0.002622501581651489 -0.0001145008918339683
0.02699999999993894 0.002697430198270273 -0.0001177723458863748
0.02699999999993894 0.002772358814888988 -0.0001210437999387783
0.02699999999993894 0.002847287431507905 -0.0001243152539911906
0.02699999999993894 0.002922216048126655 -0.0001275867080435956
0.02799999999994171 0.001573500948991281 -6.87005351003979e-05
0.02799999999994173 0.001648429565609863 -7.197198915279555e-05
0.02799999999994172 0.001723358182228358 -7.524344320518945e-05
0.02799999999994172 0.001798286798846853 -7.851489725758336e-05
0.02799999999994172 0.001873215415465348 -8.178635130997729e-05
0.02799999999994172 0.001948144032083784 -8.505780536236859e-05
0.02799999999994172 0.00202307264870217 -8.832925941475773e-05
0.02799999999994173 0.002098001265320581 -9.160071346714797e-05
0.02799999999994172 0.002172929881939161 -9.487216751954557e-05
0.02799999999994172 0.002247858498557403 -9.814362157192841e-05
0.02799999999994172 0.002322787115176136 -0.0001014150756243327
0.02799999999994173 0.002397715731794901 -0.0001046865296767384
0.02799999999994173 0.002472644348413836 -0.0001079579837291515
0.02799999999994172 0.00254757296503262 -0.000111229437781558
0.02799999999994173 0.002622501581651489 -0.0001145008918339683
0.02799999999994173 0.002697430198270273 -0.0001177723458863748
0.02799999999994173 0.002772358814888988 -0.0001210437999387783
0.02799999999994172 0.002847287431507906 -0.0001243152539911906
0.02799999999994173 0.002922216048126656 -0.0001275867080435957
0.02899999999994428 0.001573500948991282 -6.870053510039791e-05
0.02899999999994426 0.001648429565609862 -7.197198915279557e-05
0.02899999999994427 0.001723358182228358 -7.524344320518947e-05
0.02899999999994427 0.001798286798846854 -7.851489725758336e-05
0.02899999999994427 0.001873215415465349 -8.178635130997729e-05
0.02899999999994426 0.001948144032083785 -8.50578053623686e-05
0.02899999999994427 0.00202307264870217 -8.832925941475774e-05
0.02899999999994427 0.002098001265320581 -9.160071346714797e-05
0.02899999999994426 0.002172929881939161 -9.487216751954558e-05
0.02899999999994427 0.002247858498557403 -9.814362157192839e-05
0.02899999999994427 0.002322787115176136 -0.0001014150756243327
0.02899999999994427 0.002397715731794901 -0.0001046865296767384
0.02899999999994427 0.002472644348413836 -0.0001079579837291515
0.02899999999994427 0.00254757296503262 -0.000111229437781558
0.02899999999994427 0.002622501581651489 -0.0001145008918339683
0.02899999999994427 0.002697430198270273 -0.0001177723458863748
0.02899999999994427 0.002772358814888988 -0.0001210437999387783
0.02899999999994427 0.002847287431507905 -0.0001243152539911906
0.02899999999994427 0.002922216048126654 -0.0001275867080435956
0.02999999999994715 0.001573500948991281 -6.87005351003979e-05
0.02999999999994715 0.001648429565609863 -7.197198915279557e-05
0.02999999999994716 0.001723358182228358 -7.524344320518945e-05
0.02999999999994716 0.001798286798846854 -7.851489725758336e-05
0.02999999999994716 0.001873215415465349 -8.178635130997729e-05
0.02999999999994715 0.001948144032083785 -8.50578053623686e-05
0.02999999999994715 0.00202307264870217 -8.832925941475773e-05
0.02999999999994715 0.002098001265320581 -9.160071346714797e-05
0.02999999999994714 0.002172929881939161 -9.487216751954557e-05
0.02999999999994714 0.002247858498557403 -9.814362157192842e-05
0.02999999999994715 0.002322787115176136 -0.0001014150756243327
0.02999999999994714 0.002397715731794901 -0.0001046865296767383
0.02999999999994715 0.002472644348413836 -0.0001079579837291515
0.02999999999994715 0.002547572965032619 -0.000111229437781558
0.02999999999994716 0.002622501581651489 -0.0001145008918339683
0.02999999999994715 0.002697430198270273 -0.0001177723458863748
0.02999999999994715 0.002772358814888988 -0.0001210437999387782
0.02999999999994716 0.002847287431507906 -0.0001243152539911906
0.02999999999994715 0.002922216048126656 -0.0001275867080435956
0.0309999999999496 0.001573500948991282 -6.87005351003979e-05
0.03099999999994961 0.001648429565609863 -7.197198915279557e-05
0.03099999999994962 0.001723358182228358 -7.524344320518947e-05
0.03099999999994961 0.001798286798846854 -7.851489725758336e-05
0.03099999999994961 0.001873215415465349 -8.178635130997729e-05
0.03099999999994961 0.001948144032083785 -8.50578053623686e-05
0.03099999999994961 0.00202307264870217 -8.832925941475773e-05
0.03099999999994961 0.002098001265320581 -9.160071346714797e-05
0.03099999999994961 0.002172929881939161 -9.487216751954558e-05
0.03099999999994961 0.002247858498557403 -9.814362157192841e-05
0.03099999999994961 0.002322787115176136 -0.0001014150756243327
0.03099999999994961 0.002397715731794901 -0.0001046865296767384
0.03099999999994961 0.002472644348413836 -0.0001079579837291515
0.03099999999994961 0.00254757296503262 -0.000111229437781558
0.03099999999994961 0.002622501581651489 -0.0001145008918339683
0.03099999999994961 0.002697430198270273 -0.0001177723458863748
0.03099999999994962 0.002772358814888988 -0.0001210437999387783
0.03099999999994961 0.002847287431507906 -0.0001243152539911906
0.03099999999994962 0.002922216048126655 -0.0001275867080435957
0.03199999999995257 0.001573500948991281 -6.870053510039791e-05
0.03199999999995257 0.001648429565609863 -7.197198915279554e-05
0.03199999999995257 0.001723358182228358 -7.524344320518945e-05
0.03199999999995257 0.001798286798846854 -7.851489725758338e-05
0.03199999999995257 0.001873215415465348 -8.178635130997729e-05
0.03199999999995257 0.001948144032083785 -8.50578053623686e-05
0.03199999999995257 0.00202307264870217 -8.832925941475773e-05
0.03199999999995257 0.002098001265320581 -9.160071346714797e-05
0.03199999999995257 0.002172929881939161 -9.487216751954557e-05
0.03199999999995257 0.002247858498557403 -9.814362157192842e-05
0.03199999999995257 0.002322787115176135 -0.0001014150756243327
0.03199999999995257 0.002397715731794901 -0.0001046865296767383
0.03199999999995257 0.002472644348413836 -0.0001079579837291515
0.03199999999995257 0.00254757296503262 -0.000111229437781558
0.03199999999995257 0.002622501581651489 -0.0001145008918339683
0.03199999999995257 0.002697430198270272 -0.0001177723458863748
0.03199999999995257 0.002772358814888988 -0.0001210437999387783
0.03199999999995257 0.002847287431507906 -0.0001243152539911906
0.03199999999995257 0.002922216048126655 -0.0001275867080435956
0.03299999999995465 0.001573500948991282 -6.87005351003979e-05
0.03299999999995464 0.001648429565609863 -7.197198915279557e-05
0.03299999999995464 0.001723358182228358 -7.524344320518947e-05
0.03299999999995462 0.001798286798846854 -7.851489725758338e-05
0.03299999999995463 0.001873215415465349 -8.178635130997729e-05
0.03299999999995463 0.001948144032083785 -8.505780536236859e-05
0.03299999999995464 0.00202307264870217 -8.832925941475773e-05
0.03299999999995463 0.002098001265320581 -9.160071346714797e-05
0.03299999999995462 0.002172929881939161 -9.487216751954553e-05
0.03299999999995463 0.002247858498557403 -9.814362157192838e-05
0.03299999999995463 0.002322787115176136 -0.0001014150756243327
0.03299999999995463 0.002397715731794901 -0.0001046865296767384
0.03299999999995463 0.002472644348413837 -0.0001079579837291515
0.03299999999995463 0.002547572965032619 -0.000111229437781558
0.03299999999995463 0.002622501581651489 -0.0001145008918339683
0.03299999999995463 0.002697430198270273 -0.0001177723458863748
0.03299999999995463 0.002772358814888988 -0.0001210437999387783
0.03299999999995463 0.002847287431507905 -0.0001243152539911906
0.03299999999995464 0.002922216048126656 -0.0001275867080435957
0.03399999999995799 0.001573500948991281 -6.87005351003979e-05
0.03399999999995799 0.001648429565609863 -7.197198915279555e-05
0.03399999999995799 0.001723358182228358 -7.524344320518945e-05
0.03399999999995797 0.001798286798846854 -7.851489725758338e-05
0.03399999999995799 0.001873215415465348 -8.178635130997728e-05
0.03399999999995799 0.001948144032083785 -8.505780536236859e-05
0.03399999999995799 0.00202307264870217 -8.832925941475773e-05
0.03399999999995799 0.002098001265320582 -9.160071346714797e-05
0.03399999999995799 0.002172929881939161 -9.487216751954557e-05
0.03399999999995799 0.002247858498557403 -9.814362157192842e-05
0.03399999999995799 0.002322787115176135 -0.0001014150756243327
0.03399999999995799 0.002397715731794901 -0.0001046865296767383
0.03399999999995799 0.002472644348413837 -0.0001079579837291515
0.03399999999995799 0.002547572965032619 -0.000111229437781558
0.03399999999995799 0.002622501581651489 -0.0001145008918339683
0.03399999999995799 0.002697430198270273 -0.0001177723458863748
0.03399999999995799 0.002772358814888989 -0.0001210437999387783
0.03399999999995799 0.002847287431507907 -0.0001243152539911907
0.03399999999995799 0.002922216048126655 -0.0001275867080435956
0.03499999999995988 0.001573500948991281 -6.87005351003979e-05
0.03499999999995988 0.001648429565609862 -7.197198915279555e-05
0.0349999999999599 0.001723358182228358 -7.524344320518945e-05
0.03499999999995989 0.001798286798846853 -7.851489725758336e-05
0.0349999999999599 0.001873215415465349 -8.178635130997729e-05
0.03499999999995989 0.001948144032083785 -8.50578053623686e-05
0.0349999999999599 0.00202307264870217 -8.832925941475773e-05
0.0349999999999599 0.002098001265320582 -9.160071346714798e-05
0.0349999999999599 0.002172929881939161 -9.487216751954555e-05
0.03499999999995989 0.002247858498557403 -9.814362157192841e-05
0.03499999999995989 0.002322787115176135 -0.0001014150756243327
0.0349999999999599 0.002397715731794901 -0.0001046865296767384
0.03499999999995989 0.002472644348413836 -0.0001079579837291515
0.03499999999995989 0.002547572965032619 -0.000111229437781558
0.03499999999995989 0.002622501581651489 -0.0001145008918339683
0.03499999999995989 0.002697430198270272 -0.0001177723458863748
0.0349999999999599 0.002772358814888989 -0.0001210437999387783
0.0349999999999599 0.002847287431507906 -0.0001243152539911907
0.03499999999995989 0.002922216048126654 -0.0001275867080435956
0.03599999999996342 0.001573500948991281 -6.87005351003979e-05
0.0359999999999634 0.001648429565609862 -7.197198915279555e-05
0.03599999999996339 0.001723358182228358 -7.524344320518947e-05
0.03599999999996342 0.001798286798846853 -7.851489725758335e-05
0.03599999999996342 0.001873215415465349 -8.178635130997729e-05
0.03599999999996342 0.001948144032083785 -8.505780536236859e-05
0.03599999999996342 0.00202307264870217 -8.832925941475773e-05
0.0359999999999634 0.002098001265320581 -9.160071346714797e-05
0.03599999999996339 0.002172929881939161 -9.487216751954557e-05
0.03599999999996342 0.002247858498557403 -9.814362157192838e-05
0.03599999999996342 0.002322787115176135 -0.0001014150756243327
0.03599999999996342 0.002397715731794901 -0.0001046865296767384
0.03599999999996342 0.002472644348413836 -0.0001079579837291515
0.03599999999996342 0.00254757296503262 -0.000111229437781558
0.03599999999996342 0.002622501581651489 -0.0001145008918339683
0.03599999999996341 0.002697430198270272 -0.0001177723458863748
0.03599999999996342 0.002772358814888988 -0.0001210437999387783
0.03599999999996341 0.002847287431507905 -0.0001243152539911906
0.03599999999996342 0.002922216048126655 -0.0001275867080435956
0.03699999999996512 0.001573500948991281 -6.87005351003979e-05
0.03699999999996512 0.001648429565609863 -7.197198915279555e-05
0.03699999999996513 0.001723358182228358 -7.524344320518947e-05
0.03699999999996514 0.001798286798846854 -7.851489725758338e-05
0.03699999999996514 0.001873215415465349 -8.178635130997729e-05
0.03699999999996514 0.001948144032083785 -8.50578053623686e-05
0.03699999999996514 0.00202307264870217 -8.832925941475772e-05
0.03699999999996514 0.002098001265320581 -9.160071346714795e-05
0.03699999999996514 0.002172929881939161 -9.487216751954558e-05
0.03699999999996514 0.002247858498557403 -9.814362157192841e-05
0.03699999999996514 0.002322787115176135 -0.0001014150756243327
0.03699999999996514 0.002397715731794901 -0.0001046865296767383
0.03699999999996514 0.002472644348413836 -0.0001079579837291515
0.03699999999996514 0.00254757296503262 -0.000111229437781558
0.03699999999996514 0.002622501581651489 -0.0001145008918339683
0.03699999999996514 0.002697430198270274 -0.0001177723458863748
0.03699999999996514 0.002772358814888987 -0.0001210437999387783
0.03699999999996514 0.002847287431507905 -0.0001243152539911906
0.03699999999996514 0.002922216048126655 -0.0001275867080435956
0.03799999999996845 0.001573500948991282 -6.87005351003979e-05
0.03799999999996845 0.001648429565609863 -7.197198915279554e-05
0.03799999999996845 0.001723358182228358 -7.524344320518945e-05
0.03799999999996845 0.001798286798846853 -7.851489725758336e-05
0.03799999999996845 0.001873215415465348 -8.178635130997729e-05
0.03799999999996845 0.001948144032083785 -8.505780536236859e-05
0.03799999999996845 0.00202307264870217 -8.83292594147577e-05
0.03799999999996845 0.002098001265320581 -9.160071346714797e-05
0.03799999999996845 0.002172929881939162 -9.487216751954557e-05
0.03799999999996845 0.002247858498557403 -9.814362157192838e-05
0.03799999999996845 0.002322787115176135 -0.0001014150756243327
0.03799999999996845 0.002397715731794901 -0.0001046865296767384
0.03799999999996845 0.002472644348413837 -0.0001079579837291515
0.03799999999996845 0.002547572965032619 -0.000111229437781558
0.03799999999996845 0.002622501581651489 -0.0001145008918339683
0.03799999999996844 0.002697430198270272 -0.0001177723458863747
0.03799999999996844 0.002772358814888989 -0.0001210437999387782
0.03799999999996845 0.002847287431507905 -0.0001243152539911906
0.03799999999996845 0.002922216048126656 -0.0001275867080435956
0.03899999999997017 0.001573500948991282 -6.87005351003979e-05
0.0389999999999702 0.001648429565609863 -7.197198915279555e-05
0.03899999999997017 0.001723358182228358 -7.524344320518945e-05
0.03899999999997017 0.001798286798846854 -7.851489725758336e-05
0.03899999999997017 0.001873215415465349 -8.178635130997729e-05
0.0389999999999702 0.001948144032083784 -8.505780536236859e-05
0.03899999999997018 0.00202307264870217 -8.832925941475773e-05
0.03899999999997018 0.002098001265320581 -9.160071346714797e-05
0.03899999999997018 0.002172929881939161 -9.487216751954558e-05
0.03899999999997018 0.002247858498557403 -9.814362157192838e-05
0.03899999999997018 0.002322787115176135 -0.0001014150756243327
0.03899999999997018 0.0023977157317949 -0.0001046865296767383
0.03899999999997018 0.002472644348413836 -0.0001079579837291515
0.03899999999997018 0.002547572965032619 -0.000111229437781558
0.03899999999997018 0.002622501581651489 -0.0001145008918339683
0.03899999999997018 0.002697430198270272 -0.0001177723458863748
0.03899999999997018 0.002772358814888988 -0.0001210437999387783
0.03899999999997018 0.002847287431507906 -0.0001243152539911906
0.03899999999997019 0.002922216048126656 -0.0001275867080435957
0.03999999999997372 0.001573500948991281 -6.87005351003979e-05
0.0399999999999737 0.001648429565609862 -7.197198915279557e-05
0.03999999999997371 0.001723358182228358 -7.524344320518944e-05
0.03999999999997371 0.001798286798846853 -7.851489725758335e-05
0.03999999999997371 0.001873215415465348 -8.178635130997729e-05
0.03999999999997373 0.001948144032083785 -8.50578053623686e-05
0.0399999999999737 0.00202307264870217 -8.832925941475772e-05
0.03999999999997371 0.002098001265320581 -9.160071346714797e-05
0.0399999999999737 0.002172929881939161 -9.487216751954558e-05
0.03999999999997371 0.002247858498557403 -9.814362157192842e-05
0.03999999999997371 0.002322787115176135 -0.0001014150756243327
0.03999999999997371 0.002397715731794901 -0.0001046865296767384
0.03999999999997372 0.002472644348413836 -0.0001079579837291515
0.03999999999997373 0.002547572965032619 -0.000111229437781558
0.0399999999999737 0.002622501581651489 -0.0001145008918339683
0.03999999999997371 0.002697430198270272 -0.0001177723458863748
0.03999999999997371 0.002772358814888988 -0.0001210437999387783
0.03999999999997371 0.002847287431507906 -0.0001243152539911906
0.03999999999997371 0.002922216048126655 -0.0001275867080435956
0.04099999999997561 0.001573500948991282 -6.87005351003979e-05
0.0409999999999756 0.001648429565609863 -7.197198915279553e-05
0.04099999999997561 0.001723358182228358 -7.524344320518944e-05
0.04099999999997562 0.001798286798846853 -7.851489725758336e-05
0.04099999999997561 0.001873215415465348 -8.178635130997729e-05
0.04099999999997561 0.001948144032083785 -8.50578053623686e-05
0.0409999999999756 0.00202307264870217 -8.83292594147577e-05
0.0409999999999756 0.002098001265320581 -9.160071346714795e-05
0.04099999999997561 0.002172929881939161 -9.487216751954558e-05
0.04099999999997561 0.002247858498557403 -9.814362157192841e-05
0.0409999999999756 0.002322787115176135 -0.0001014150756243327
0.04099999999997561 0.002397715731794901 -0.0001046865296767384
0.0409999999999756 0.002472644348413836 -0.0001079579837291515
0.0409999999999756 0.002547572965032619 -0.000111229437781558
0.0409999999999756 0.002622501581651489 -0.0001145008918339683
0.0409999999999756 0.002697430198270272 -0.0001177723458863748
0.04099999999997561 0.002772358814888989 -0.0001210437999387782
0.04099999999997561 0.002847287431507905 -0.0001243152539911906
0.04099999999997561 0.002922216048126655 -0.0001275867080435956
0.04199999999997896 0.001573500948991281 -6.87005351003979e-05
0.04199999999997896 0.001648429565609862 -7.197198915279557e-05
0.04199999999997898 0.001723358182228358 -7.524344320518945e-05
0.04199999999997897 0.001798286798846854 -7.851489725758338e-05
0.04199999999997895 0.001873215415465348 -8.178635130997729e-05
0.04199999999997897 0.001948144032083785 -8.50578053623686e-05
0.04199999999997898 0.00202307264870217 -8.832925941475773e-05
0.04199999999997897 0.002098001265320581 -9.160071346714798e-05
0.04199999999997894 0.002172929881939162 -9.487216751954557e-05
0.04199999999997897 0.002247858498557403 -9.814362157192841e-05
0.04199999999997897 0.002322787115176135 -0.0001014150756243327
0.04199999999997897 0.002397715731794901 -0.0001046865296767383
0.04199999999997896 0.002472644348413836 -0.0001079579837291515
0.04199999999997896 0.00254757296503262 -0.000111229437781558
0.04199999999997896 0.002622501581651489 -0.0001145008918339683
0.04199999999997898 0.002697430198270273 -0.0001177723458863748
0.04199999999997896 0.002772358814888988 -0.0001210437999387783
0.04199999999997897 0.002847287431507906 -0.0001243152539911906
0.04199999999997896 0.002922216048126655 -0.0001275867080435956
0.04299999999998102 0.001573500948991282 -6.87005351003979e-05
0.04299999999998104 0.001648429565609863 -7.197198915279554e-05
0.04299999999998103 0.001723358182228358 -7.524344320518945e-05
0.04299999999998103 0.001798286798846853 -7.851489725758338e-05
0.04299999999998103 0.001873215415465349 -8.178635130997729e-05
0.04299999999998103 0.001948144032083785 -8.50578053623686e-05
0.04299999999998103 0.00202307264870217 -8.832925941475774e-05
0.04299999999998104 0.002098001265320581 -9.160071346714798e-05
0.04299999999998103 0.002172929881939161 -9.487216751954558e-05
0.04299999999998103 0.002247858498557403 -9.814362157192839e-05
0.04299999999998103 0.002322787115176135 -0.0001014150756243327
0.04299999999998104 0.002397715731794901 -0.0001046865296767383
0.04299999999998103 0.002472644348413837 -0.0001079579837291515
0.04299999999998103 0.002547572965032619 -0.000111229437781558
0.04299999999998101 0.002622501581651489 -0.0001145008918339683
0.04299999999998103 0.002697430198270273 -0.0001177723458863748
0.04299999999998103 0.002772358814888988 -0.0001210437999387783
0.04299999999998103 0.002847287431507905 -0.0001243152539911906
0.04299999999998102 0.002922216048126655 -0.0001275867080435957
0.04399999999998422 0.001573500948991281 -6.87005351003979e-05
0.04399999999998422 0.001648429565609863 -7.197198915279555e-05
0.04399999999998423 0.001723358182228358 -7.524344320518945e-05
0.04399999999998423 0.001798286798846853 -7.851489725758336e-05
0.04399999999998422 0.001873215415465348 -8.178635130997729e-05
0.04399999999998422 0.001948144032083785 -8.505780536236859e-05
0.04399999999998423 0.00202307264870217 -8.832925941475773e-05
0.04399999999998422 0.002098001265320581 -9.160071346714797e-05
0.04399999999998422 0.002172929881939161 -9.487216751954557e-05
0.04399999999998422 0.002247858498557403 -9.814362157192841e-05
0.04399999999998422 0.002322787115176135 -0.0001014150756243327
0.04399999999998421 0.0023977157317949 -0.0001046865296767383
0.04399999999998422 0.002472644348413836 -0.0001079579837291515
0.04399999999998421 0.00254757296503262 -0.000111229437781558
0.04399999999998422 0.002622501581651489 -0.0001145008918339683
0.04399999999998421 0.002697430198270273 -0.0001177723458863748
0.04399999999998421 0.002772358814888988 -0.0001210437999387782
0.04399999999998422 0.002847287431507904 -0.0001243152539911906
0.04399999999998422 0.002922216048126655 -0.0001275867080435957
0.04499999999998645 0.001573500948991282 -6.87005351003979e-05
0.04499999999998644 0.001648429565609863 -7.197198915279555e-05
0.04499999999998644 0.001723358182228358 -7.524344320518945e-05
0.04499999999998644 0.001798286798846854 -7.851489725758335e-05
0.04499999999998644 0.001873215415465349 -8.178635130997729e-05
0.04499999999998644 0.001948144032083785 -8.505780536236859e-05
0.04499999999998643 0.00202307264870217 -8.832925941475773e-05
0.04499999999998644 0.002098001265320581 -9.160071346714797e-05
0.04499999999998644 0.002172929881939161 -9.487216751954558e-05
0.04499999999998644 0.002247858498557403 -9.814362157192842e-05
0.04499999999998644 0.002322787115176135 -0.0001014150756243327
0.04499999999998644 0.002397715731794901 -0.0001046865296767384
0.04499999999998644 0.002472644348413837 -0.0001079579837291515
0.04499999999998644 0.002547572965032619 -0.000111229437781558
0.04499999999998644 0.002622501581651489 -0.0001145008918339683
0.04499999999998644 0.002697430198270272 -0.0001177723458863748
0.04499999999998644 0.002772358814888988 -0.0001210437999387783
0.04499999999998644 0.002847287431507906 -0.0001243152539911906
0.04499999999998643 0.002922216048126655 -0.0001275867080435956
0.04599999999998947 0.001573500948991282 -6.87005351003979e-05
0.04599999999998948 0.001648429565609863 -7.197198915279555e-05
0.04599999999998947 0.001723358182228358 -7.524344320518947e-05
0.04599999999998947 0.001798286798846854 -7.851489725758338e-05
0.04599999999998948 0.001873215415465349 -8.178635130997729e-05
0.04599999999998947 0.001948144032083785 -8.505780536236859e-05
0.04599999999998948 0.00202307264870217 -8.832925941475773e-05
0.04599999999998949 0.002098001265320581 -9.160071346714797e-05
0.04599999999998947 0.002172929881939162 -9.487216751954558e-05
0.04599999999998948 0.002247858498557403 -9.814362157192839e-05
0.04599999999998949 0.002322787115176135 -0.0001014150756243327
0.04599999999998948 0.002397715731794901 -0.0001046865296767383
0.04599999999998946 0.002472644348413837 -0.0001079579837291515
0.04599999999998947 0.00254757296503262 -0.000111229437781558
0.04599999999998947 0.002622501581651489 -0.0001145008918339683
0.0459999999999895 0.002697430198270273 -0.0001177723458863748
0.04599999999998947 0.002772358814888988 -0.0001210437999387783
0.04599999999998949 0.002847287431507907 -0.0001243152539911907
0.04599999999998948 0.002922216048126655 -0.0001275867080435957
0.04699999999999188 0.001573500948991282 -6.870053510039791e-05
0.04699999999999185 0.001648429565609863 -7.197198915279555e-05
0.04699999999999188 0.001723358182228358 -7.524344320518947e-05
0.04699999999999187 0.001798286798846853 -7.851489725758336e-05
0.04699999999999185 0.001873215415465349 -8.17863513099773e-05
0.04699999999999185 0.001948144032083785 -8.50578053623686e-05
0.04699999999999188 0.00202307264870217 -8.832925941475772e-05
0.04699999999999185 0.002098001265320581 -9.160071346714795e-05
0.04699999999999187 0.002172929881939161 -9.487216751954555e-05
0.04699999999999187 0.002247858498557403 -9.814362157192839e-05
0.04699999999999185 0.002322787115176135 -0.0001014150756243327
0.04699999999999185 0.0023977157317949 -0.0001046865296767383
0.04699999999999186 0.002472644348413836 -0.0001079579837291515
0.04699999999999185 0.002547572965032619 -0.000111229437781558
0.04699999999999187 0.002622501581651489 -0.0001145008918339683
0.04699999999999187 0.002697430198270273 -0.0001177723458863748
0.04699999999999186 0.002772358814888989 -0.0001210437999387783
0.04699999999999188 0.002847287431507905 -0.0001243152539911906
0.04699999999999187 0.002922216048126655 -0.0001275867080435956
0.04799999999999473 0.001573500948991282 -6.87005351003979e-05
0.04799999999999474 0.001648429565609863 -7.197198915279557e-05
0.04799999999999473 0.001723358182228358 -7.524344320518945e-05
0.04799999999999474 0.001798286798846853 -7.851489725758335e-05
0.04799999999999473 0.001873215415465349 -8.178635130997729e-05
0.04799999999999473 0.001948144032083785 -8.50578053623686e-05
0.04799999999999475 0.00202307264870217 -8.832925941475772e-05
0.04799999999999474 0.002098001265320581 -9.160071346714797e-05
0.04799999999999474 0.002172929881939162 -9.487216751954558e-05
0.04799999999999473 0.002247858498557403 -9.814362157192839e-05
0.04799999999999473 0.002322787115176135 -0.0001014150756243327
0.04799999999999474 0.002397715731794901 -0.0001046865296767383
0.04799999999999472 0.002472644348413836 -0.0001079579837291515
0.04799999999999474 0.00254757296503262 -0.000111229437781558
0.04799999999999473 0.002622501581651489 -0.0001145008918339683
0.04799999999999473 0.002697430198270273 -0.0001177723458863748
0.04799999999999474 0.002772358814888988 -0.0001210437999387782
0.04799999999999473 0.002847287431507906 -0.0001243152539911906
0.04799999999999473 0.002922216048126655 -0.0001275867080435956
0.0489999999999973 0.001573500948991282 -6.87005351003979e-05
0.04899999999999726 0.001648429565609862 -7.197198915279555e-05
0.04899999999999727 0.001723358182228358 -7.524344320518945e-05
0.04899999999999728 0.001798286798846853 -7.851489725758336e-05
0.04899999999999729 0.001873215415465348 -8.178635130997729e-05
0.0489999999999973 0.001948144032083785 -8.505780536236859e-05
0.04899999999999728 0.00202307264870217 -8.832925941475773e-05
0.0489999999999973 0.002098001265320581 -9.160071346714797e-05
0.0489999999999973 0.002172929881939161 -9.487216751954557e-05
0.04899999999999731 0.002247858498557403 -9.814362157192839e-05
0.04899999999999728 0.002322787115176135 -0.0001014150756243327
0.04899999999999729 0.002397715731794901 -0.0001046865296767383
0.0489999999999973 0.002472644348413836 -0.0001079579837291515
0.04899999999999727 0.00254757296503262 -0.000111229437781558
0.0489999999999973 0.002622501581651489 -0.0001145008918339683
0.04899999999999729 0.002697430198270273 -0.0001177723458863748
0.0489999999999973 0.002772358814888988 -0.0001210437999387783
0.04899999999999727 0.002847287431507905 -0.0001243152539911906
0.04899999999999729 0.002922216048126655 -0.0001275867080435957
2 4 0 931
2849
2850
2851
2852
2853
2854
2855
2856
2857
2858
2859
2860
2861
2862
2863
2864
2865
2866
2867
2868
2869
2870
2871
2872
2873
2874
2875
2876
2877
2878
2879
2880
2881
2882
2883
2884
2885
2886
2887
2888
2889
2890
2891
2892
2893
2894
2895
2896
2897
2898
2899
2900
2901
2902
2903
2904
2905
2906
2907
2908
2909
2910
2911
2912
2913
2914
2915
2916
2917
2918
2919
2920
2921
2922
2923
2924
2925
2926
2927
2928
2929
2930
2931
2932
2933
2934
2935
2936
2937
2938
2939
2940
2941
2942
2943
2944
2945
2946
2947
2948
2949
2950
2951
2952
2953
2954
2955
2956
2957
2958
2959
2960
2961
2962
2963
2964
2965
2966
2967
2968
2969
2970
2971
2972
2973
2974
2975
2976
2977
2978
2979
2980
2981
2982
2983
2984
2985
2986
2987
2988
2989
2990
2991
2992
2993
2994
2995
2996
2997
2998
2999
3000
3001
3002
3003
3004
3005
3006
3007
3008
3009
3010
3011
3012
3013
3014
3015
3016
3017
3018
3019
3020
3021
3022
3023
3024
3025
3026
3027
3028
3029
3030
3031
3032
3033
3034
3035
3036
3037
3038
3039
3040
3041
3042
3043
3044
3045
3046
3047
3048
3049
3050
3051
3052
3053
3054
3055
3056
3057
3058
3059
3060
3061
3062
3063
3064
3065
3066
3067
3068
3069
3070
3071
3072
3073
3074
3075
3076
3077
3078
3079
3080
3081
3082
3083
3084
3085
3086
3087
3088
3089
3090
3091
3092
3093
3094
3095
3096
3097
3098
3099
3100
3101
3102
3103
3104
3105
3106
3107
3108
3109
3110
3111
3112
3113
3114
3115
3116
3117
3118
3119
3120
3121
3122
3123
3124
3125
3126
3127
3128
3129
3130
3131
3132
3133
3134
3135
3136
3137
3138
3139
3140
3141
3142
3143
3144
3145
3146
3147
3148
3149
3150
3151
3152
3153
3154
3155
3156
3157
3158
3159
3160
3161
3162
3163
3164
3165
3166
3167
3168
3169
3170
3171
3172
3173
3174
3175
3176
3177
3178
3179
3180
3181
3182
3183
3184
3185
3186
3187
3188
3189
3190
3191
3192
3193
3194
3195
3196
3197
3198
3199
3200
3201
3202
3203
3204
3205
3206
3207
3208
3209
3210
3211
3212
3213
3214
3215
3216
3217
3218
3219
3220
3221
3222
3223
3224
3225
3226
3227
3228
3229
3230
3231
3232
3233
3234
3235
3236
3237
3238
3239
3240
3241
3242
3243
3244
3245
3246
3247
3248
3249
3250
3251
3252
3253
3254
3255
3256
3257
3258
3259
3260
3261
3262
3263
3264
3265
3266
3267
3268
3269
3270
3271
3272
3273
3274
3275
3276
3277
3278
3279
3280
3281
3282
3283
3284
3285
3286
3287
3288
3289
3290
3291
3292
3293
3294
3295
3296
3297
3298
3299
3300
3301
3302
3303
3304
3305
3306
3307
3308
3309
3310
3311
3312
3313
3314
3315
3316
3317
3318
3319
3320
3321
3322
3323
3324
3325
3326
3327
3328
3329
3330
3331
3332
3333
3334
3335
3336
3337
3338
3339
3340
3341
3342
3343
3344
3345
3346
3347
3348
3349
3350
3351
3352
3353
3354
3355
3356
3357
3358
3359
3360
3361
3362
3363
3364
3365
3366
3367
3368
3369
3370
3371
3372
3373
3374
3375
3376
3377
3378
3379
3380
3381
3382
3383
3384
3385
3386
3387
3388
3389
3390
3391
3392
3393
3394
3395
3396
3397
3398
3399
3400
3401
3402
3403
3404
3405
3406
3407
3408
3409
3410
3411
3412
3413
3414
3415
3416
3417
3418
3419
3420
3421
3422
3423
3424
3425
3426
3427
3428
3429
3430
3431
3432
3433
3434
3435
3436
3437
3438
3439
3440
3441
3442
3443
3444
3445
3446
3447
3448
3449
3450
3451
3452
3453
3454
3455
3456
3457
3458
3459
3460
3461
3462
3463
3464
3465
3466
3467
3468
3469
3470
3471
3472
3473
3474
3475
3476
3477
3478
3479
3480
3481
3482
3483
3484
3485
3486
3487
3488
3489
3490
3491
3492
3493
3494
3495
3496
3497
3498
3499
3500
3501
3502
3503
3504
3505
3506
3507
3508
3509
3510
3511
3512
3513
3514
3515
3516
3517
3518
3519
3520
3521
3522
3523
3524
3525
3526
3527
3528
3529
3530
3531
3532
3533
3534
3535
3536
3537
3538
3539
3540
3541
3542
3543
3544
3545
3546
3547
3548
3549
3550
3551
3552
3553
3554
3555
3556
3557
3558
3559
3560
3561
3562
3563
3564
3565
3566
3567
3568
3569
3570
3571
3572
3573
3574
3575
3576
3577
3578
3579
3580
3581
3582
3583
3584
3585
3586
3587
3588
3589
3590
3591
3592
3593
3594
3595
3596
3597
3598
3599
3600
3601
3602
3603
3604
3605
3606
3607
3608
3609
3610
3611
3612
3613
3614
3615
3616
3617
3618
3619
3620
3621
3622
3623
3624
3625
3626
3627
3628
3629
3630
3631
3632
3633
3634
3635
3636
3637
3638
3639
3640
3641
3642
3643
3644
3645
3646
3647
3648
3649
3650
3651
3652
3653
3654
3655
3656
3657
3658
3659
3660
3661
3662
3663
3664
3665
3666
3667
3668
3669
3670
3671
3672
3673
3674
3675
3676
3677
3678
3679
3680
3681
3682
3683
3684
3685
3686
3687
3688
3689
3690
3691
3692
3693
3694
3695
3696
3697
3698
3699
3700
3701
3702
3703
3704
3705
3706
3707
3708
3709
3710
3711
3712
3713
3714
3715
3716
3717
3718
3719
3720
3721
3722
3723
3724
3725
3726
3727
3728
3729
3730
3731
3732
3733
3734
3735
3736
3737
3738
3739
3740
3741
3742
3743
3744
3745
3746
3747
3748
3749
3750
3751
3752
3753
3754
3755
3756
3757
3758
3759
3760
3761
3762
3763
3764
3765
3766
3767
3768
3769
3770
3771
3772
3773
3774
3775
3776
3777
3778
3779
0.0009999999999981961 4.995241107899522e-05 2.180969368262535e-06
0.0009999999999981966 9.990482215800374e-05 4.361938736525653e-06
0.0009999999999981966 0.000149857233236985 6.542908104787577e-06
0.0009999999999981968 0.0001998096443159382 8.723877473048277e-06
0.0009999999999981961 0.000249762055394903 1.090484684130949e-05
0.0009999999999981972 0.0002997144664738605 1.308581620957037e-05
0.0009999999999981968 0.0003496668775527948 1.526678557783025e-05
0.0009999999999981968 0.000399619288631767 1.744775494609178e-05
0.0009999999999981966 0.0004495716997107012 1.962872431435166e-05
0.0009999999999981968 0.0004995241107896374 2.180969368261162e-05
0.0009999999999981968 0.0005494765218688852 2.399066305088516e-05
0.0009999999999981972 0.0005994289329480943 2.617163241915705e-05
0.0009999999999981966 0.000649381344027295 2.835260178742857e-05
0.0009999999999981968 0.000699333755106551 3.053357115570248e-05
0.0009999999999981968 0.0007492861661857476 3.271454052397381e-05
0.0009999999999981968 0.0007992385772649447 3.489550989224515e-05
0.0009999999999981968 0.0008491909883442002 3.707647926051904e-05
0.0009999999999981968 0.0008991433994234013 3.925744862879057e-05
0.0009999999999981968 0.0009490958105026104 4.143841799706246e-05
0.001999999999996262 4.995241107899524e-05 2.180969368262536e-06
0.001999999999996261 9.990482215800374e-05 4.361938736525654e-06
0.00199999999999626 0.000149857233236985 6.542908104787577e-06
0.00199999999999626 0.0001998096443159382 8.723877473048279e-06
0.001999999999996262 0.000249762055394903 1.090484684130949e-05
0.00199999999999626 0.0002997144664738605 1.308581620957037e-05
0.001999999999996261 0.0003496668775527948 1.526678557783025e-05
0.001999999999996261 0.000399619288631767 1.744775494609178e-05
0.001999999999996262 0.0004495716997107012 1.962872431435166e-05
0.001999999999996261 0.0004995241107896376 2.180969368261162e-05
0.00199999999999626 0.0005494765218688852 2.399066305088516e-05
0.00199999999999626 0.0005994289329480944 2.617163241915705e-05
0.00199999999999626 0.0006493813440272953 2.835260178742857e-05
0.00199999999999626 0.0006993337551065511 3.053357115570248e-05
0.00199999999999626 0.0007492861661857477 3.271454052397382e-05
0.00199999999999626 0.0007992385772649446 3.489550989224514e-05
0.00199999999999626 0.0008491909883442002 3.707647926051905e-05
0.00199999999999626 0.0008991433994234013 3.925744862879056e-05
0.00199999999999626 0.0009490958105026105 4.143841799706246e-05
0.002999999999994155 4.995241107899522e-05 2.180969368262536e-06
0.002999999999994155 9.990482215800374e-05 4.361938736525653e-06
0.002999999999994156 0.000149857233236985 6.542908104787578e-06
0.002999999999994155 0.0001998096443159382 8.723877473048277e-06
0.002999999999994156 0.000249762055394903 1.090484684130949e-05
0.002999999999994156 0.0002997144664738605 1.308581620957037e-05
0.002999999999994158 0.0003496668775527948 1.526678557783025e-05
0.002999999999994157 0.0003996192886317671 1.744775494609179e-05
0.002999999999994157 0.0004495716997107013 1.962872431435166e-05
0.002999999999994157 0.0004995241107896376 2.180969368261161e-05
0.002999999999994157 0.0005494765218688853 2.399066305088517e-05
0.002999999999994157 0.0005994289329480944 2.617163241915705e-05
0.002999999999994158 0.0006493813440272953 2.835260178742857e-05
0.002999999999994157 0.0006993337551065512 3.053357115570249e-05
0.002999999999994157 0.0007492861661857477 3.271454052397382e-05
0.002999999999994158 0.0007992385772649449 3.489550989224515e-05
0.002999999999994157 0.0008491909883442002 3.707647926051905e-05
0.002999999999994157 0.0008991433994234011 3.925744862879057e-05
0.002999999999994158 0.0009490958105026104 4.143841799706246e-05
0.003999999999992683 4.995241107899524e-05 2.180969368262535e-06
0.003999999999992682 9.990482215800376e-05 4.361938736525652e-06
0.003999999999992683 0.000149857233236985 6.542908104787577e-06
0.003999999999992683 0.0001998096443159382 8.723877473048277e-06
0.003999999999992683 0.000249762055394903 1.090484684130949e-05
0.003999999999992682 0.0002997144664738605 1.308581620957037e-05
0.003999999999992683 0.0003496668775527948 1.526678557783025e-05
0.003999999999992683 0.0003996192886317671 1.744775494609178e-05
0.003999999999992683 0.0004495716997107012 1.962872431435165e-05
0.003999999999992681 0.0004995241107896376 2.180969368261161e-05
0.003999999999992683 0.0005494765218688853 2.399066305088518e-05
0.003999999999992683 0.0005994289329480944 2.617163241915705e-05
0.003999999999992682 0.0006493813440272957 2.835260178742857e-05
0.003999999999992683 0.000699333755106551 3.053357115570248e-05
0.003999999999992683 0.0007492861661857477 3.271454052397381e-05
0.003999999999992683 0.0007992385772649447 3.489550989224515e-05
0.003999999999992682 0.0008491909883442001 3.707647926051904e-05
0.003999999999992683 0.0008991433994234013 3.925744862879057e-05
0.003999999999992683 0.0009490958105026108 4.143841799706246e-05
0.004999999999991242 4.995241107899524e-05 2.180969368262536e-06
0.004999999999991242 9.990482215800377e-05 4.361938736525652e-06
0.004999999999991243 0.000149857233236985 6.542908104787576e-06
0.004999999999991245 0.0001998096443159382 8.723877473048277e-06
0.004999999999991245 0.000249762055394903 1.090484684130949e-05
0.004999999999991244 0.0002997144664738606 1.308581620957038e-05
0.004999999999991244 0.0003496668775527948 1.526678557783025e-05
0.004999999999991244 0.0003996192886317669 1.744775494609178e-05
0.004999999999991245 0.0004495716997107014 1.962872431435165e-05
0.004999999999991244 0.0004995241107896376 2.180969368261162e-05
0.004999999999991244 0.0005494765218688852 2.399066305088517e-05
0.004999999999991244 0.0005994289329480943 2.617163241915704e-05
0.004999999999991245 0.0006493813440272953 2.835260178742857e-05
0.004999999999991245 0.0006993337551065512 3.053357115570249e-05
0.004999999999991245 0.0007492861661857477 3.271454052397381e-05
0.004999999999991245 0.0007992385772649447 3.489550989224515e-05
0.004999999999991245 0.0008491909883442002 3.707647926051905e-05
0.004999999999991246 0.0008991433994234013 3.925744862879058e-05
0.004999999999991244 0.0009490958105026106 4.143841799706246e-05
0.00599999999998978 4.995241107899524e-05 2.180969368262536e-06
0.005999999999989781 9.990482215800376e-05 4.361938736525653e-06
0.005999999999989781 0.000149857233236985 6.542908104787577e-06
0.005999999999989781 0.0001998096443159382 8.723877473048277e-06
0.00599999999998978 0.000249762055394903 1.090484684130949e-05
0.005999999999989779 0.0002997144664738605 1.308581620957037e-05
0.005999999999989781 0.0003496668775527948 1.526678557783025e-05
0.005999999999989782 0.000399619288631767 1.744775494609178e-05
0.005999999999989783 0.0004495716997107012 1.962872431435166e-05
0.005999999999989781 0.0004995241107896376 2.180969368261162e-05
0.00599999999998978 0.0005494765218688852 2.399066305088517e-05
0.005999999999989782 0.0005994289329480944 2.617163241915705e-05
0.00599999999998978 0.0006493813440272953 2.835260178742857e-05
0.005999999999989781 0.000699333755106551 3.053357115570248e-05
0.00599999999998978 0.0007492861661857477 3.271454052397381e-05
0.005999999999989783 0.0007992385772649448 3.489550989224515e-05
0.005999999999989781 0.0008491909883442002 3.707647926051904e-05
0.005999999999989782 0.0008991433994234013 3.925744862879056e-05
0.005999999999989783 0.0009490958105026105 4.143841799706246e-05
0.006999999999987295 4.995241107899522e-05 2.180969368262536e-06
0.006999999999987294 9.990482215800374e-05 4.361938736525653e-06
0.006999999999987296 0.0001498572332369849 6.542908104787573e-06
0.006999999999987296 0.0001998096443159382 8.723877473048277e-06
0.006999999999987296 0.000249762055394903 1.090484684130949e-05
0.006999999999987296 0.0002997144664738605 1.308581620957037e-05
0.006999999999987296 0.0003496668775527947 1.526678557783025e-05
0.006999999999987294 0.0003996192886317672 1.744775494609178e-05
0.006999999999987294 0.0004495716997107012 1.962872431435166e-05
0.006999999999987295 0.0004995241107896376 2.180969368261162e-05
0.006999999999987296 0.0005494765218688852 2.399066305088517e-05
0.006999999999987296 0.0005994289329480944 2.617163241915705e-05
0.006999999999987295 0.0006493813440272953 2.835260178742857e-05
0.006999999999987294 0.0006993337551065511 3.053357115570248e-05
0.006999999999987295 0.0007492861661857475 3.27145405239738e-05
0.006999999999987292 0.0007992385772649447 3.489550989224515e-05
0.006999999999987294 0.0008491909883442002 3.707647926051905e-05
0.006999999999987293 0.0008991433994234013 3.925744862879056e-05
0.006999999999987296 0.0009490958105026105 4.143841799706246e-05
0.007999999999984426 4.995241107899524e-05 2.180969368262535e-06
0.007999999999984422 9.990482215800378e-05 4.361938736525653e-06
0.007999999999984428 0.000149857233236985 6.542908104787577e-06
0.007999999999984426 0.0001998096443159382 8.723877473048277e-06
0.007999999999984426 0.000249762055394903 1.090484684130949e-05
0.007999999999984426 0.0002997144664738605 1.308581620957037e-05
0.007999999999984426 0.0003496668775527948 1.526678557783025e-05
0.007999999999984426 0.000399619288631767 1.744775494609178e-05
0.007999999999984426 0.0004495716997107012 1.962872431435166e-05
0.007999999999984426 0.0004995241107896374 2.180969368261162e-05
0.007999999999984426 0.0005494765218688853 2.399066305088517e-05
0.007999999999984426 0.0005994289329480944 2.617163241915705e-05
0.007999999999984426 0.0006493813440272952 2.835260178742857e-05
0.007999999999984426 0.0006993337551065511 3.053357115570248e-05
0.007999999999984426 0.0007492861661857476 3.271454052397381e-05
0.007999999999984426 0.0007992385772649447 3.489550989224515e-05
0.007999999999984426 0.0008491909883442002 3.707647926051905e-05
0.007999999999984426 0.0008991433994234013 3.925744862879057e-05
0.007999999999984428 0.0009490958105026105 4.143841799706246e-05
0.008999999999981544 4.995241107899522e-05 2.180969368262536e-06
0.008999999999981545 9.990482215800374e-05 4.361938736525653e-06
0.008999999999981544 0.000149857233236985 6.542908104787577e-06
0.008999999999981544 0.0001998096443159382 8.723877473048277e-06
0.008999999999981544 0.000249762055394903 1.090484684130949e-05
0.008999999999981545 0.0002997144664738605 1.308581620957037e-05
0.008999999999981544 0.0003496668775527948 1.526678557783025e-05
0.008999999999981544 0.000399619288631767 1.744775494609178e-05
0.008999999999981544 0.0004495716997107012 1.962872431435165e-05
0.008999999999981544 0.0004995241107896376 2.180969368261161e-05
0.008999999999981544 0.0005494765218688853 2.399066305088517e-05
0.008999999999981544 0.0005994289329480944 2.617163241915705e-05
0.008999999999981544 0.0006493813440272953 2.835260178742857e-05
0.008999999999981544 0.0006993337551065511 3.053357115570248e-05
0.008999999999981544 0.0007492861661857477 3.271454052397382e-05
0.008999999999981544 0.0007992385772649448 3.489550989224515e-05
0.008999999999981544 0.0008491909883442002 3.707647926051905e-05
0.008999999999981544 0.0008991433994234014 3.925744862879058e-05
0.008999999999981542 0.0009490958105026105 4.143841799706246e-05
0.009999999999978007 4.995241107899522e-05 2.180969368262536e-06
0.009999999999978009 9.990482215800376e-05 4.361938736525653e-06
0.009999999999978007 0.000149857233236985 6.542908104787576e-06
0.009999999999978006 0.0001998096443159382 8.723877473048277e-06
0.009999999999978006 0.0002497620553949031 1.090484684130948e-05
0.009999999999978007 0.0002997144664738606 1.308581620957037e-05
0.009999999999978009 0.0003496668775527948 1.526678557783025e-05
0.009999999999978009 0.000399619288631767 1.744775494609178e-05
0.009999999999978007 0.0004495716997107012 1.962872431435166e-05
0.009999999999978004 0.0004995241107896376 2.180969368261162e-05
0.009999999999978006 0.0005494765218688848 2.399066305088516e-05
0.009999999999978007 0.0005994289329480944 2.617163241915705e-05
0.009999999999978006 0.0006493813440272952 2.835260178742856e-05
0.009999999999978006 0.0006993337551065512 3.053357115570248e-05
0.009999999999978004 0.0007492861661857476 3.27145405239738e-05
0.009999999999978006 0.0007992385772649448 3.489550989224515e-05
0.009999999999978009 0.0008491909883442002 3.707647926051904e-05
0.009999999999978006 0.0008991433994234014 3.925744862879058e-05
0.009999999999978006 0.0009490958105026106 4.143841799706245e-05
0.01099999999997513 4.995241107899522e-05 2.180969368262536e-06
0.01099999999997515 9.990482215800376e-05 4.361938736525652e-06
0.01099999999997513 0.000149857233236985 6.542908104787577e-06
0.01099999999997513 0.0001998096443159382 8.723877473048277e-06
0.01099999999997513 0.0002497620553949031 1.090484684130948e-05
0.01099999999997514 0.0002997144664738606 1.308581620957037e-05
0.01099999999997514 0.0003496668775527948 1.526678557783024e-05
0.01099999999997514 0.000399619288631767 1.744775494609178e-05
0.01099999999997514 0.0004495716997107012 1.962872431435165e-05
0.01099999999997513 0.0004995241107896374 2.180969368261162e-05
0.01099999999997514 0.0005494765218688853 2.399066305088517e-05
0.01099999999997514 0.0005994289329480944 2.617163241915705e-05
0.01099999999997514 0.0006493813440272955 2.835260178742858e-05
0.01099999999997514 0.0006993337551065511 3.053357115570249e-05
0.01099999999997513 0.0007492861661857477 3.27145405239738e-05
0.01099999999997513 0.0007992385772649449 3.489550989224515e-05
0.01099999999997513 0.0008491909883442002 3.707647926051904e-05
0.01099999999997513 0.0008991433994234013 3.925744862879056e-05
0.01099999999997513 0.0009490958105026105 4.143841799706245e-05
0.01199999999997227 4.995241107899524e-05 2.180969368262535e-06
0.01199999999997227 9.990482215800377e-05 4.361938736525653e-06
0.01199999999997227 0.000149857233236985 6.542908104787577e-06
0.01199999999997227 0.0001998096443159382 8.723877473048275e-06
0.01199999999997227 0.000249762055394903 1.090484684130949e-05
0.01199999999997227 0.0002997144664738605 1.308581620957037e-05
0.01199999999997227 0.0003496668775527948 1.526678557783025e-05
0.01199999999997227 0.000399619288631767 1.744775494609178e-05
0.01199999999997227 0.0004495716997107012 1.962872431435166e-05
0.01199999999997227 0.0004995241107896376 2.180969368261162e-05
0.01199999999997227 0.0005494765218688853 2.399066305088516e-05
0.01199999999997227 0.0005994289329480944 2.617163241915705e-05
0.01199999999997227 0.0006493813440272953 2.835260178742858e-05
0.01199999999997227 0.0006993337551065513 3.053357115570248e-05
0.01199999999997227 0.0007492861661857476 3.271454052397381e-05
0.01199999999997227 0.0007992385772649449 3.489550989224516e-05
0.01199999999997227 0.0008491909883442003 3.707647926051905e-05
0.01199999999997227 0.0008991433994234013 3.925744862879056e-05
0.01199999999997227 0.0009490958105026105 4.143841799706248e-05
0.01299999999996939 4.995241107899522e-05 2.180969368262535e-06
0.0129999999999694 9.990482215800376e-05 4.361938736525654e-06
0.01299999999996939 0.000149857233236985 6.542908104787576e-06
0.0129999999999694 0.0001998096443159382 8.723877473048277e-06
0.0129999999999694 0.000249762055394903 1.090484684130949e-05
0.0129999999999694 0.0002997144664738605 1.308581620957037e-05
0.0129999999999694 0.0003496668775527948 1.526678557783025e-05
0.0129999999999694 0.000399619288631767 1.744775494609178e-05
0.0129999999999694 0.0004495716997107012 1.962872431435166e-05
0.0129999999999694 0.0004995241107896376 2.180969368261161e-05
0.0129999999999694 0.0005494765218688853 2.399066305088517e-05
0.0129999999999694 0.0005994289329480943 2.617163241915705e-05
0.0129999999999694 0.0006493813440272953 2.835260178742857e-05
0.0129999999999694 0.0006993337551065512 3.053357115570248e-05
0.0129999999999694 0.0007492861661857476 3.271454052397381e-05
0.0129999999999694 0.0007992385772649448 3.489550989224515e-05
0.0129999999999694 0.0008491909883442003 3.707647926051905e-05
0.0129999999999694 0.0008991433994234013 3.925744862879057e-05
0.0129999999999694 0.0009490958105026106 4.143841799706246e-05
0.01399999999996652 4.995241107899522e-05 2.180969368262536e-06
0.01399999999996653 9.990482215800377e-05 4.361938736525653e-06
0.01399999999996653 0.000149857233236985 6.542908104787577e-06
0.01399999999996653 0.0001998096443159382 8.723877473048275e-06
0.01399999999996653 0.000249762055394903 1.090484684130949e-05
0.01399999999996653 0.0002997144664738605 1.308581620957037e-05
0.01399999999996653 0.0003496668775527948 1.526678557783025e-05
0.01399999999996653 0.0003996192886317671 1.744775494609178e-05
0.01399999999996653 0.0004495716997107014 1.962872431435165e-05
0.01399999999996653 0.0004995241107896377 2.180969368261161e-05
0.01399999999996653 0.0005494765218688853 2.399066305088517e-05
0.01399999999996653 0.0005994289329480944 2.617163241915705e-05
0.01399999999996652 0.0006493813440272953 2.835260178742857e-05
0.01399999999996653 0.0006993337551065509 3.053357115570247e-05
0.01399999999996653 0.0007492861661857477 3.27145405239738e-05
0.01399999999996653 0.0007992385772649447 3.489550989224515e-05
0.01399999999996653 0.0008491909883442001 3.707647926051906e-05
0.01399999999996653 0.0008991433994234012 3.925744862879056e-05
0.01399999999996653 0.0009490958105026105 4.143841799706246e-05
0.01499999999996365 4.995241107899522e-05 2.180969368262536e-06
0.01499999999996366 9.990482215800374e-05 4.361938736525653e-06
0.01499999999996365 0.000149857233236985 6.542908104787577e-06
0.01499999999996365 0.0001998096443159382 8.723877473048277e-06
0.01499999999996365 0.000249762055394903 1.090484684130949e-05
0.01499999999996365 0.0002997144664738606 1.308581620957037e-05
0.01499999999996365 0.0003496668775527948 1.526678557783025e-05
0.01499999999996365 0.0003996192886317671 1.744775494609178e-05
0.01499999999996365 0.0004495716997107012 1.962872431435166e-05
0.01499999999996365 0.0004995241107896376 2.180969368261162e-05
0.01499999999996365 0.0005494765218688853 2.399066305088518e-05
0.01499999999996365 0.0005994289329480944 2.617163241915705e-05
0.01499999999996365 0.0006493813440272953 2.835260178742857e-05
0.01499999999996365 0.000699333755106551 3.053357115570248e-05
0.01499999999996365 0.0007492861661857477 3.271454052397381e-05
0.01499999999996365 0.0007992385772649448 3.489550989224515e-05
0.01499999999996365 0.0008491909883442002 3.707647926051904e-05
0.01499999999996365 0.0008991433994234014 3.925744862879058e-05
0.01499999999996365 0.0009490958105026103 4.143841799706246e-05
0.01599999999996079 4.995241107899524e-05 2.180969368262535e-06
0.01599999999996079 9.99048221580038e-05 4.361938736525653e-06
0.0159999999999608 0.000149857233236985 6.542908104787577e-06
0.01599999999996078 0.0001998096443159382 8.723877473048277e-06
0.01599999999996078 0.000249762055394903 1.090484684130949e-05
0.01599999999996079 0.0002997144664738606 1.308581620957037e-05
0.01599999999996079 0.0003496668775527948 1.526678557783025e-05
0.01599999999996079 0.0003996192886317672 1.744775494609178e-05
0.01599999999996079 0.0004495716997107013 1.962872431435166e-05
0.01599999999996079 0.0004995241107896376 2.180969368261162e-05
0.01599999999996079 0.0005494765218688853 2.399066305088517e-05
0.01599999999996079 0.0005994289329480944 2.617163241915704e-05
0.01599999999996079 0.0006493813440272953 2.835260178742857e-05
0.01599999999996079 0.000699333755106551 3.053357115570248e-05
0.01599999999996079 0.0007492861661857476 3.27145405239738e-05
0.01599999999996079 0.0007992385772649449 3.489550989224516e-05
0.01599999999996079 0.0008491909883442003 3.707647926051906e-05
0.01599999999996079 0.0008991433994234015 3.925744862879058e-05
0.01599999999996079 0.0009490958105026106 4.143841799706246e-05
0.01699999999995792 4.995241107899524e-05 2.180969368262536e-06
0.01699999999995792 9.990482215800377e-05 4.361938736525653e-06
0.01699999999995792 0.000149857233236985 6.542908104787577e-06
0.01699999999995792 0.0001998096443159382 8.723877473048277e-06
0.01699999999995792 0.000249762055394903 1.090484684130949e-05
0.01699999999995792 0.0002997144664738605 1.308581620957037e-05
0.01699999999995792 0.0003496668775527948 1.526678557783025e-05
0.01699999999995792 0.000399619288631767 1.744775494609178e-05
0.01699999999995792 0.0004495716997107012 1.962872431435166e-05
0.01699999999995792 0.0004995241107896376 2.180969368261161e-05
0.01699999999995792 0.0005494765218688853 2.399066305088517e-05
0.01699999999995792 0.0005994289329480944 2.617163241915705e-05
0.01699999999995792 0.0006493813440272953 2.835260178742858e-05
0.01699999999995792 0.000699333755106551 3.053357115570248e-05
0.01699999999995792 0.0007492861661857477 3.271454052397382e-05
0.01699999999995792 0.0007992385772649447 3.489550989224515e-05
0.01699999999995792 0.0008491909883442002 3.707647926051905e-05
0.01699999999995792 0.0008991433994234013 3.925744862879057e-05
0.01699999999995792 0.0009490958105026104 4.143841799706246e-05
0.01799999999995505 4.995241107899521e-05 2.180969368262536e-06
0.01799999999995505 9.990482215800376e-05 4.361938736525653e-06
0.01799999999995504 0.000149857233236985 6.542908104787576e-06
0.01799999999995505 0.0001998096443159382 8.723877473048277e-06
0.01799999999995505 0.000249762055394903 1.090484684130949e-05
0.01799999999995505 0.0002997144664738605 1.308581620957037e-05
0.01799999999995505 0.0003496668775527948 1.526678557783025e-05
0.01799999999995505 0.0003996192886317672 1.744775494609178e-05
0.01799999999995505 0.0004495716997107012 1.962872431435165e-05
0.01799999999995505 0.0004995241107896377 2.180969368261162e-05
0.01799999999995505 0.0005494765218688853 2.399066305088517e-05
0.01799999999995505 0.0005994289329480944 2.617163241915705e-05
0.01799999999995505 0.0006493813440272953 2.835260178742858e-05
0.01799999999995505 0.0006993337551065511 3.053357115570248e-05
0.01799999999995505 0.0007492861661857477 3.271454052397381e-05
0.01799999999995505 0.0007992385772649447 3.489550989224515e-05
0.01799999999995505 0.0008491909883442002 3.707647926051905e-05
0.01799999999995505 0.0008991433994234013 3.925744862879056e-05
0.01799999999995505 0.0009490958105026103 4.143841799706246e-05
0.01899999999995106 4.995241107899524e-05 2.180969368262535e-06
0.01899999999995106 9.990482215800374e-05 4.361938736525653e-06
0.01899999999995106 0.000149857233236985 6.542908104787577e-06
0.01899999999995105 0.0001998096443159382 8.723877473048277e-06
0.01899999999995107 0.000249762055394903 1.090484684130949e-05
0.01899999999995106 0.0002997144664738606 1.308581620957037e-05
0.01899999999995106 0.0003496668775527948 1.526678557783025e-05
0.01899999999995106 0.0003996192886317671 1.744775494609178e-05
0.01899999999995106 0.0004495716997107012 1.962872431435165e-05
0.01899999999995106 0.0004995241107896376 2.180969368261162e-05
0.01899999999995106 0.0005494765218688852 2.399066305088517e-05
0.01899999999995106 0.0005994289329480944 2.617163241915705e-05
0.01899999999995106 0.0006493813440272952 2.835260178742857e-05
0.01899999999995106 0.000699333755106551 3.053357115570248e-05
0.01899999999995106 0.0007492861661857477 3.271454052397381e-05
0.01899999999995106 0.0007992385772649447 3.489550989224515e-05
0.01899999999995106 0.0008491909883442002 3.707647926051905e-05
0.01899999999995107 0.0008991433994234013 3.925744862879056e-05
0.01899999999995106 0.0009490958105026105 4.143841799706246e-05
0.01999999999994795 4.995241107899522e-05 2.180969368262535e-06
0.01999999999994795 9.990482215800376e-05 4.361938736525653e-06
0.01999999999994795 0.000149857233236985 6.542908104787577e-06
0.01999999999994794 0.0001998096443159382 8.723877473048277e-06
0.01999999999994795 0.000249762055394903 1.090484684130949e-05
0.01999999999994795 0.0002997144664738605 1.308581620957037e-05
0.01999999999994794 0.0003496668775527948 1.526678557783025e-05
0.01999999999994795 0.000399619288631767 1.744775494609178e-05
0.01999999999994795 0.0004495716997107012 1.962872431435166e-05
0.01999999999994795 0.0004995241107896376 2.180969368261162e-05
0.01999999999994795 0.0005494765218688853 2.399066305088517e-05
0.01999999999994795 0.0005994289329480944 2.617163241915705e-05
0.01999999999994795 0.0006493813440272953 2.835260178742857e-05
0.01999999999994795 0.000699333755106551 3.053357115570248e-05
0.01999999999994795 0.0007492861661857477 3.271454052397382e-05
0.01999999999994795 0.0007992385772649447 3.489550989224515e-05
0.01999999999994795 0.0008491909883442002 3.707647926051905e-05
0.01999999999994795 0.0008991433994234013 3.925744862879058e-05
0.01999999999994794 0.0009490958105026102 4.143841799706246e-05
0.02099999999994508 4.995241107899524e-05 2.180969368262535e-06
0.02099999999994507 9.990482215800374e-05 4.361938736525653e-06
0.02099999999994508 0.000149857233236985 6.542908104787577e-06
0.02099999999994508 0.0001998096443159382 8.723877473048277e-06
0.02099999999994509 0.000249762055394903 1.090484684130949e-05
0.02099999999994508 0.0002997144664738606 1.308581620957037e-05
0.02099999999994508 0.0003496668775527948 1.526678557783025e-05
0.02099999999994508 0.0003996192886317671 1.744775494609178e-05
0.02099999999994507 0.0004495716997107012 1.962872431435165e-05
0.02099999999994508 0.0004995241107896376 2.180969368261161e-05
0.02099999999994508 0.0005494765218688852 2.399066305088517e-05
0.02099999999994508 0.0005994289329480944 2.617163241915705e-05
0.02099999999994508 0.0006493813440272953 2.835260178742858e-05
0.02099999999994508 0.000699333755106551 3.053357115570248e-05
0.02099999999994508 0.0007492861661857477 3.271454052397381e-05
0.02099999999994508 0.0007992385772649447 3.489550989224515e-05
0.02099999999994508 0.0008491909883442002 3.707647926051905e-05
0.02099999999994508 0.0008991433994234013 3.925744862879056e-05
0.02099999999994508 0.0009490958105026106 4.143841799706246e-05
0.02199999999994221 4.995241107899523e-05 2.180969368262536e-06
0.0219999999999422 9.990482215800378e-05 4.361938736525653e-06
0.02199999999994221 0.000149857233236985 6.542908104787578e-06
0.02199999999994221 0.0001998096443159382 8.723877473048277e-06
0.0219999999999422 0.000249762055394903 1.090484684130949e-05
0.02199999999994222 0.0002997144664738605 1.308581620957037e-05
0.02199999999994221 0.0003496668775527948 1.526678557783024e-05
0.02199999999994221 0.0003996192886317671 1.744775494609178e-05
0.0219999999999422 0.0004495716997107013 1.962872431435165e-05
0.02199999999994221 0.0004995241107896377 2.180969368261163e-05
0.0219999999999422 0.0005494765218688853 2.399066305088516e-05
0.02199999999994221 0.0005994289329480944 2.617163241915705e-05
0.02199999999994221 0.0006493813440272952 2.835260178742857e-05
0.02199999999994221 0.000699333755106551 3.053357115570248e-05
0.02199999999994221 0.0007492861661857479 3.27145405239738e-05
0.02199999999994222 0.0007992385772649448 3.489550989224515e-05
0.02199999999994221 0.0008491909883442002 3.707647926051906e-05
0.02199999999994221 0.0008991433994234012 3.925744862879058e-05
0.02199999999994221 0.0009490958105026106 4.143841799706247e-05
0.02299999999993934 4.995241107899522e-05 2.180969368262535e-06
0.02299999999993933 9.990482215800376e-05 4.361938736525653e-06
0.02299999999993933 0.000149857233236985 6.542908104787576e-06
0.02299999999993934 0.0001998096443159382 8.723877473048277e-06
0.02299999999993934 0.000249762055394903 1.090484684130949e-05
0.02299999999993934 0.0002997144664738605 1.308581620957037e-05
0.02299999999993934 0.0003496668775527948 1.526678557783025e-05
0.02299999999993934 0.0003996192886317671 1.744775494609178e-05
0.02299999999993933 0.0004495716997107012 1.962872431435166e-05
0.02299999999993934 0.0004995241107896374 2.180969368261162e-05
0.02299999999993933 0.0005494765218688853 2.399066305088517e-05
0.02299999999993934 0.0005994289329480944 2.617163241915705e-05
0.02299999999993933 0.0006493813440272953 2.835260178742857e-05
0.02299999999993934 0.0006993337551065511 3.053357115570248e-05
0.02299999999993933 0.0007492861661857477 3.271454052397382e-05
0.02299999999993934 0.0007992385772649447 3.489550989224515e-05
0.02299999999993933 0.0008491909883442002 3.707647926051905e-05
0.02299999999993933 0.0008991433994234013 3.925744862879056e-05
0.02299999999993934 0.0009490958105026102 4.143841799706246e-05
0.02399999999993647 4.995241107899522e-05 2.180969368262535e-06
0.02399999999993646 9.990482215800374e-05 4.361938736525653e-06
0.02399999999993646 0.000149857233236985 6.542908104787577e-06
0.02399999999993647 0.0001998096443159382 8.723877473048277e-06
0.02399999999993647 0.000249762055394903 1.090484684130949e-05
0.02399999999993647 0.0002997144664738606 1.308581620957037e-05
0.02399999999993647 0.0003496668775527948 1.526678557783025e-05
0.02399999999993647 0.000399619288631767 1.744775494609178e-05
0.02399999999993647 0.0004495716997107012 1.962872431435166e-05
0.02399999999993647 0.0004995241107896376 2.180969368261162e-05
0.02399999999993647 0.0005494765218688853 2.399066305088517e-05
0.02399999999993647 0.0005994289329480944 2.617163241915705e-05
0.02399999999993647 0.0006493813440272953 2.835260178742857e-05
0.02399999999993647 0.000699333755106551 3.053357115570248e-05
0.02399999999993647 0.0007492861661857477 3.271454052397382e-05
0.02399999999993647 0.0007992385772649447 3.489550989224515e-05
0.02399999999993647 0.0008491909883442002 3.707647926051904e-05
0.02399999999993647 0.0008991433994234013 3.925744862879056e-05
0.02399999999993647 0.0009490958105026106 4.143841799706246e-05
0.02499999999993428 4.995241107899522e-05 2.180969368262535e-06
0.02499999999993428 9.990482215800374e-05 4.361938736525653e-06
0.02499999999993429 0.000149857233236985 6.542908104787576e-06
0.02499999999993428 0.0001998096443159382 8.723877473048277e-06
0.02499999999993428 0.000249762055394903 1.090484684130949e-05
0.02499999999993428 0.0002997144664738605 1.308581620957037e-05
0.02499999999993428 0.0003496668775527948 1.526678557783025e-05
0.02499999999993428 0.000399619288631767 1.744775494609178e-05
0.02499999999993428 0.0004495716997107012 1.962872431435166e-05
0.02499999999993428 0.0004995241107896377 2.180969368261162e-05
0.02499999999993428 0.0005494765218688853 2.399066305088517e-05
0.02499999999993428 0.0005994289329480944 2.617163241915705e-05
0.02499999999993428 0.0006493813440272952 2.835260178742857e-05
0.02499999999993428 0.000699333755106551 3.053357115570248e-05
0.02499999999993428 0.0007492861661857477 3.271454052397382e-05
0.02499999999993428 0.0007992385772649447 3.489550989224515e-05
0.02499999999993428 0.0008491909883442002 3.707647926051905e-05
0.02499999999993428 0.0008991433994234013 3.925744862879056e-05
0.02499999999993428 0.0009490958105026105 4.143841799706246e-05
0.0259999999999363 4.995241107899522e-05 2.180969368262535e-06
0.02599999999993632 9.990482215800376e-05 4.361938736525653e-06
0.02599999999993631 0.000149857233236985 6.542908104787576e-06
0.0259999999999363 0.0001998096443159382 8.723877473048277e-06
0.02599999999993632 0.000249762055394903 1.090484684130949e-05
0.02599999999993632 0.0002997144664738605 1.308581620957037e-05
0.02599999999993631 0.0003496668775527948 1.526678557783025e-05
0.02599999999993631 0.0003996192886317671 1.744775494609178e-05
0.02599999999993631 0.0004495716997107012 1.962872431435166e-05
0.02599999999993631 0.0004995241107896376 2.180969368261162e-05
0.02599999999993631 0.0005494765218688853 2.399066305088517e-05
0.02599999999993631 0.0005994289329480944 2.617163241915705e-05
0.02599999999993631 0.0006493813440272953 2.835260178742857e-05
0.02599999999993631 0.0006993337551065511 3.053357115570248e-05
0.02599999999993631 0.0007492861661857477 3.271454052397382e-05
0.02599999999993631 0.0007992385772649447 3.489550989224515e-05
0.02599999999993631 0.0008491909883442002 3.707647926051905e-05
0.02599999999993631 0.0008991433994234013 3.925744862879057e-05
0.02599999999993631 0.0009490958105026102 4.143841799706246e-05
0.02699999999993895 4.995241107899522e-05 2.180969368262535e-06
0.02699999999993894 9.990482215800376e-05 4.361938736525653e-06
0.02699999999993894 0.000149857233236985 6.542908104787576e-06
0.02699999999993894 0.0001998096443159382 8.723877473048277e-06
0.02699999999993894 0.000249762055394903 1.090484684130949e-05
0.02699999999993894 0.0002997144664738606 1.308581620957037e-05
0.02699999999993894 0.0003496668775527948 1.526678557783025e-05
0.02699999999993894 0.0003996192886317671 1.744775494609178e-05
0.02699999999993894 0.0004495716997107012 1.962872431435166e-05
0.02699999999993894 0.0004995241107896376 2.180969368261162e-05
0.02699999999993894 0.0005494765218688853 2.399066305088517e-05
0.02699999999993894 0.0005994289329480944 2.617163241915705e-05
0.02699999999993894 0.0006493813440272953 2.835260178742857e-05
0.02699999999993894 0.000699333755106551 3.053357115570248e-05
0.02699999999993894 0.0007492861661857477 3.271454052397381e-05
0.02699999999993894 0.0007992385772649447 3.489550989224515e-05
0.02699999999993894 0.0008491909883442002 3.707647926051905e-05
0.02699999999993894 0.0008991433994234013 3.925744862879056e-05
0.02699999999993894 0.0009490958105026105 4.143841799706246e-05
0.02799999999994172 4.995241107899522e-05 2.180969368262535e-06
0.02799999999994172 9.990482215800376e-05 4.361938736525653e-06
0.02799999999994173 0.000149857233236985 6.542908104787576e-06
0.02799999999994173 0.0001998096443159382 8.723877473048277e-06
0.02799999999994173 0.000249762055394903 1.090484684130949e-05
0.02799999999994173 0.0002997144664738605 1.308581620957037e-05
0.02799999999994172 0.0003496668775527948 1.526678557783025e-05
0.02799999999994173 0.000399619288631767 1.744775494609178e-05
0.02799999999994172 0.0004495716997107012 1.962872431435166e-05
0.02799999999994172 0.0004995241107896377 2.180969368261162e-05
0.02799999999994172 0.0005494765218688853 2.399066305088517e-05
0.02799999999994173 0.0005994289329480944 2.617163241915705e-05
0.02799999999994172 0.0006493813440272952 2.835260178742857e-05
0.02799999999994172 0.000699333755106551 3.053357115570248e-05
0.02799999999994172 0.0007492861661857477 3.271454052397382e-05
0.02799999999994172 0.0007992385772649447 3.489550989224515e-05
0.02799999999994172 0.0008491909883442002 3.707647926051904e-05
0.02799999999994172 0.0008991433994234013 3.925744862879056e-05
0.02799999999994173 0.0009490958105026105 4.143841799706246e-05
0.02899999999994427 4.995241107899522e-05 2.180969368262535e-06
0.02899999999994426 9.990482215800374e-05 4.361938736525653e-06
0.02899999999994427 0.000149857233236985 6.542908104787577e-06
0.02899999999994427 0.0001998096443159382 8.723877473048277e-06
0.02899999999994427 0.000249762055394903 1.090484684130949e-05
0.02899999999994427 0.0002997144664738605 1.308581620957037e-05
0.02899999999994427 0.0003496668775527948 1.526678557783025e-05
0.02899999999994427 0.0003996192886317671 1.744775494609178e-05
0.02899999999994427 0.0004495716997107012 1.962872431435166e-05
0.02899999999994427 0.0004995241107896376 2.180969368261161e-05
0.02899999999994427 0.0005494765218688853 2.399066305088517e-05
0.02899999999994427 0.0005994289329480944 2.617163241915705e-05
0.02899999999994427 0.0006493813440272953 2.835260178742858e-05
0.02899999999994427 0.000699333755106551 3.053357115570248e-05
0.02899999999994427 0.0007492861661857477 3.271454052397382e-05
0.02899999999994427 0.0007992385772649447 3.489550989224515e-05
0.02899999999994427 0.0008491909883442002 3.707647926051905e-05
0.02899999999994427 0.0008991433994234013 3.925744862879056e-05
0.02899999999994427 0.0009490958105026102 4.143841799706246e-05
0.02999999999994716 4.995241107899522e-05 2.180969368262535e-06
0.02999999999994714 9.990482215800376e-05 4.361938736525653e-06
0.02999999999994714 0.000149857233236985 6.542908104787577e-06
0.02999999999994714 0.0001998096443159382 8.723877473048277e-06
0.02999999999994715 0.000249762055394903 1.090484684130949e-05
0.02999999999994715 0.0002997144664738605 1.308581620957037e-05
0.02999999999994714 0.0003496668775527948 1.526678557783025e-05
0.02999999999994716 0.0003996192886317671 1.744775494609178e-05
0.02999999999994716 0.0004495716997107012 1.962872431435166e-05
0.02999999999994715 0.0004995241107896376 2.180969368261162e-05
0.02999999999994716 0.0005494765218688853 2.399066305088517e-05
0.02999999999994715 0.0005994289329480944 2.617163241915704e-05
0.02999999999994715 0.0006493813440272952 2.835260178742857e-05
0.02999999999994715 0.000699333755106551 3.053357115570248e-05
0.02999999999994714 0.0007492861661857477 3.271454052397381e-05
0.02999999999994716 0.0007992385772649447 3.489550989224515e-05
0.02999999999994716 0.0008491909883442001 3.707647926051904e-05
0.02999999999994715 0.0008991433994234017 3.925744862879058e-05
0.02999999999994715 0.0009490958105026105 4.143841799706246e-05
0.03099999999994961 4.995241107899522e-05 2.180969368262535e-06
0.03099999999994961 9.990482215800378e-05 4.361938736525653e-06
0.03099999999994962 0.000149857233236985 6.542908104787577e-06
0.03099999999994961 0.0001998096443159382 8.723877473048277e-06
0.03099999999994961 0.000249762055394903 1.090484684130949e-05
0.03099999999994961 0.0002997144664738606 1.308581620957037e-05
0.03099999999994961 0.0003496668775527948 1.526678557783025e-05
0.03099999999994961 0.0003996192886317671 1.744775494609178e-05
0.03099999999994961 0.0004495716997107013 1.962872431435166e-05
0.03099999999994961 0.0004995241107896376 2.180969368261162e-05
0.03099999999994962 0.0005494765218688852 2.399066305088517e-05
0.03099999999994962 0.0005994289329480944 2.617163241915705e-05
0.03099999999994962 0.0006493813440272952 2.835260178742857e-05
0.03099999999994962 0.000699333755106551 3.053357115570248e-05
0.0309999999999496 0.0007492861661857477 3.271454052397382e-05
0.03099999999994961 0.0007992385772649447 3.489550989224515e-05
0.03099999999994961 0.0008491909883442002 3.707647926051904e-05
0.03099999999994961 0.0008991433994234012 3.925744862879057e-05
0.03099999999994962 0.0009490958105026102 4.143841799706246e-05
0.03199999999995257 4.995241107899525e-05 2.180969368262537e-06
0.03199999999995256 9.990482215800378e-05 4.361938736525652e-06
0.03199999999995257 0.000149857233236985 6.542908104787577e-06
0.03199999999995258 0.0001998096443159382 8.723877473048277e-06
0.03199999999995257 0.000249762055394903 1.090484684130949e-05
0.03199999999995257 0.0002997144664738605 1.308581620957037e-05
0.03199999999995257 0.0003496668775527948 1.526678557783025e-05
0.03199999999995257 0.0003996192886317671 1.744775494609178e-05
0.03199999999995257 0.0004495716997107012 1.962872431435166e-05
0.03199999999995257 0.0004995241107896377 2.180969368261162e-05
0.03199999999995257 0.0005494765218688853 2.399066305088516e-05
0.03199999999995257 0.0005994289329480944 2.617163241915705e-05
0.03199999999995257 0.0006493813440272953 2.835260178742857e-05
0.03199999999995257 0.000699333755106551 3.053357115570248e-05
0.03199999999995257 0.0007492861661857477 3.271454052397381e-05
0.03199999999995257 0.0007992385772649448 3.489550989224515e-05
0.03199999999995257 0.0008491909883442003 3.707647926051905e-05
0.03199999999995257 0.0008991433994234013 3.925744862879057e-05
0.03199999999995257 0.0009490958105026108 4.143841799706246e-05
0.03299999999995463 4.995241107899525e-05 2.180969368262537e-06
0.03299999999995461 9.990482215800376e-05 4.361938736525652e-06
0.03299999999995461 0.000149857233236985 6.542908104787576e-06
0.03299999999995463 0.0001998096443159382 8.723877473048277e-06
0.03299999999995463 0.000249762055394903 1.090484684130949e-05
0.03299999999995463 0.0002997144664738606 1.308581620957037e-05
0.03299999999995463 0.0003496668775527948 1.526678557783025e-05
0.03299999999995463 0.000399619288631767 1.744775494609178e-05
0.03299999999995463 0.0004495716997107012 1.962872431435166e-05
0.03299999999995462 0.0004995241107896376 2.180969368261161e-05
0.03299999999995463 0.0005494765218688853 2.399066305088516e-05
0.03299999999995463 0.0005994289329480944 2.617163241915705e-05
0.03299999999995462 0.0006493813440272952 2.835260178742857e-05
0.03299999999995463 0.000699333755106551 3.053357115570248e-05
0.03299999999995463 0.0007492861661857477 3.271454052397381e-05
0.03299999999995462 0.0007992385772649447 3.489550989224515e-05
0.03299999999995462 0.0008491909883442002 3.707647926051904e-05
0.03299999999995463 0.0008991433994234013 3.925744862879057e-05
0.03299999999995463 0.0009490958105026104 4.143841799706246e-05
0.03399999999995799 4.995241107899522e-05 2.180969368262536e-06
0.03399999999995797 9.990482215800377e-05 4.361938736525653e-06
0.03399999999995799 0.000149857233236985 6.542908104787576e-06
0.03399999999995798 0.0001998096443159382 8.723877473048275e-06
0.03399999999995798 0.000249762055394903 1.090484684130949e-05
0.03399999999995798 0.0002997144664738605 1.308581620957037e-05
0.03399999999995799 0.0003496668775527948 1.526678557783025e-05
0.03399999999995799 0.0003996192886317671 1.744775494609178e-05
0.03399999999995799 0.0004495716997107012 1.962872431435165e-05
0.03399999999995798 0.0004995241107896376 2.180969368261162e-05
0.03399999999995799 0.0005494765218688852 2.399066305088516e-05
0.03399999999995799 0.0005994289329480944 2.617163241915705e-05
0.03399999999995799 0.0006493813440272953 2.835260178742857e-05
0.03399999999995799 0.000699333755106551 3.053357115570248e-05
0.03399999999995799 0.0007492861661857477 3.271454052397382e-05
0.03399999999995799 0.0007992385772649447 3.489550989224515e-05
0.03399999999995799 0.0008491909883442002 3.707647926051905e-05
0.03399999999995799 0.0008991433994234013 3.925744862879057e-05
0.03399999999995799 0.0009490958105026102 4.143841799706246e-05
0.03499999999995989 4.995241107899524e-05 2.180969368262536e-06
0.0349999999999599 9.990482215800376e-05 4.361938736525654e-06
0.03499999999995986 0.000149857233236985 6.542908104787576e-06
0.03499999999995989 0.0001998096443159382 8.723877473048277e-06
0.0349999999999599 0.000249762055394903 1.090484684130949e-05
0.0349999999999599 0.0002997144664738606 1.308581620957037e-05
0.03499999999995989 0.0003496668775527948 1.526678557783025e-05
0.03499999999995989 0.000399619288631767 1.744775494609178e-05
0.03499999999995989 0.0004495716997107012 1.962872431435165e-05
0.0349999999999599 0.0004995241107896376 2.180969368261161e-05
0.0349999999999599 0.0005494765218688853 2.399066305088516e-05
0.03499999999995989 0.0005994289329480944 2.617163241915704e-05
0.03499999999995989 0.0006493813440272952 2.835260178742857e-05
0.0349999999999599 0.000699333755106551 3.053357115570248e-05
0.0349999999999599 0.0007492861661857477 3.271454052397382e-05
0.03499999999995989 0.0007992385772649447 3.489550989224515e-05
0.03499999999995989 0.0008491909883442002 3.707647926051905e-05
0.03499999999995989 0.0008991433994234013 3.925744862879056e-05
0.03499999999995991 0.0009490958105026106 4.143841799706246e-05
0.03599999999996342 4.995241107899523e-05 2.180969368262536e-06
0.03599999999996339 9.990482215800374e-05 4.361938736525653e-06
0.03599999999996342 0.0001498572332369849 6.542908104787577e-06
0.03599999999996342 0.0001998096443159382 8.723877473048277e-06
0.0359999999999634 0.000249762055394903 1.090484684130949e-05
0.03599999999996341 0.0002997144664738605 1.308581620957037e-05
0.03599999999996342 0.0003496668775527948 1.526678557783025e-05
0.03599999999996342 0.0003996192886317672 1.744775494609178e-05
0.03599999999996342 0.0004495716997107013 1.962872431435166e-05
0.03599999999996342 0.0004995241107896377 2.180969368261162e-05
0.03599999999996342 0.0005494765218688853 2.399066305088517e-05
0.03599999999996342 0.0005994289329480944 2.617163241915705e-05
0.03599999999996342 0.0006493813440272953 2.835260178742858e-05
0.03599999999996341 0.000699333755106551 3.053357115570248e-05
0.03599999999996342 0.0007492861661857477 3.271454052397381e-05
0.03599999999996342 0.0007992385772649448 3.489550989224515e-05
0.03599999999996342 0.0008491909883442002 3.707647926051905e-05
0.03599999999996342 0.0008991433994234017 3.925744862879058e-05
0.03599999999996342 0.0009490958105026105 4.143841799706246e-05
0.03699999999996514 4.995241107899524e-05 2.180969368262536e-06
0.03699999999996512 9.990482215800374e-05 4.361938736525654e-06
0.03699999999996516 0.000149857233236985 6.542908104787577e-06
0.03699999999996514 0.0001998096443159382 8.723877473048277e-06
0.03699999999996514 0.000249762055394903 1.090484684130949e-05
0.03699999999996514 0.0002997144664738605 1.308581620957037e-05
0.03699999999996514 0.0003496668775527948 1.526678557783025e-05
0.03699999999996514 0.0003996192886317671 1.744775494609178e-05
0.03699999999996514 0.0004495716997107013 1.962872431435166e-05
0.03699999999996513 0.0004995241107896376 2.180969368261161e-05
0.03699999999996514 0.0005494765218688853 2.399066305088517e-05
0.03699999999996514 0.0005994289329480944 2.617163241915704e-05
0.03699999999996514 0.0006493813440272953 2.835260178742857e-05
0.03699999999996514 0.000699333755106551 3.053357115570248e-05
0.03699999999996514 0.0007492861661857476 3.271454052397381e-05
0.03699999999996514 0.0007992385772649448 3.489550989224515e-05
0.03699999999996514 0.0008491909883442002 3.707647926051905e-05
0.03699999999996514 0.0008991433994234012 3.925744862879056e-05
0.03699999999996514 0.0009490958105026102 4.143841799706246e-05
0.03799999999996845 4.995241107899523e-05 2.180969368262535e-06
0.03799999999996845 9.990482215800378e-05 4.361938736525654e-06
0.03799999999996843 0.000149857233236985 6.542908104787578e-06
0.03799999999996844 0.0001998096443159382 8.723877473048277e-06
0.03799999999996845 0.000249762055394903 1.090484684130949e-05
0.03799999999996845 0.0002997144664738605 1.308581620957037e-05
0.03799999999996845 0.0003496668775527948 1.526678557783025e-05
0.03799999999996845 0.000399619288631767 1.744775494609178e-05
0.03799999999996845 0.0004495716997107013 1.962872431435166e-05
0.03799999999996845 0.0004995241107896376 2.180969368261162e-05
0.03799999999996845 0.0005494765218688853 2.399066305088518e-05
0.03799999999996845 0.0005994289329480944 2.617163241915705e-05
0.03799999999996845 0.0006493813440272953 2.835260178742857e-05
0.03799999999996845 0.0006993337551065508 3.053357115570248e-05
0.03799999999996844 0.0007492861661857476 3.271454052397381e-05
0.03799999999996845 0.0007992385772649448 3.489550989224515e-05
0.03799999999996845 0.0008491909883442003 3.707647926051905e-05
0.03799999999996845 0.0008991433994234013 3.925744862879057e-05
0.03799999999996845 0.0009490958105026104 4.143841799706246e-05
0.03899999999997017 4.995241107899524e-05 2.180969368262536e-06
0.03899999999997018 9.990482215800376e-05 4.361938736525654e-06
0.0389999999999702 0.000149857233236985 6.542908104787577e-06
0.03899999999997018 0.0001998096443159382 8.723877473048277e-06
0.03899999999997018 0.000249762055394903 1.090484684130949e-05
0.03899999999997018 0.0002997144664738605 1.308581620957037e-05
0.03899999999997018 0.0003496668775527948 1.526678557783025e-05
0.03899999999997018 0.000399619288631767 1.744775494609178e-05
0.03899999999997018 0.0004495716997107012 1.962872431435165e-05
0.03899999999997018 0.0004995241107896374 2.180969368261162e-05
0.03899999999997018 0.0005494765218688853 2.399066305088517e-05
0.03899999999997018 0.0005994289329480944 2.617163241915705e-05
0.03899999999997018 0.0006493813440272953 2.835260178742858e-05
0.03899999999997018 0.0006993337551065511 3.053357115570249e-05
0.03899999999997018 0.0007492861661857477 3.27145405239738e-05
0.03899999999997018 0.0007992385772649448 3.489550989224515e-05
0.03899999999997018 0.0008491909883442002 3.707647926051905e-05
0.03899999999997018 0.0008991433994234013 3.925744862879058e-05
0.03899999999997018 0.0009490958105026104 4.143841799706245e-05
0.03999999999997369 4.995241107899523e-05 2.180969368262536e-06
0.0399999999999737 9.990482215800378e-05 4.361938736525654e-06
0.0399999999999737 0.000149857233236985 6.542908104787576e-06
0.0399999999999737 0.0001998096443159382 8.723877473048277e-06
0.0399999999999737 0.000249762055394903 1.090484684130949e-05
0.03999999999997373 0.0002997144664738606 1.308581620957037e-05
0.0399999999999737 0.0003496668775527948 1.526678557783025e-05
0.03999999999997371 0.000399619288631767 1.744775494609178e-05
0.03999999999997371 0.0004495716997107012 1.962872431435166e-05
0.03999999999997371 0.0004995241107896377 2.180969368261162e-05
0.03999999999997372 0.0005494765218688853 2.399066305088517e-05
0.03999999999997372 0.0005994289329480944 2.617163241915704e-05
0.0399999999999737 0.0006493813440272956 2.835260178742857e-05
0.03999999999997372 0.0006993337551065512 3.053357115570248e-05
0.03999999999997371 0.0007492861661857477 3.271454052397382e-05
0.03999999999997371 0.0007992385772649447 3.489550989224515e-05
0.03999999999997371 0.0008491909883442002 3.707647926051905e-05
0.03999999999997371 0.0008991433994234013 3.925744862879056e-05
0.03999999999997372 0.0009490958105026105 4.143841799706245e-05
0.04099999999997562 4.995241107899524e-05 2.180969368262536e-06
0.04099999999997561 9.990482215800377e-05 4.361938736525653e-06
0.04099999999997562 0.000149857233236985 6.542908104787577e-06
0.04099999999997561 0.0001998096443159382 8.723877473048275e-06
0.04099999999997563 0.000249762055394903 1.090484684130949e-05
0.04099999999997563 0.0002997144664738605 1.308581620957037e-05
0.0409999999999756 0.0003496668775527948 1.526678557783025e-05
0.04099999999997561 0.000399619288631767 1.744775494609178e-05
0.04099999999997561 0.0004495716997107012 1.962872431435165e-05
0.04099999999997561 0.0004995241107896376 2.180969368261162e-05
0.04099999999997561 0.0005494765218688853 2.399066305088518e-05
0.04099999999997561 0.0005994289329480944 2.617163241915705e-05
0.0409999999999756 0.0006493813440272953 2.835260178742857e-05
0.04099999999997561 0.0006993337551065513 3.053357115570249e-05
0.0409999999999756 0.0007492861661857477 3.271454052397381e-05
0.04099999999997561 0.0007992385772649448 3.489550989224516e-05
0.04099999999997561 0.0008491909883442002 3.707647926051905e-05
0.04099999999997561 0.0008991433994234013 3.925744862879057e-05
0.04099999999997561 0.0009490958105026104 4.143841799706246e-05
0.04199999999997896 4.995241107899522e-05 2.180969368262536e-06
0.04199999999997896 9.990482215800376e-05 4.361938736525653e-06
0.04199999999997896 0.000149857233236985 6.542908104787578e-06
0.04199999999997896 0.0001998096443159382 8.723877473048277e-06
0.04199999999997898 0.000249762055394903 1.090484684130948e-05
0.04199999999997897 0.0002997144664738605 1.308581620957037e-05
0.04199999999997898 0.0003496668775527948 1.526678557783025e-05
0.04199999999997896 0.000399619288631767 1.744775494609178e-05
0.04199999999997897 0.0004495716997107012 1.962872431435165e-05
0.04199999999997897 0.0004995241107896374 2.180969368261161e-05
0.04199999999997897 0.0005494765218688853 2.399066305088516e-05
0.04199999999997896 0.0005994289329480946 2.617163241915706e-05
0.04199999999997898 0.0006493813440272953 2.835260178742857e-05
0.04199999999997896 0.000699333755106551 3.053357115570248e-05
0.04199999999997898 0.0007492861661857477 3.271454052397381e-05
0.04199999999997896 0.0007992385772649447 3.489550989224515e-05
0.04199999999997896 0.0008491909883442002 3.707647926051905e-05
0.04199999999997896 0.0008991433994234012 3.925744862879057e-05
0.04199999999997897 0.0009490958105026105 4.143841799706246e-05
0.04299999999998103 4.995241107899524e-05 2.180969368262536e-06
0.04299999999998102 9.990482215800374e-05 4.361938736525654e-06
0.04299999999998101 0.0001498572332369849 6.542908104787576e-06
0.04299999999998104 0.0001998096443159382 8.723877473048277e-06
0.04299999999998103 0.000249762055394903 1.090484684130949e-05
0.04299999999998103 0.0002997144664738606 1.308581620957037e-05
0.04299999999998103 0.0003496668775527948 1.526678557783025e-05
0.04299999999998103 0.000399619288631767 1.744775494609178e-05
0.04299999999998103 0.0004495716997107013 1.962872431435166e-05
0.04299999999998103 0.0004995241107896376 2.180969368261162e-05
0.04299999999998103 0.0005494765218688852 2.399066305088517e-05
0.04299999999998103 0.0005994289329480946 2.617163241915706e-05
0.04299999999998103 0.0006493813440272953 2.835260178742857e-05
0.04299999999998103 0.0006993337551065511 3.053357115570248e-05
0.04299999999998103 0.0007492861661857477 3.271454052397381e-05
0.04299999999998102 0.0007992385772649448 3.489550989224515e-05
0.04299999999998103 0.0008491909883442002 3.707647926051905e-05
0.04299999999998103 0.0008991433994234014 3.925744862879057e-05
0.04299999999998103 0.0009490958105026102 4.143841799706246e-05
0.04399999999998421 4.995241107899523e-05 2.180969368262536e-06
0.04399999999998423 9.990482215800378e-05 4.361938736525653e-06
0.04399999999998422 0.000149857233236985 6.542908104787578e-06
0.04399999999998421 0.0001998096443159382 8.723877473048277e-06
0.04399999999998422 0.000249762055394903 1.090484684130949e-05
0.04399999999998422 0.0002997144664738605 1.308581620957037e-05
0.04399999999998422 0.0003496668775527948 1.526678557783025e-05
0.04399999999998422 0.000399619288631767 1.744775494609178e-05
0.04399999999998422 0.0004495716997107012 1.962872431435165e-05
0.04399999999998422 0.0004995241107896377 2.180969368261162e-05
0.04399999999998422 0.0005494765218688853 2.399066305088517e-05
0.04399999999998422 0.0005994289329480944 2.617163241915705e-05
0.04399999999998421 0.0006493813440272952 2.835260178742857e-05
0.04399999999998422 0.0006993337551065511 3.053357115570248e-05
0.04399999999998422 0.0007492861661857476 3.271454052397381e-05
0.04399999999998422 0.0007992385772649448 3.489550989224515e-05
0.04399999999998422 0.0008491909883442003 3.707647926051905e-05
0.04399999999998422 0.0008991433994234013 3.925744862879057e-05
0.04399999999998422 0.0009490958105026104 4.143841799706246e-05
0.04499999999998644 4.995241107899525e-05 2.180969368262536e-06
0.04499999999998644 9.990482215800378e-05 4.361938736525653e-06
0.04499999999998644 0.000149857233236985 6.542908104787578e-06
0.04499999999998645 0.0001998096443159382 8.723877473048277e-06
0.04499999999998645 0.000249762055394903 1.090484684130949e-05
0.04499999999998644 0.0002997144664738606 1.308581620957037e-05
0.04499999999998644 0.0003496668775527948 1.526678557783025e-05
0.04499999999998644 0.000399619288631767 1.744775494609178e-05
0.04499999999998644 0.0004495716997107013 1.962872431435166e-05
0.04499999999998644 0.0004995241107896374 2.180969368261162e-05
0.04499999999998644 0.0005494765218688852 2.399066305088517e-05
0.04499999999998644 0.0005994289329480944 2.617163241915705e-05
0.04499999999998644 0.0006493813440272953 2.835260178742857e-05
0.04499999999998644 0.0006993337551065511 3.053357115570248e-05
0.04499999999998644 0.0007492861661857476 3.271454052397381e-05
0.04499999999998644 0.0007992385772649447 3.489550989224515e-05
0.04499999999998644 0.0008491909883442002 3.707647926051905e-05
0.04499999999998644 0.0008991433994234013 3.925744862879057e-05
0.04499999999998643 0.0009490958105026105 4.143841799706246e-05
0.04599999999998946 4.995241107899523e-05 2.180969368262537e-06
0.04599999999998949 9.990482215800378e-05 4.361938736525653e-06
0.04599999999998947 0.000149857233236985 6.542908104787576e-06
0.04599999999998947 0.0001998096443159382 8.723877473048275e-06
0.04599999999998948 0.000249762055394903 1.090484684130949e-05
0.04599999999998947 0.0002997144664738606 1.308581620957037e-05
0.04599999999998948 0.0003496668775527947 1.526678557783025e-05
0.04599999999998948 0.0003996192886317671 1.744775494609178e-05
0.04599999999998947 0.0004495716997107012 1.962872431435165e-05
0.04599999999998947 0.0004995241107896376 2.180969368261162e-05
0.04599999999998947 0.0005494765218688854 2.399066305088516e-05
0.04599999999998949 0.0005994289329480944 2.617163241915705e-05
0.04599999999998948 0.0006493813440272953 2.835260178742857e-05
0.04599999999998948 0.0006993337551065511 3.053357115570248e-05
0.04599999999998945 0.0007492861661857476 3.271454052397381e-05
0.04599999999998949 0.0007992385772649447 3.489550989224516e-05
0.04599999999998949 0.0008491909883442002 3.707647926051905e-05
0.04599999999998949 0.0008991433994234013 3.925744862879056e-05
0.04599999999998948 0.0009490958105026105 4.143841799706246e-05
0.04699999999999187 4.995241107899523e-05 2.180969368262537e-06
0.04699999999999187 9.990482215800377e-05 4.361938736525653e-06
0.0469999999999919 0.0001498572332369849 6.542908104787575e-06
0.04699999999999186 0.0001998096443159382 8.723877473048277e-06
0.04699999999999185 0.000249762055394903 1.090484684130949e-05
0.04699999999999187 0.0002997144664738605 1.308581620957038e-05
0.04699999999999189 0.0003496668775527948 1.526678557783025e-05
0.04699999999999187 0.000399619288631767 1.744775494609178e-05
0.04699999999999188 0.0004495716997107012 1.962872431435166e-05
0.04699999999999186 0.0004995241107896374 2.180969368261162e-05
0.04699999999999185 0.0005494765218688852 2.399066305088517e-05
0.04699999999999185 0.0005994289329480943 2.617163241915705e-05
0.04699999999999187 0.0006493813440272953 2.835260178742857e-05
0.04699999999999187 0.000699333755106551 3.053357115570248e-05
0.04699999999999189 0.0007492861661857476 3.271454052397381e-05
0.04699999999999188 0.0007992385772649447 3.489550989224515e-05
0.04699999999999189 0.0008491909883442002 3.707647926051905e-05
0.04699999999999185 0.0008991433994234013 3.925744862879056e-05
0.04699999999999187 0.0009490958105026104 4.143841799706246e-05
0.04799999999999473 4.995241107899524e-05 2.180969368262537e-06
0.04799999999999473 9.990482215800377e-05 4.361938736525653e-06
0.04799999999999475 0.000149857233236985 6.542908104787578e-06
0.04799999999999474 0.0001998096443159382 8.723877473048277e-06
0.04799999999999476 0.000249762055394903 1.090484684130949e-05
0.04799999999999474 0.0002997144664738605 1.308581620957037e-05
0.04799999999999473 0.0003496668775527948 1.526678557783025e-05
0.04799999999999473 0.000399619288631767 1.744775494609178e-05
0.04799999999999473 0.0004495716997107013 1.962872431435166e-05
0.04799999999999474 0.0004995241107896377 2.180969368261162e-05
0.04799999999999474 0.0005494765218688852 2.399066305088517e-05
0.04799999999999472 0.0005994289329480943 2.617163241915705e-05
0.04799999999999474 0.0006493813440272952 2.835260178742857e-05
0.04799999999999474 0.000699333755106551 3.053357115570248e-05
0.04799999999999474 0.0007492861661857477 3.271454052397382e-05
0.04799999999999473 0.0007992385772649448 3.489550989224515e-05
0.04799999999999473 0.0008491909883442002 3.707647926051905e-05
0.04799999999999473 0.0008991433994234013 3.925744862879056e-05
0.04799999999999473 0.0009490958105026106 4.143841799706246e-05
0.04899999999999729 4.995241107899524e-05 2.180969368262535e-06
0.04899999999999729 9.990482215800378e-05 4.361938736525654e-06
0.0489999999999973 0.000149857233236985 6.542908104787578e-06
0.0489999999999973 0.0001998096443159382 8.723877473048277e-06
0.04899999999999729 0.000249762055394903 1.090484684130949e-05
0.0489999999999973 0.0002997144664738606 1.308581620957037e-05
0.04899999999999729 0.0003496668775527948 1.526678557783025e-05
0.04899999999999728 0.000399619288631767 1.744775494609178e-05
0.0489999999999973 0.0004495716997107012 1.962872431435166e-05
0.0489999999999973 0.0004995241107896374 2.180969368261161e-05
0.04899999999999729 0.0005494765218688853 2.399066305088517e-05
0.0489999999999973 0.0005994289329480944 2.617163241915705e-05
0.04899999999999728 0.0006493813440272953 2.835260178742857e-05
0.04899999999999728 0.0006993337551065511 3.053357115570248e-05
0.0489999999999973 0.0007492861661857476 3.271454052397381e-05
0.0489999999999973 0.0007992385772649448 3.489550989224516e-05
0.04899999999999729 0.0008491909883442002 3.707647926051905e-05
0.04899999999999729 0.0008991433994234013 3.925744862879056e-05
0.04899999999999729 0.0009490958105026105 4.143841799706246e-05
2 5 0 441
3780
3781
3782
3783
3784
3785
3786
3787
3788
3789
3790
3791
3792
3793
3794
3795
3796
3797
3798
3799
3800
3801
3802
3803
3804
3805
3806
3807
3808
3809
3810
3811
3812
3813
3814
3815
3816
3817
3818
3819
3820
3821
3822
3823
3824
3825
3826
3827
3828
3829
3830
3831
3832
3833
3834
3835
3836
3837
3838
3839
3840
3841
3842
3843
3844
3845
3846
3847
3848
3849
3850
3851
3852
3853
3854
3855
3856
3857
3858
3859
3860
3861
3862
3863
3864
3865
3866
3867
3868
3869
3870
3871
3872
3873
3874
3875
3876
3877
3878
3879
3880
3881
3882
3883
3884
3885
3886
3887
3888
3889
3890
3891
3892
3893
3894
3895
3896
3897
3898
3899
3900
3901
3902
3903
3904
3905
3906
3907
3908
3909
3910
3911
3912
3913
3914
3915
3916
3917
3918
3919
3920
3921
3922
3923
3924
3925
3926
3927
3928
3929
3930
3931
3932
3933
3934
3935
3936
3937
3938
3939
3940
3941
3942
3943
3944
3945
3946
3947
3948
3949
3950
3951
3952
3953
3954
3955
3956
3957
3958
3959
3960
3961
3962
3963
3964
3965
3966
3967
3968
3969
3970
3971
3972
3973
3974
3975
3976
3977
3978
3979
3980
3981
3982
3983
3984
3985
3986
3987
3988
3989
3990
3991
3992
3993
3994
3995
3996
3997
3998
3999
4000
4001
4002
4003
4004
4005
4006
4007
4008
4009
4010
4011
4012
4013
4014
4015
4016
4017
4018
4019
4020
4021
4022
4023
4024
4025
4026
4027
4028
4029
4030
4031
4032
4033
4034
4035
4036
4037
4038
4039
4040
4041
4042
4043
4044
4045
4046
4047
4048
4049
4050
4051
4052
4053
4054
4055
4056
4057
4058
4059
4060
4061
4062
4063
4064
4065
4066
4067
4068
4069
4070
4071
4072
4073
4074
4075
4076
4077
4078
4079
4080
4081
4082
4083
4084
4085
4086
4087
4088
4089
4090
4091
4092
4093
4094
4095
4096
4097
4098
4099
4100
4101
4102
4103
4104
4105
4106
4107
4108
4109
4110
4111
4112
4113
4114
4115
4116
4117
4118
4119
4120
4121
4122
4123
4124
4125
4126
4127
4128
4129
4130
4131
4132
4133
4134
4135
4136
4137
4138
4139
4140
4141
4142
4143
4144
4145
4146
4147
4148
4149
4150
4151
4152
4153
4154
4155
4156
4157
4158
4159
4160
4161
4162
4163
4164
4165
4166
4167
4168
4169
4170
4171
4172
4173
4174
4175
4176
4177
4178
4179
4180
4181
4182
4183
4184
4185
4186
4187
4188
4189
4190
4191
4192
4193
4194
4195
4196
4197
4198
4199
4200
4201
4202
4203
4204
4205
4206
4207
4208
4209
4210
4211
4212
4213
4214
4215
4216
4217
4218
4219
4220
0.0009999999999981966 0.001049000632660908 4.580035673360094e-05
0.0009999999999981966 0.001098953043739874 4.798132610186219e-05
0.0009999999999981966 0.001148905454818754 5.016229547011974e-05
0.0009999999999981968 0.001198857865897805 5.234326483838469e-05
0.0009999999999981968 0.001248810276976687 5.452423420664225e-05
0.0009999999999981968 0.001298762688055991 5.670520357491827e-05
0.000999999999998197 0.001348715099135126 5.888617294318692e-05
0.0009999999999981968 0.001398667510214346 6.106714231145926e-05
0.0009999999999981968 0.001448619921293481 6.324811167972793e-05
0.001999999999996261 0.001049000632660908 4.580035673360094e-05
0.001999999999996261 0.001098953043739874 4.798132610186219e-05
0.00199999999999626 0.001148905454818755 5.016229547011974e-05
0.001999999999996262 0.001198857865897805 5.234326483838469e-05
0.001999999999996261 0.001248810276976687 5.452423420664225e-05
0.00199999999999626 0.001298762688055991 5.670520357491827e-05
0.00199999999999626 0.001348715099135126 5.888617294318691e-05
0.001999999999996261 0.001398667510214346 6.106714231145926e-05
0.00199999999999626 0.001448619921293481 6.324811167972793e-05
0.002999999999994155 0.001049000632660908 4.580035673360094e-05
0.002999999999994157 0.001098953043739874 4.798132610186218e-05
0.002999999999994157 0.001148905454818755 5.016229547011972e-05
0.002999999999994157 0.001198857865897805 5.234326483838469e-05
0.002999999999994157 0.001248810276976687 5.452423420664225e-05
0.002999999999994157 0.001298762688055991 5.670520357491827e-05
0.002999999999994157 0.001348715099135126 5.888617294318692e-05
0.002999999999994157 0.001398667510214346 6.106714231145926e-05
0.002999999999994157 0.001448619921293481 6.324811167972793e-05
0.003999999999992682 0.001049000632660908 4.580035673360093e-05
0.003999999999992682 0.001098953043739874 4.798132610186219e-05
0.003999999999992682 0.001148905454818754 5.016229547011973e-05
0.003999999999992682 0.001198857865897805 5.234326483838469e-05
0.003999999999992681 0.001248810276976687 5.452423420664225e-05
0.003999999999992683 0.001298762688055991 5.67052035749183e-05
0.003999999999992683 0.001348715099135126 5.888617294318692e-05
0.003999999999992683 0.001398667510214346 6.106714231145926e-05
0.003999999999992683 0.001448619921293482 6.324811167972793e-05
0.004999999999991242 0.001049000632660908 4.580035673360093e-05
0.004999999999991246 0.001098953043739874 4.798132610186218e-05
0.004999999999991244 0.001148905454818755 5.016229547011971e-05
0.004999999999991242 0.001198857865897805 5.234326483838469e-05
0.004999999999991244 0.001248810276976686 5.452423420664225e-05
0.004999999999991244 0.001298762688055991 5.670520357491827e-05
0.004999999999991244 0.001348715099135126 5.888617294318692e-05
0.004999999999991245 0.001398667510214346 6.106714231145926e-05
0.004999999999991245 0.001448619921293482 6.324811167972794e-05
0.005999999999989781 0.001049000632660908 4.580035673360094e-05
0.00599999999998978 0.001098953043739874 4.798132610186219e-05
0.005999999999989783 0.001148905454818755 5.016229547011972e-05
0.005999999999989779 0.001198857865897805 5.234326483838468e-05
0.005999999999989783 0.001248810276976687 5.452423420664225e-05
0.005999999999989782 0.001298762688055991 5.670520357491827e-05
0.005999999999989783 0.001348715099135126 5.888617294318691e-05
0.005999999999989781 0.001398667510214346 6.106714231145926e-05
0.005999999999989781 0.001448619921293481 6.324811167972793e-05
0.006999999999987296 0.001049000632660908 4.580035673360093e-05
0.006999999999987296 0.001098953043739874 4.798132610186219e-05
0.006999999999987296 0.001148905454818755 5.016229547011974e-05
0.006999999999987294 0.001198857865897805 5.234326483838467e-05
0.006999999999987294 0.001248810276976687 5.452423420664225e-05
0.006999999999987296 0.001298762688055991 5.670520357491827e-05
0.006999999999987296 0.001348715099135126 5.888617294318692e-05
0.006999999999987294 0.001398667510214346 6.106714231145926e-05
0.006999999999987295 0.001448619921293481 6.324811167972793e-05
0.007999999999984422 0.001049000632660909 4.580035673360093e-05
0.007999999999984426 0.001098953043739874 4.798132610186219e-05
0.007999999999984426 0.001148905454818754 5.016229547011973e-05
0.007999999999984426 0.001198857865897805 5.234326483838468e-05
0.007999999999984426 0.001248810276976687 5.452423420664225e-05
0.007999999999984426 0.001298762688055991 5.670520357491827e-05
0.007999999999984426 0.001348715099135126 5.888617294318692e-05
0.007999999999984426 0.001398667510214346 6.106714231145926e-05
0.007999999999984426 0.001448619921293481 6.324811167972793e-05
0.008999999999981542 0.001049000632660908 4.580035673360094e-05
0.008999999999981542 0.001098953043739874 4.798132610186219e-05
0.008999999999981542 0.001148905454818754 5.016229547011972e-05
0.008999999999981544 0.001198857865897805 5.234326483838469e-05
0.008999999999981544 0.001248810276976687 5.452423420664225e-05
0.008999999999981544 0.001298762688055991 5.670520357491827e-05
0.008999999999981544 0.001348715099135126 5.88861729431869e-05
0.008999999999981544 0.001398667510214346 6.106714231145926e-05
0.008999999999981544 0.001448619921293481 6.324811167972793e-05
0.009999999999978009 0.001049000632660908 4.580035673360093e-05
0.009999999999978007 0.001098953043739874 4.798132610186219e-05
0.009999999999978006 0.001148905454818755 5.016229547011973e-05
0.009999999999978007 0.001198857865897805 5.234326483838469e-05
0.009999999999978007 0.001248810276976687 5.452423420664225e-05
0.009999999999978006 0.001298762688055991 5.670520357491827e-05
0.009999999999978006 0.001348715099135126 5.888617294318692e-05
0.009999999999978007 0.001398667510214346 6.106714231145926e-05
0.009999999999978006 0.001448619921293482 6.324811167972794e-05
0.01099999999997514 0.001049000632660908 4.580035673360094e-05
0.01099999999997513 0.001098953043739874 4.798132610186219e-05
0.01099999999997514 0.001148905454818754 5.016229547011972e-05
0.01099999999997513 0.001198857865897805 5.234326483838469e-05
0.01099999999997514 0.001248810276976687 5.452423420664225e-05
0.01099999999997514 0.001298762688055991 5.670520357491827e-05
0.01099999999997514 0.001348715099135126 5.888617294318692e-05
0.01099999999997513 0.001398667510214346 6.106714231145926e-05
0.01099999999997513 0.001448619921293481 6.324811167972793e-05
0.01199999999997227 0.001049000632660908 4.580035673360093e-05
0.01199999999997227 0.001098953043739874 4.798132610186219e-05
0.01199999999997227 0.001148905454818754 5.016229547011972e-05
0.01199999999997227 0.001198857865897805 5.234326483838468e-05
0.01199999999997227 0.001248810276976687 5.452423420664225e-05
0.01199999999997227 0.001298762688055991 5.670520357491826e-05
0.01199999999997227 0.001348715099135126 5.888617294318692e-05
0.01199999999997227 0.001398667510214346 6.106714231145926e-05
0.01199999999997227 0.001448619921293482 6.324811167972793e-05
0.0129999999999694 0.001049000632660908 4.580035673360093e-05
0.0129999999999694 0.001098953043739874 4.798132610186219e-05
0.0129999999999694 0.001148905454818754 5.016229547011973e-05
0.0129999999999694 0.001198857865897805 5.234326483838468e-05
0.0129999999999694 0.001248810276976687 5.452423420664225e-05
0.0129999999999694 0.001298762688055991 5.670520357491827e-05
0.0129999999999694 0.001348715099135126 5.888617294318692e-05
0.0129999999999694 0.001398667510214346 6.106714231145926e-05
0.0129999999999694 0.001448619921293481 6.324811167972793e-05
0.01399999999996652 0.001049000632660908 4.580035673360094e-05
0.01399999999996653 0.001098953043739874 4.79813261018622e-05
0.01399999999996652 0.001148905454818755 5.016229547011972e-05
0.01399999999996653 0.001198857865897805 5.234326483838467e-05
0.01399999999996653 0.001248810276976687 5.452423420664225e-05
0.01399999999996653 0.001298762688055991 5.670520357491827e-05
0.01399999999996653 0.001348715099135126 5.888617294318692e-05
0.01399999999996653 0.001398667510214346 6.106714231145926e-05
0.01399999999996653 0.001448619921293481 6.32481116797279e-05
0.01499999999996365 0.001049000632660908 4.580035673360093e-05
0.01499999999996366 0.001098953043739874 4.798132610186219e-05
0.01499999999996365 0.001148905454818755 5.016229547011974e-05
0.01499999999996365 0.001198857865897805 5.234326483838468e-05
0.01499999999996365 0.001248810276976687 5.452423420664225e-05
0.01499999999996365 0.001298762688055991 5.670520357491827e-05
0.01499999999996365 0.001348715099135126 5.888617294318692e-05
0.01499999999996365 0.001398667510214346 6.106714231145926e-05
0.01499999999996365 0.001448619921293482 6.324811167972793e-05
0.01599999999996079 0.001049000632660908 4.580035673360093e-05
0.01599999999996079 0.001098953043739874 4.79813261018622e-05
0.01599999999996079 0.001148905454818755 5.016229547011971e-05
0.01599999999996079 0.001198857865897805 5.234326483838469e-05
0.01599999999996079 0.001248810276976687 5.452423420664225e-05
0.01599999999996079 0.001298762688055991 5.670520357491826e-05
0.01599999999996079 0.001348715099135126 5.888617294318692e-05
0.01599999999996079 0.001398667510214346 6.106714231145928e-05
0.01599999999996079 0.001448619921293482 6.324811167972793e-05
0.01699999999995792 0.001049000632660908 4.580035673360094e-05
0.01699999999995792 0.001098953043739874 4.798132610186219e-05
0.01699999999995792 0.001148905454818755 5.016229547011972e-05
0.01699999999995792 0.001198857865897805 5.234326483838466e-05
0.01699999999995792 0.001248810276976687 5.452423420664225e-05
0.01699999999995792 0.001298762688055991 5.670520357491827e-05
0.01699999999995792 0.001348715099135126 5.888617294318692e-05
0.01699999999995792 0.001398667510214346 6.106714231145926e-05
0.01699999999995792 0.001448619921293481 6.324811167972794e-05
0.01799999999995505 0.001049000632660908 4.580035673360093e-05
0.01799999999995505 0.001098953043739874 4.798132610186219e-05
0.01799999999995505 0.001148905454818754 5.016229547011971e-05
0.01799999999995505 0.001198857865897805 5.234326483838467e-05
0.01799999999995505 0.001248810276976687 5.452423420664225e-05
0.01799999999995505 0.001298762688055991 5.670520357491827e-05
0.01799999999995505 0.001348715099135126 5.888617294318692e-05
0.01799999999995505 0.001398667510214346 6.106714231145928e-05
0.01799999999995505 0.001448619921293481 6.324811167972793e-05
0.01899999999995106 0.001049000632660908 4.580035673360093e-05
0.01899999999995106 0.001098953043739874 4.798132610186219e-05
0.01899999999995105 0.001148905454818754 5.016229547011971e-05
0.01899999999995106 0.001198857865897805 5.234326483838468e-05
0.01899999999995106 0.001248810276976687 5.452423420664225e-05
0.01899999999995106 0.001298762688055991 5.670520357491827e-05
0.01899999999995106 0.001348715099135126 5.888617294318692e-05
0.01899999999995106 0.001398667510214346 6.106714231145926e-05
0.01899999999995106 0.001448619921293481 6.324811167972793e-05
0.01999999999994794 0.001049000632660908 4.580035673360093e-05
0.01999999999994795 0.001098953043739874 4.798132610186219e-05
0.01999999999994795 0.001148905454818754 5.016229547011973e-05
0.01999999999994795 0.001198857865897805 5.234326483838469e-05
0.01999999999994795 0.001248810276976687 5.452423420664225e-05
0.01999999999994795 0.001298762688055991 5.670520357491826e-05
0.01999999999994795 0.001348715099135126 5.888617294318692e-05
0.01999999999994794 0.001398667510214346 6.106714231145926e-05
0.01999999999994795 0.001448619921293482 6.324811167972793e-05
0.02099999999994507 0.001049000632660908 4.580035673360094e-05
0.02099999999994508 0.001098953043739874 4.798132610186219e-05
0.02099999999994509 0.001148905454818754 5.016229547011973e-05
0.02099999999994508 0.001198857865897805 5.234326483838468e-05
0.02099999999994508 0.001248810276976687 5.452423420664225e-05
0.02099999999994508 0.001298762688055991 5.670520357491827e-05
0.02099999999994508 0.001348715099135126 5.888617294318692e-05
0.02099999999994508 0.001398667510214346 6.106714231145926e-05
0.02099999999994508 0.001448619921293481 6.324811167972791e-05
0.0219999999999422 0.001049000632660908 4.580035673360094e-05
0.02199999999994221 0.001098953043739874 4.798132610186218e-05
0.02199999999994221 0.001148905454818754 5.016229547011972e-05
0.02199999999994222 0.001198857865897805 5.234326483838468e-05
0.02199999999994222 0.001248810276976687 5.452423420664225e-05
0.02199999999994221 0.001298762688055991 5.670520357491827e-05
0.0219999999999422 0.001348715099135126 5.888617294318692e-05
0.02199999999994221 0.001398667510214346 6.106714231145926e-05
0.0219999999999422 0.001448619921293481 6.324811167972791e-05
0.02299999999993933 0.001049000632660908 4.580035673360093e-05
0.02299999999993933 0.001098953043739874 4.798132610186219e-05
0.02299999999993934 0.001148905454818754 5.016229547011973e-05
0.02299999999993933 0.001198857865897805 5.234326483838469e-05
0.02299999999993934 0.001248810276976687 5.452423420664225e-05
0.02299999999993934 0.001298762688055991 5.670520357491827e-05
0.02299999999993933 0.001348715099135126 5.888617294318692e-05
0.02299999999993934 0.001398667510214346 6.106714231145926e-05
0.02299999999993934 0.001448619921293482 6.324811167972793e-05
0.02399999999993647 0.001049000632660909 4.580035673360094e-05
0.02399999999993648 0.001098953043739874 4.798132610186219e-05
0.02399999999993647 0.001148905454818754 5.016229547011972e-05
0.02399999999993647 0.001198857865897805 5.234326483838468e-05
0.02399999999993647 0.001248810276976687 5.452423420664225e-05
0.02399999999993647 0.001298762688055991 5.670520357491827e-05
0.02399999999993646 0.001348715099135126 5.888617294318692e-05
0.02399999999993647 0.001398667510214346 6.106714231145926e-05
0.02399999999993647 0.001448619921293481 6.324811167972793e-05
0.02499999999993428 0.001049000632660908 4.580035673360094e-05
0.02499999999993428 0.001098953043739874 4.798132610186219e-05
0.02499999999993428 0.001148905454818754 5.016229547011972e-05
0.02499999999993428 0.001198857865897805 5.234326483838469e-05
0.02499999999993428 0.001248810276976687 5.452423420664225e-05
0.02499999999993428 0.001298762688055991 5.670520357491825e-05
0.02499999999993428 0.001348715099135126 5.888617294318692e-05
0.02499999999993428 0.001398667510214346 6.106714231145926e-05
0.02499999999993428 0.001448619921293482 6.324811167972793e-05
0.02599999999993632 0.001049000632660908 4.580035673360094e-05
0.0259999999999363 0.001098953043739874 4.798132610186219e-05
0.02599999999993632 0.001148905454818754 5.016229547011973e-05
0.02599999999993631 0.001198857865897805 5.234326483838468e-05
0.02599999999993631 0.001248810276976687 5.452423420664225e-05
0.02599999999993631 0.001298762688055991 5.670520357491826e-05
0.02599999999993631 0.001348715099135126 5.888617294318692e-05
0.02599999999993631 0.001398667510214346 6.106714231145926e-05
0.02599999999993631 0.001448619921293482 6.324811167972793e-05
0.02699999999993894 0.001049000632660908 4.580035673360094e-05
0.02699999999993893 0.001098953043739874 4.798132610186219e-05
0.02699999999993894 0.001148905454818755 5.016229547011972e-05
0.02699999999993894 0.001198857865897805 5.234326483838469e-05
0.02699999999993894 0.001248810276976687 5.452423420664225e-05
0.02699999999993894 0.001298762688055991 5.670520357491826e-05
0.02699999999993894 0.001348715099135126 5.888617294318692e-05
0.02699999999993894 0.001398667510214346 6.106714231145926e-05
0.02699999999993894 0.001448619921293481 6.324811167972793e-05
0.02799999999994172 0.001049000632660908 4.580035673360093e-05
0.0279999999999417 0.001098953043739874 4.798132610186219e-05
0.02799999999994172 0.001148905454818754 5.016229547011973e-05
0.02799999999994172 0.001198857865897805 5.234326483838468e-05
0.02799999999994172 0.001248810276976687 5.452423420664225e-05
0.02799999999994172 0.001298762688055991 5.670520357491827e-05
0.02799999999994173 0.001348715099135126 5.888617294318692e-05
0.02799999999994172 0.001398667510214346 6.106714231145926e-05
0.02799999999994172 0.001448619921293481 6.324811167972791e-05
0.02899999999994429 0.001049000632660908 4.580035673360094e-05
0.02899999999994426 0.001098953043739874 4.798132610186219e-05
0.02899999999994428 0.001148905454818754 5.016229547011972e-05
0.02899999999994427 0.001198857865897805 5.234326483838469e-05
0.02899999999994427 0.001248810276976687 5.452423420664225e-05
0.02899999999994427 0.001298762688055991 5.670520357491827e-05
0.02899999999994427 0.001348715099135126 5.888617294318692e-05
0.02899999999994427 0.001398667510214346 6.106714231145926e-05
0.02899999999994427 0.001448619921293482 6.324811167972793e-05
0.02999999999994715 0.001049000632660908 4.580035673360093e-05
0.02999999999994714 0.001098953043739874 4.798132610186219e-05
0.02999999999994716 0.001148905454818754 5.016229547011973e-05
0.02999999999994715 0.001198857865897805 5.234326483838469e-05
0.02999999999994715 0.001248810276976687 5.452423420664225e-05
0.02999999999994714 0.001298762688055991 5.670520357491826e-05
0.02999999999994715 0.001348715099135126 5.888617294318692e-05
0.02999999999994716 0.001398667510214346 6.106714231145926e-05
0.02999999999994715 0.001448619921293481 6.324811167972791e-05
0.0309999999999496 0.001049000632660908 4.580035673360094e-05
0.03099999999994962 0.001098953043739874 4.798132610186219e-05
0.0309999999999496 0.001148905454818754 5.016229547011972e-05
0.03099999999994961 0.001198857865897805 5.234326483838469e-05
0.03099999999994961 0.001248810276976687 5.452423420664225e-05
0.03099999999994961 0.001298762688055991 5.670520357491827e-05
0.03099999999994961 0.001348715099135126 5.888617294318692e-05
0.03099999999994961 0.001398667510214346 6.106714231145926e-05
0.03099999999994962 0.001448619921293482 6.324811167972793e-05
0.03199999999995256 0.001049000632660908 4.580035673360093e-05
0.03199999999995256 0.001098953043739874 4.798132610186219e-05
0.03199999999995256 0.001148905454818754 5.016229547011974e-05
0.03199999999995257 0.001198857865897805 5.234326483838467e-05
0.03199999999995257 0.001248810276976687 5.452423420664225e-05
0.03199999999995257 0.001298762688055991 5.670520357491827e-05
0.03199999999995257 0.001348715099135126 5.888617294318692e-05
0.03199999999995257 0.001398667510214346 6.106714231145926e-05
0.03199999999995256 0.001448619921293481 6.324811167972791e-05
0.03299999999995463 0.001049000632660908 4.580035673360094e-05
0.03299999999995464 0.001098953043739874 4.798132610186219e-05
0.03299999999995463 0.001148905454818755 5.016229547011973e-05
0.03299999999995463 0.001198857865897805 5.234326483838468e-05
0.03299999999995463 0.001248810276976687 5.452423420664225e-05
0.03299999999995463 0.001298762688055991 5.670520357491826e-05
0.03299999999995463 0.001348715099135126 5.888617294318692e-05
0.03299999999995464 0.001398667510214346 6.106714231145926e-05
0.03299999999995463 0.001448619921293481 6.324811167972794e-05
0.03399999999995799 0.001049000632660908 4.580035673360094e-05
0.03399999999995798 0.001098953043739874 4.798132610186219e-05
0.03399999999995799 0.001148905454818755 5.016229547011972e-05
0.03399999999995799 0.001198857865897805 5.234326483838468e-05
0.03399999999995799 0.001248810276976687 5.452423420664225e-05
0.03399999999995799 0.001298762688055991 5.670520357491826e-05
0.03399999999995799 0.001348715099135126 5.888617294318692e-05
0.03399999999995799 0.001398667510214346 6.106714231145926e-05
0.03399999999995799 0.001448619921293481 6.324811167972791e-05
0.03499999999995989 0.001049000632660908 4.580035673360094e-05
0.03499999999995987 0.001098953043739874 4.798132610186219e-05
0.03499999999995989 0.001148905454818755 5.016229547011972e-05
0.0349999999999599 0.001198857865897805 5.234326483838468e-05
0.0349999999999599 0.001248810276976687 5.452423420664225e-05
0.03499999999995989 0.001298762688055991 5.670520357491827e-05
0.03499999999995989 0.001348715099135126 5.888617294318692e-05
0.0349999999999599 0.001398667510214346 6.106714231145928e-05
0.03499999999995989 0.001448619921293481 6.324811167972793e-05
0.03599999999996341 0.001049000632660908 4.580035673360094e-05
0.03599999999996342 0.001098953043739874 4.798132610186219e-05
0.03599999999996342 0.001148905454818755 5.016229547011974e-05
0.03599999999996342 0.001198857865897805 5.234326483838467e-05
0.03599999999996342 0.001248810276976687 5.452423420664225e-05
0.03599999999996342 0.001298762688055991 5.670520357491827e-05
0.03599999999996342 0.001348715099135126 5.888617294318692e-05
0.03599999999996341 0.001398667510214346 6.106714231145926e-05
0.03599999999996342 0.001448619921293481 6.32481116797279e-05
0.03699999999996514 0.001049000632660908 4.580035673360094e-05
0.03699999999996514 0.001098953043739874 4.79813261018622e-05
0.03699999999996515 0.001148905454818754 5.016229547011973e-05
0.03699999999996514 0.001198857865897805 5.234326483838468e-05
0.03699999999996514 0.001248810276976687 5.452423420664225e-05
0.03699999999996514 0.001298762688055991 5.670520357491827e-05
0.03699999999996514 0.001348715099135126 5.888617294318692e-05
0.03699999999996515 0.001398667510214346 6.106714231145926e-05
0.03699999999996514 0.001448619921293482 6.324811167972793e-05
0.03799999999996845 0.001049000632660908 4.580035673360093e-05
0.03799999999996845 0.001098953043739874 4.79813261018622e-05
0.03799999999996844 0.001148905454818754 5.016229547011973e-05
0.03799999999996845 0.001198857865897805 5.234326483838469e-05
0.03799999999996845 0.001248810276976687 5.452423420664225e-05
0.03799999999996845 0.001298762688055991 5.670520357491827e-05
0.03799999999996844 0.001348715099135125 5.888617294318692e-05
0.03799999999996845 0.001398667510214346 6.106714231145926e-05
0.03799999999996845 0.001448619921293481 6.324811167972793e-05
0.03899999999997018 0.001049000632660908 4.580035673360094e-05
0.0389999999999702 0.001098953043739874 4.798132610186219e-05
0.0389999999999702 0.001148905454818754 5.016229547011974e-05
0.03899999999997018 0.001198857865897805 5.234326483838469e-05
0.03899999999997018 0.001248810276976687 5.452423420664225e-05
0.03899999999997018 0.001298762688055991 5.670520357491826e-05
0.03899999999997018 0.001348715099135126 5.888617294318691e-05
0.03899999999997018 0.001398667510214346 6.106714231145926e-05
0.03899999999997018 0.001448619921293481 6.324811167972791e-05
0.0399999999999737 0.001049000632660908 4.580035673360094e-05
0.03999999999997371 0.001098953043739874 4.798132610186219e-05
0.03999999999997371 0.001148905454818754 5.016229547011971e-05
0.03999999999997371 0.001198857865897805 5.234326483838468e-05
0.03999999999997371 0.001248810276976687 5.452423420664225e-05
0.03999999999997371 0.001298762688055991 5.670520357491827e-05
0.0399999999999737 0.001348715099135126 5.888617294318692e-05
0.0399999999999737 0.001398667510214346 6.106714231145926e-05
0.03999999999997371 0.001448619921293481 6.324811167972793e-05
0.04099999999997563 0.001049000632660908 4.580035673360095e-05
0.04099999999997561 0.001098953043739874 4.798132610186219e-05
0.04099999999997559 0.001148905454818755 5.016229547011974e-05
0.04099999999997561 0.001198857865897805 5.234326483838468e-05
0.04099999999997561 0.001248810276976687 5.452423420664225e-05
0.04099999999997561 0.001298762688055991 5.670520357491827e-05
0.04099999999997561 0.001348715099135126 5.888617294318692e-05
0.04099999999997561 0.001398667510214346 6.106714231145926e-05
0.04099999999997561 0.001448619921293481 6.324811167972793e-05
0.04199999999997895 0.001049000632660908 4.580035673360095e-05
0.04199999999997896 0.001098953043739874 4.798132610186219e-05
0.04199999999997897 0.001148905454818755 5.016229547011972e-05
0.04199999999997897 0.001198857865897805 5.234326483838468e-05
0.04199999999997897 0.001248810276976687 5.452423420664225e-05
0.04199999999997897 0.001298762688055991 5.670520357491826e-05
0.04199999999997897 0.001348715099135126 5.888617294318692e-05
0.04199999999997897 0.001398667510214346 6.106714231145926e-05
0.04199999999997896 0.001448619921293481 6.324811167972793e-05
0.04299999999998103 0.001049000632660908 4.580035673360093e-05
0.04299999999998102 0.001098953043739874 4.798132610186219e-05
0.04299999999998103 0.001148905454818755 5.016229547011974e-05
0.04299999999998103 0.001198857865897805 5.234326483838468e-05
0.04299999999998103 0.001248810276976687 5.452423420664225e-05
0.04299999999998103 0.001298762688055991 5.670520357491827e-05
0.04299999999998103 0.001348715099135126 5.888617294318692e-05
0.04299999999998103 0.001398667510214346 6.106714231145926e-05
0.04299999999998102 0.001448619921293481 6.32481116797279e-05
0.04399999999998422 0.001049000632660908 4.580035673360095e-05
0.04399999999998421 0.001098953043739874 4.798132610186219e-05
0.04399999999998423 0.001148905454818754 5.016229547011973e-05
0.04399999999998422 0.001198857865897805 5.234326483838469e-05
0.04399999999998422 0.001248810276976687 5.452423420664225e-05
0.04399999999998422 0.001298762688055991 5.670520357491828e-05
0.04399999999998421 0.001348715099135126 5.888617294318691e-05
0.04399999999998422 0.001398667510214346 6.106714231145926e-05
0.04399999999998421 0.001448619921293481 6.324811167972793e-05
0.04499999999998644 0.001049000632660908 4.580035673360095e-05
0.04499999999998643 0.001098953043739874 4.798132610186218e-05
0.04499999999998644 0.001148905454818754 5.016229547011972e-05
0.04499999999998645 0.001198857865897805 5.234326483838469e-05
0.04499999999998644 0.001248810276976687 5.452423420664225e-05
0.04499999999998644 0.001298762688055991 5.670520357491826e-05
0.04499999999998643 0.001348715099135126 5.888617294318692e-05
0.04499999999998644 0.001398667510214346 6.106714231145928e-05
0.04499999999998644 0.001448619921293481 6.324811167972793e-05
0.04599999999998948 0.001049000632660908 4.580035673360095e-05
0.04599999999998948 0.001098953043739874 4.798132610186219e-05
0.04599999999998948 0.001148905454818754 5.016229547011973e-05
0.04599999999998949 0.001198857865897805 5.234326483838466e-05
0.04599999999998948 0.001248810276976687 5.452423420664225e-05
0.04599999999998948 0.001298762688055991 5.670520357491827e-05
0.04599999999998948 0.001348715099135126 5.888617294318692e-05
0.04599999999998947 0.001398667510214346 6.106714231145926e-05
0.04599999999998947 0.001448619921293481 6.324811167972793e-05
0.04699999999999188 0.001049000632660908 4.580035673360095e-05
0.04699999999999186 0.001098953043739874 4.798132610186219e-05
0.04699999999999187 0.001148905454818754 5.016229547011972e-05
0.04699999999999187 0.001198857865897805 5.234326483838469e-05
0.04699999999999185 0.001248810276976687 5.452423420664225e-05
0.04699999999999189 0.001298762688055991 5.670520357491826e-05
0.04699999999999189 0.001348715099135126 5.888617294318692e-05
0.04699999999999185 0.001398667510214346 6.106714231145926e-05
0.04699999999999187 0.001448619921293482 6.324811167972793e-05
0.04799999999999473 0.001049000632660908 4.580035673360095e-05
0.04799999999999473 0.001098953043739874 4.798132610186219e-05
0.04799999999999474 0.001148905454818755 5.016229547011973e-05
0.04799999999999473 0.001198857865897805 5.234326483838468e-05
0.04799999999999474 0.001248810276976687 5.452423420664225e-05
0.04799999999999472 0.001298762688055991 5.670520357491826e-05
0.04799999999999474 0.001348715099135126 5.888617294318692e-05
0.04799999999999473 0.001398667510214346 6.106714231145926e-05
0.04799999999999473 0.001448619921293481 6.324811167972793e-05
0.04899999999999729 0.001049000632660908 4.580035673360095e-05
0.04899999999999728 0.001098953043739874 4.798132610186218e-05
0.04899999999999727 0.001148905454818754 5.016229547011972e-05
0.04899999999999728 0.001198857865897805 5.234326483838469e-05
0.04899999999999729 0.001248810276976687 5.452423420664225e-05
0.0489999999999973 0.001298762688055991 5.670520357491826e-05
0.0489999999999973 0.001348715099135126 5.888617294318692e-05
0.04899999999999729 0.001398667510214346 6.106714231145926e-05
0.0489999999999973 0.001448619921293481 6.324811167972794e-05
2 6 0 931
4221
4222
4223
4224
4225
4226
4227
4228
4229
4230
4231
4232
4233
4234
4235
4236
4237
4238
4239
4240
4241
4242
4243
4244
4245
4246
4247
4248
4249
4250
4251
4252
4253
4254
4255
4256
4257
4258
4259
4260
4261
4262
4263
4264
4265
4266
4267
4268
4269
4270
4271
4272
4273
4274
4275
4276
4277
4278
4279
4280
4281
4282
4283
4284
4285
4286
4287
4288
4289
4290
4291
4292
4293
4294
4295
4296
4297
4298
4299
4300
4301
4302
4303
4304
4305
4306
4307
4308
4309
4310
4311
4312
4313
4314
4315
4316
4317
4318
4319
4320
4321
4322
4323
4324
4325
4326
4327
4328
4329
4330
4331
4332
4333
4334
4335
4336
4337
4338
4339
4340
4341
4342
4343
4344
4345
4346
4347
4348
4349
4350
4351
4352
4353
4354
4355
4356
4357
4358
4359
4360
4361
4362
4363
4364
4365
4366
4367
4368
4369
4370
4371
4372
4373
4374
4375
4376
4377
4378
4379
4380
4381
4382
4383
4384
4385
4386
4387
4388
4389
4390
4391
4392
4393
4394
4395
4396
4397
4398
4399
4400
4401
4402
4403
4404
4405
4406
4407
4408
4409
4410
4411
4412
4413
4414
4415
4416
4417
4418
4419
4420
4421
4422
4423
4424
4425
4426
4427
4428
4429
4430
4431
4432
4433
4434
4435
4436
4437
4438
4439
4440
4441
4442
4443
4444
4445
4446
4447
4448
4449
4450
4451
4452
4453
4454
4455
4456
4457
4458
4459
4460
4461
4462
4463
4464
4465
4466
4467
4468
4469
4470
4471
4472
4473
4474
4475
4476
4477
4478
4479
4480
4481
4482
4483
4484
4485
4486
4487
4488
4489
4490
4491
4492
4493
4494
4495
4496
4497
4498
4499
4500
4501
4502
4503
4504
4505
4506
4507
4508
4509
4510
4511
4512
4513
4514
4515
4516
4517
4518
4519
4520
4521
4522
4523
4524
4525
4526
4527
4528
4529
4530
4531
4532
4533
4534
4535
4536
4537
4538
4539
4540
4541
4542
4543
4544
4545
4546
4547
4548
4549
4550
4551
4552
4553
4554
4555
4556
4557
4558
4559
4560
4561
4562
4563
4564
4565
4566
4567
4568
4569
4570
4571
4572
4573
4574
4575
4576
4577
4578
4579
4580
4581
4582
4583
4584
4585
4586
4587
4588
4589
4590
4591
4592
4593
4594
4595
4596
4597
4598
4599
4600
4601
4602
4603
4604
4605
4606
4607
4608
4609
4610
4611
4612
4613
4614
4615
4616
4617
4618
4619
4620
4621
4622
4623
4624
4625
4626
4627
4628
4629
4630
4631
4632
4633
4634
4635
4636
4637
4638
4639
4640
4641
4642
4643
4644
4645
4646
4647
4648
4649
4650
4651
4652
4653
4654
4655
4656
4657
4658
4659
4660
4661
4662
4663
4664
4665
4666
4667
4668
4669
4670
4671
4672
4673
4674
4675
4676
4677
4678
4679
4680
4681
4682
4683
4684
4685
4686
4687
4688
4689
4690
4691
4692
4693
4694
4695
4696
4697
4698
4699
4700
4701
4702
4703
4704
4705
4706
4707
4708
4709
4710
4711
4712
4713
4714
4715
4716
4717
4718
4719
4720
4721
4722
4723
4724
4725
4726
4727
4728
4729
4730
4731
4732
4733
4734
4735
4736
4737
4738
4739
4740
4741
4742
4743
4744
4745
4746
4747
4748
4749
4750
4751
4752
4753
4754
4755
4756
4757
4758
4759
4760
4761
4762
4763
4764
4765
4766
4767
4768
4769
4770
4771
4772
4773
4774
4775
4776
4777
4778
4779
4780
4781
4782
4783
4784
4785
4786
4787
4788
4789
4790
4791
4792
4793
4794
4795
4796
4797
4798
4799
4800
4801
4802
4803
4804
4805
4806
4807
4808
4809
4810
4811
4812
4813
4814
4815
4816
4817
4818
4819
4820
4821
4822
4823
4824
4825
4826
4827
4828
4829
4830
4831
4832
4833
4834
4835
4836
4837
4838
4839
4840
4841
4842
4843
4844
4845
4846
4847
4848
4849
4850
4851
4852
4853
4854
4855
4856
4857
4858
4859
4860
4861
4862
4863
4864
4865
4866
4867
4868
4869
4870
4871
4872
4873
4874
4875
4876
4877
4878
4879
4880
4881
4882
4883
4884
4885
4886
4887
4888
4889
4890
4891
4892
4893
4894
4895
4896
4897
4898
4899
4900
4901
4902
4903
4904
4905
4906
4907
4908
4909
4910
4911
4912
4913
4914
4915
4916
4917
4918
4919
4920
4921
4922
4923
4924
4925
4926
4927
4928
4929
4930
4931
4932
4933
4934
4935
4936
4937
4938
4939
4940
4941
4942
4943
4944
4945
4946
4947
4948
4949
4950
4951
4952
4953
4954
4955
4956
4957
4958
4959
4960
4961
4962
4963
4964
4965
4966
4967
4968
4969
4970
4971
4972
4973
4974
4975
4976
4977
4978
4979
4980
4981
4982
4983
4984
4985
4986
4987
4988
4989
4990
4991
4992
4993
4994
4995
4996
4997
4998
4999
5000
5001
5002
5003
5004
5005
5006
5007
5008
5009
5010
5011
5012
5013
5014
5015
5016
5017
5018
5019
5020
5021
5022
5023
5024
5025
5026
5027
5028
5029
5030
5031
5032
5033
5034
5035
5036
5037
5038
5039
5040
5041
5042
5043
5044
5045
5046
5047
5048
5049
5050
5051
5052
5053
5054
5055
5056
5057
5058
5059
5060
5061
5062
5063
5064
5065
5066
5067
5068
5069
5070
5071
5072
5073
5074
5075
5076
5077
5078
5079
5080
5081
5082
5083
5084
5085
5086
5087
5088
5089
5090
5091
5092
5093
5094
5095
5096
5097
5098
5099
5100
5101
5102
5103
5104
5105
5106
5107
5108
5109
5110
5111
5112
5113
5114
5115
5116
5117
5118
5119
5120
5121
5122
5123
5124
5125
5126
5127
5128
5129
5130
5131
5132
5133
5134
5135
5136
5137
5138
5139
5140
5141
5142
5143
5144
5145
5146
5147
5148
5149
5150
5151
0.0009999999999981966 0.001573500948991282 6.87005351003979e-05
0.0009999999999981966 0.001648429565609862 7.197198915279555e-05
0.0009999999999981963 0.001723358182228358 7.524344320518945e-05
0.0009999999999981961 0.001798286798846854 7.851489725758336e-05
0.0009999999999981961 0.001873215415465349 8.178635130997729e-05
0.0009999999999981968 0.001948144032083785 8.505780536236857e-05
0.0009999999999981968 0.00202307264870217 8.832925941475773e-05
0.0009999999999981966 0.002098001265320582 9.160071346714798e-05
0.0009999999999981968 0.002172929881939162 9.487216751954558e-05
0.0009999999999981972 0.002247858498557403 9.814362157192841e-05
0.0009999999999981972 0.002322787115176134 0.0001014150756243327
0.0009999999999981966 0.002397715731794901 0.0001046865296767384
0.0009999999999981968 0.002472644348413836 0.0001079579837291515
0.0009999999999981968 0.002547572965032619 0.000111229437781558
0.0009999999999981968 0.002622501581651489 0.0001145008918339683
0.0009999999999981968 0.002697430198270273 0.0001177723458863748
0.0009999999999981968 0.002772358814888988 0.0001210437999387783
0.0009999999999981968 0.002847287431507906 0.0001243152539911906
0.0009999999999981968 0.002922216048126655 0.0001275867080435956
0.001999999999996261 0.001573500948991281 6.87005351003979e-05
0.001999999999996262 0.001648429565609863 7.197198915279555e-05
0.001999999999996262 0.001723358182228358 7.524344320518947e-05
0.00199999999999626 0.001798286798846854 7.851489725758336e-05
0.00199999999999626 0.001873215415465349 8.178635130997729e-05
0.00199999999999626 0.001948144032083785 8.50578053623686e-05
0.00199999999999626 0.00202307264870217 8.832925941475773e-05
0.001999999999996262 0.002098001265320581 9.160071346714797e-05
0.001999999999996261 0.002172929881939161 9.487216751954557e-05
0.001999999999996261 0.002247858498557404 9.814362157192842e-05
0.00199999999999626 0.002322787115176135 0.0001014150756243327
0.00199999999999626 0.002397715731794901 0.0001046865296767383
0.00199999999999626 0.002472644348413837 0.0001079579837291515
0.00199999999999626 0.00254757296503262 0.000111229437781558
0.00199999999999626 0.002622501581651489 0.0001145008918339683
0.00199999999999626 0.002697430198270273 0.0001177723458863748
0.00199999999999626 0.002772358814888989 0.0001210437999387783
0.00199999999999626 0.002847287431507906 0.0001243152539911906
0.00199999999999626 0.002922216048126656 0.0001275867080435956
0.002999999999994155 0.001573500948991282 6.870053510039791e-05
0.002999999999994156 0.001648429565609862 7.197198915279555e-05
0.002999999999994156 0.001723358182228358 7.524344320518947e-05
0.002999999999994157 0.001798286798846853 7.851489725758338e-05
0.002999999999994156 0.001873215415465349 8.178635130997729e-05
0.002999999999994156 0.001948144032083784 8.505780536236863e-05
0.002999999999994157 0.00202307264870217 8.832925941475773e-05
0.002999999999994156 0.00209800126532058 9.160071346714797e-05
0.002999999999994158 0.002172929881939161 9.487216751954558e-05
0.002999999999994157 0.002247858498557403 9.814362157192841e-05
0.002999999999994158 0.002322787115176135 0.0001014150756243327
0.002999999999994158 0.002397715731794901 0.0001046865296767384
0.002999999999994158 0.002472644348413837 0.0001079579837291515
0.002999999999994157 0.00254757296503262 0.000111229437781558
0.002999999999994156 0.002622501581651489 0.0001145008918339683
0.002999999999994157 0.002697430198270273 0.0001177723458863748
0.002999999999994157 0.002772358814888988 0.0001210437999387782
0.002999999999994158 0.002847287431507906 0.0001243152539911906
0.002999999999994158 0.002922216048126656 0.0001275867080435956
0.003999999999992683 0.001573500948991282 6.870053510039789e-05
0.003999999999992683 0.001648429565609863 7.197198915279555e-05
0.003999999999992683 0.001723358182228358 7.524344320518947e-05
0.003999999999992683 0.001798286798846853 7.851489725758336e-05
0.003999999999992683 0.001873215415465349 8.178635130997728e-05
0.003999999999992683 0.001948144032083785 8.50578053623686e-05
0.003999999999992683 0.00202307264870217 8.832925941475772e-05
0.003999999999992683 0.002098001265320581 9.160071346714794e-05
0.003999999999992683 0.002172929881939161 9.487216751954557e-05
0.003999999999992683 0.002247858498557403 9.814362157192843e-05
0.003999999999992683 0.002322787115176135 0.0001014150756243327
0.003999999999992683 0.002397715731794901 0.0001046865296767384
0.003999999999992683 0.002472644348413836 0.0001079579837291515
0.003999999999992683 0.00254757296503262 0.000111229437781558
0.003999999999992682 0.002622501581651489 0.0001145008918339683
0.003999999999992683 0.002697430198270273 0.0001177723458863748
0.003999999999992683 0.002772358814888988 0.0001210437999387783
0.003999999999992683 0.002847287431507906 0.0001243152539911906
0.003999999999992682 0.002922216048126656 0.0001275867080435956
0.004999999999991241 0.001573500948991281 6.87005351003979e-05
0.004999999999991242 0.001648429565609863 7.197198915279557e-05
0.004999999999991244 0.001723358182228358 7.524344320518947e-05
0.004999999999991242 0.001798286798846854 7.851489725758335e-05
0.004999999999991244 0.001873215415465349 8.178635130997728e-05
0.004999999999991242 0.001948144032083784 8.505780536236861e-05
0.004999999999991246 0.00202307264870217 8.832925941475773e-05
0.004999999999991246 0.002098001265320581 9.160071346714795e-05
0.004999999999991244 0.002172929881939161 9.487216751954557e-05
0.004999999999991245 0.002247858498557403 9.814362157192839e-05
0.004999999999991242 0.002322787115176135 0.0001014150756243327
0.004999999999991244 0.002397715731794901 0.0001046865296767384
0.004999999999991245 0.002472644348413836 0.0001079579837291515
0.004999999999991244 0.00254757296503262 0.000111229437781558
0.004999999999991245 0.002622501581651489 0.0001145008918339683
0.004999999999991244 0.002697430198270273 0.0001177723458863748
0.004999999999991245 0.002772358814888987 0.0001210437999387783
0.004999999999991245 0.002847287431507905 0.0001243152539911906
0.004999999999991245 0.002922216048126655 0.0001275867080435956
0.005999999999989778 0.001573500948991282 6.87005351003979e-05
0.00599999999998978 0.001648429565609863 7.197198915279557e-05
0.005999999999989781 0.001723358182228358 7.524344320518948e-05
0.005999999999989781 0.001798286798846853 7.851489725758335e-05
0.005999999999989781 0.001873215415465349 8.178635130997729e-05
0.005999999999989779 0.001948144032083785 8.50578053623686e-05
0.005999999999989782 0.00202307264870217 8.832925941475774e-05
0.005999999999989781 0.002098001265320582 9.160071346714797e-05
0.005999999999989781 0.002172929881939161 9.487216751954553e-05
0.005999999999989781 0.002247858498557403 9.814362157192839e-05
0.005999999999989781 0.002322787115176136 0.0001014150756243327
0.005999999999989781 0.002397715731794901 0.0001046865296767384
0.005999999999989781 0.002472644348413837 0.0001079579837291515
0.005999999999989782 0.002547572965032619 0.000111229437781558
0.00599999999998978 0.002622501581651489 0.0001145008918339683
0.005999999999989781 0.002697430198270274 0.0001177723458863748
0.005999999999989779 0.002772358814888988 0.0001210437999387782
0.005999999999989783 0.002847287431507906 0.0001243152539911906
0.005999999999989782 0.002922216048126656 0.0001275867080435957
0.006999999999987293 0.001573500948991281 6.87005351003979e-05
0.006999999999987293 0.001648429565609863 7.197198915279557e-05
0.006999999999987296 0.001723358182228358 7.524344320518947e-05
0.006999999999987296 0.001798286798846853 7.851489725758336e-05
0.006999999999987296 0.001873215415465349 8.178635130997729e-05
0.006999999999987294 0.001948144032083785 8.50578053623686e-05
0.006999999999987294 0.00202307264870217 8.832925941475767e-05
0.006999999999987295 0.002098001265320581 9.160071346714797e-05
0.006999999999987294 0.002172929881939161 9.487216751954554e-05
0.006999999999987296 0.002247858498557403 9.814362157192839e-05
0.006999999999987293 0.002322787115176135 0.0001014150756243327
0.006999999999987296 0.002397715731794901 0.0001046865296767383
0.006999999999987294 0.002472644348413836 0.0001079579837291515
0.006999999999987294 0.00254757296503262 0.000111229437781558
0.006999999999987295 0.002622501581651489 0.0001145008918339683
0.006999999999987296 0.002697430198270273 0.0001177723458863748
0.006999999999987295 0.002772358814888988 0.0001210437999387782
0.006999999999987296 0.002847287431507906 0.0001243152539911906
0.006999999999987296 0.002922216048126656 0.0001275867080435956
0.007999999999984426 0.001573500948991281 6.87005351003979e-05
0.007999999999984426 0.001648429565609862 7.197198915279557e-05
0.007999999999984426 0.001723358182228358 7.524344320518945e-05
0.007999999999984426 0.001798286798846853 7.851489725758335e-05
0.007999999999984426 0.001873215415465348 8.178635130997729e-05
0.007999999999984426 0.001948144032083785 8.50578053623686e-05
0.007999999999984426 0.00202307264870217 8.832925941475772e-05
0.007999999999984426 0.002098001265320582 9.160071346714797e-05
0.007999999999984426 0.002172929881939161 9.487216751954558e-05
0.007999999999984426 0.002247858498557403 9.814362157192841e-05
0.007999999999984426 0.002322787115176135 0.0001014150756243327
0.007999999999984426 0.002397715731794901 0.0001046865296767383
0.007999999999984426 0.002472644348413836 0.0001079579837291515
0.007999999999984426 0.002547572965032619 0.000111229437781558
0.007999999999984426 0.00262250158165149 0.0001145008918339683
0.007999999999984426 0.002697430198270273 0.0001177723458863748
0.007999999999984426 0.002772358814888988 0.0001210437999387782
0.007999999999984426 0.002847287431507906 0.0001243152539911906
0.007999999999984426 0.002922216048126655 0.0001275867080435956
0.008999999999981538 0.001573500948991281 6.870053510039791e-05
0.008999999999981545 0.001648429565609862 7.197198915279554e-05
0.008999999999981544 0.001723358182228358 7.524344320518945e-05
0.008999999999981542 0.001798286798846853 7.851489725758335e-05
0.00899999999998154 0.001873215415465349 8.178635130997729e-05
0.008999999999981544 0.001948144032083785 8.50578053623686e-05
0.008999999999981542 0.00202307264870217 8.832925941475773e-05
0.008999999999981544 0.002098001265320582 9.160071346714797e-05
0.008999999999981544 0.002172929881939162 9.487216751954558e-05
0.008999999999981544 0.002247858498557403 9.814362157192842e-05
0.008999999999981544 0.002322787115176135 0.0001014150756243327
0.008999999999981544 0.002397715731794901 0.0001046865296767384
0.008999999999981544 0.002472644348413837 0.0001079579837291515
0.008999999999981544 0.00254757296503262 0.000111229437781558
0.008999999999981547 0.002622501581651489 0.0001145008918339683
0.008999999999981544 0.002697430198270273 0.0001177723458863748
0.008999999999981544 0.002772358814888987 0.0001210437999387783
0.008999999999981545 0.002847287431507906 0.0001243152539911906
0.008999999999981544 0.002922216048126656 0.0001275867080435957
0.009999999999978006 0.001573500948991281 6.87005351003979e-05
0.009999999999978009 0.001648429565609863 7.197198915279555e-05
0.009999999999978013 0.001723358182228357 7.524344320518945e-05
0.009999999999978009 0.001798286798846854 7.851489725758338e-05
0.009999999999978007 0.001873215415465349 8.178635130997729e-05
0.009999999999978007 0.001948144032083785 8.50578053623686e-05
0.009999999999978007 0.00202307264870217 8.832925941475772e-05
0.009999999999978007 0.002098001265320581 9.160071346714795e-05
0.009999999999978004 0.002172929881939161 9.487216751954557e-05
0.009999999999978007 0.002247858498557403 9.814362157192842e-05
0.009999999999978006 0.002322787115176135 0.0001014150756243327
0.009999999999978006 0.002397715731794901 0.0001046865296767384
0.009999999999978006 0.002472644348413836 0.0001079579837291515
0.009999999999978004 0.002547572965032619 0.000111229437781558
0.009999999999978007 0.002622501581651491 0.0001145008918339683
0.009999999999978006 0.002697430198270273 0.0001177723458863748
0.009999999999978004 0.002772358814888987 0.0001210437999387782
0.009999999999978007 0.002847287431507905 0.0001243152539911906
0.009999999999978006 0.002922216048126655 0.0001275867080435957
0.01099999999997514 0.001573500948991281 6.87005351003979e-05
0.01099999999997514 0.001648429565609863 7.197198915279557e-05
0.01099999999997514 0.001723358182228358 7.524344320518947e-05
0.01099999999997514 0.001798286798846854 7.851489725758336e-05
0.01099999999997514 0.001873215415465348 8.178635130997729e-05
0.01099999999997514 0.001948144032083785 8.505780536236859e-05
0.01099999999997514 0.00202307264870217 8.832925941475772e-05
0.01099999999997513 0.002098001265320581 9.160071346714797e-05
0.01099999999997514 0.002172929881939161 9.487216751954557e-05
0.01099999999997513 0.002247858498557403 9.814362157192843e-05
0.01099999999997513 0.002322787115176135 0.0001014150756243327
0.01099999999997513 0.002397715731794901 0.0001046865296767383
0.01099999999997513 0.002472644348413837 0.0001079579837291515
0.01099999999997514 0.00254757296503262 0.000111229437781558
0.01099999999997513 0.002622501581651489 0.0001145008918339683
0.01099999999997513 0.002697430198270272 0.0001177723458863748
0.01099999999997514 0.002772358814888988 0.0001210437999387783
0.01099999999997513 0.002847287431507906 0.0001243152539911906
0.01099999999997513 0.002922216048126656 0.0001275867080435956
0.01199999999997227 0.001573500948991281 6.87005351003979e-05
0.01199999999997227 0.001648429565609863 7.197198915279554e-05
0.01199999999997227 0.001723358182228358 7.524344320518945e-05
0.01199999999997226 0.001798286798846854 7.851489725758336e-05
0.01199999999997227 0.001873215415465349 8.178635130997729e-05
0.01199999999997227 0.001948144032083785 8.505780536236859e-05
0.01199999999997227 0.00202307264870217 8.832925941475767e-05
0.01199999999997227 0.002098001265320582 9.160071346714797e-05
0.01199999999997227 0.002172929881939161 9.487216751954557e-05
0.01199999999997227 0.002247858498557403 9.814362157192841e-05
0.01199999999997227 0.002322787115176135 0.0001014150756243327
0.01199999999997227 0.002397715731794901 0.0001046865296767384
0.01199999999997227 0.002472644348413836 0.0001079579837291515
0.01199999999997227 0.002547572965032619 0.000111229437781558
0.01199999999997227 0.002622501581651489 0.0001145008918339683
0.01199999999997227 0.002697430198270272 0.0001177723458863748
0.01199999999997227 0.002772358814888987 0.0001210437999387782
0.01199999999997227 0.002847287431507906 0.0001243152539911906
0.01199999999997227 0.002922216048126656 0.0001275867080435956
0.0129999999999694 0.001573500948991281 6.87005351003979e-05
0.0129999999999694 0.001648429565609863 7.197198915279555e-05
0.0129999999999694 0.001723358182228358 7.524344320518945e-05
0.0129999999999694 0.001798286798846854 7.851489725758336e-05
0.0129999999999694 0.001873215415465348 8.178635130997729e-05
0.0129999999999694 0.001948144032083785 8.505780536236859e-05
0.0129999999999694 0.00202307264870217 8.832925941475772e-05
0.0129999999999694 0.002098001265320581 9.160071346714797e-05
0.0129999999999694 0.002172929881939161 9.487216751954558e-05
0.0129999999999694 0.002247858498557403 9.814362157192842e-05
0.0129999999999694 0.002322787115176135 0.0001014150756243327
0.0129999999999694 0.002397715731794901 0.0001046865296767384
0.0129999999999694 0.002472644348413836 0.0001079579837291515
0.0129999999999694 0.002547572965032619 0.000111229437781558
0.0129999999999694 0.002622501581651489 0.0001145008918339683
0.0129999999999694 0.002697430198270272 0.0001177723458863748
0.0129999999999694 0.00277235881488899 0.0001210437999387783
0.0129999999999694 0.002847287431507905 0.0001243152539911906
0.0129999999999694 0.002922216048126656 0.0001275867080435956
0.01399999999996653 0.001573500948991282 6.87005351003979e-05
0.01399999999996653 0.001648429565609863 7.197198915279555e-05
0.01399999999996652 0.001723358182228358 7.524344320518947e-05
0.01399999999996653 0.001798286798846854 7.851489725758336e-05
0.01399999999996653 0.001873215415465348 8.178635130997729e-05
0.01399999999996653 0.001948144032083785 8.50578053623686e-05
0.01399999999996653 0.00202307264870217 8.832925941475773e-05
0.01399999999996653 0.002098001265320582 9.1600713467148e-05
0.01399999999996652 0.002172929881939161 9.487216751954557e-05
0.01399999999996653 0.002247858498557403 9.814362157192842e-05
0.01399999999996653 0.002322787115176135 0.0001014150756243327
0.01399999999996653 0.002397715731794901 0.0001046865296767383
0.01399999999996653 0.002472644348413837 0.0001079579837291515
0.01399999999996653 0.002547572965032619 0.000111229437781558
0.01399999999996653 0.002622501581651489 0.0001145008918339683
0.01399999999996653 0.002697430198270273 0.0001177723458863748
0.01399999999996653 0.002772358814888987 0.0001210437999387782
0.01399999999996653 0.002847287431507904 0.0001243152539911906
0.01399999999996653 0.002922216048126655 0.0001275867080435956
0.01499999999996365 0.001573500948991282 6.87005351003979e-05
0.01499999999996365 0.001648429565609862 7.197198915279555e-05
0.01499999999996365 0.001723358182228358 7.524344320518947e-05
0.01499999999996366 0.001798286798846854 7.851489725758336e-05
0.01499999999996365 0.001873215415465348 8.178635130997729e-05
0.01499999999996365 0.001948144032083785 8.50578053623686e-05
0.01499999999996365 0.00202307264870217 8.832925941475773e-05
0.01499999999996365 0.002098001265320581 9.160071346714797e-05
0.01499999999996365 0.002172929881939161 9.487216751954557e-05
0.01499999999996365 0.002247858498557403 9.814362157192841e-05
0.01499999999996365 0.002322787115176135 0.0001014150756243327
0.01499999999996365 0.002397715731794901 0.0001046865296767384
0.01499999999996365 0.002472644348413836 0.0001079579837291515
0.01499999999996365 0.00254757296503262 0.000111229437781558
0.01499999999996365 0.002622501581651489 0.0001145008918339683
0.01499999999996365 0.002697430198270273 0.0001177723458863748
0.01499999999996365 0.002772358814888988 0.0001210437999387782
0.01499999999996365 0.002847287431507905 0.0001243152539911906
0.01499999999996365 0.002922216048126656 0.0001275867080435957
0.01599999999996079 0.001573500948991282 6.87005351003979e-05
0.01599999999996079 0.001648429565609863 7.197198915279555e-05
0.01599999999996079 0.001723358182228358 7.524344320518945e-05
0.01599999999996079 0.001798286798846854 7.851489725758336e-05
0.01599999999996079 0.001873215415465349 8.178635130997729e-05
0.01599999999996079 0.001948144032083785 8.505780536236857e-05
0.01599999999996079 0.00202307264870217 8.832925941475773e-05
0.01599999999996079 0.002098001265320581 9.160071346714797e-05
0.01599999999996079 0.002172929881939161 9.487216751954558e-05
0.01599999999996079 0.002247858498557403 9.814362157192842e-05
0.01599999999996079 0.002322787115176135 0.0001014150756243327
0.01599999999996079 0.002397715731794901 0.0001046865296767383
0.01599999999996079 0.002472644348413836 0.0001079579837291515
0.01599999999996079 0.00254757296503262 0.000111229437781558
0.01599999999996079 0.002622501581651489 0.0001145008918339683
0.01599999999996078 0.002697430198270273 0.0001177723458863748
0.01599999999996078 0.002772358814888988 0.0001210437999387782
0.01599999999996079 0.002847287431507904 0.0001243152539911906
0.01599999999996078 0.002922216048126654 0.0001275867080435956
0.01699999999995791 0.001573500948991281 6.87005351003979e-05
0.01699999999995792 0.001648429565609863 7.197198915279555e-05
0.01699999999995791 0.001723358182228358 7.524344320518942e-05
0.01699999999995792 0.001798286798846854 7.851489725758335e-05
0.01699999999995792 0.001873215415465348 8.178635130997729e-05
0.01699999999995792 0.001948144032083785 8.50578053623686e-05
0.01699999999995792 0.00202307264870217 8.832925941475773e-05
0.01699999999995792 0.002098001265320581 9.160071346714797e-05
0.01699999999995792 0.002172929881939161 9.487216751954558e-05
0.01699999999995792 0.002247858498557403 9.814362157192838e-05
0.01699999999995792 0.002322787115176135 0.0001014150756243327
0.01699999999995792 0.002397715731794901 0.0001046865296767384
0.01699999999995792 0.002472644348413836 0.0001079579837291515
0.01699999999995792 0.00254757296503262 0.000111229437781558
0.01699999999995792 0.002622501581651489 0.0001145008918339683
0.01699999999995792 0.002697430198270273 0.0001177723458863748
0.01699999999995792 0.002772358814888988 0.0001210437999387783
0.01699999999995792 0.002847287431507905 0.0001243152539911906
0.01699999999995792 0.002922216048126655 0.0001275867080435956
0.01799999999995504 0.001573500948991281 6.870053510039791e-05
0.01799999999995506 0.001648429565609863 7.197198915279555e-05
0.01799999999995504 0.001723358182228358 7.524344320518945e-05
0.01799999999995505 0.001798286798846853 7.851489725758335e-05
0.01799999999995504 0.001873215415465349 8.178635130997729e-05
0.01799999999995505 0.001948144032083785 8.505780536236859e-05
0.01799999999995505 0.00202307264870217 8.832925941475773e-05
0.01799999999995505 0.002098001265320582 9.160071346714797e-05
0.01799999999995505 0.002172929881939161 9.487216751954557e-05
0.01799999999995505 0.002247858498557403 9.814362157192843e-05
0.01799999999995505 0.002322787115176135 0.0001014150756243327
0.01799999999995505 0.002397715731794901 0.0001046865296767383
0.01799999999995505 0.002472644348413836 0.0001079579837291515
0.01799999999995505 0.002547572965032619 0.000111229437781558
0.01799999999995505 0.002622501581651489 0.0001145008918339683
0.01799999999995505 0.002697430198270273 0.0001177723458863748
0.01799999999995505 0.002772358814888988 0.0001210437999387782
0.01799999999995505 0.002847287431507906 0.0001243152539911906
0.01799999999995505 0.002922216048126656 0.0001275867080435957
0.01899999999995107 0.001573500948991282 6.870053510039791e-05
0.01899999999995106 0.001648429565609863 7.197198915279555e-05
0.01899999999995106 0.001723358182228358 7.524344320518947e-05
0.01899999999995106 0.001798286798846854 7.851489725758336e-05
0.01899999999995106 0.001873215415465349 8.178635130997729e-05
0.01899999999995106 0.001948144032083785 8.505780536236859e-05
0.01899999999995106 0.00202307264870217 8.832925941475773e-05
0.01899999999995106 0.002098001265320581 9.160071346714797e-05
0.01899999999995106 0.002172929881939161 9.487216751954557e-05
0.01899999999995106 0.002247858498557403 9.814362157192841e-05
0.01899999999995106 0.002322787115176135 0.0001014150756243327
0.01899999999995106 0.002397715731794901 0.0001046865296767384
0.01899999999995106 0.002472644348413836 0.0001079579837291515
0.01899999999995106 0.00254757296503262 0.000111229437781558
0.01899999999995106 0.002622501581651489 0.0001145008918339683
0.01899999999995106 0.002697430198270273 0.0001177723458863748
0.01899999999995106 0.002772358814888988 0.0001210437999387782
0.01899999999995106 0.002847287431507905 0.0001243152539911906
0.01899999999995107 0.002922216048126655 0.0001275867080435956
0.01999999999994795 0.001573500948991281 6.87005351003979e-05
0.01999999999994795 0.001648429565609863 7.197198915279557e-05
0.01999999999994796 0.001723358182228358 7.524344320518947e-05
0.01999999999994795 0.001798286798846853 7.851489725758335e-05
0.01999999999994795 0.001873215415465349 8.178635130997729e-05
0.01999999999994795 0.001948144032083784 8.50578053623686e-05
0.01999999999994795 0.00202307264870217 8.832925941475773e-05
0.01999999999994795 0.002098001265320581 9.160071346714797e-05
0.01999999999994795 0.002172929881939161 9.487216751954554e-05
0.01999999999994795 0.002247858498557403 9.814362157192841e-05
0.01999999999994795 0.002322787115176136 0.0001014150756243327
0.01999999999994795 0.002397715731794901 0.0001046865296767383
0.01999999999994795 0.002472644348413836 0.0001079579837291515
0.01999999999994795 0.00254757296503262 0.000111229437781558
0.01999999999994795 0.002622501581651489 0.0001145008918339683
0.01999999999994794 0.002697430198270273 0.0001177723458863748
0.01999999999994795 0.002772358814888988 0.0001210437999387782
0.01999999999994795 0.002847287431507905 0.0001243152539911906
0.01999999999994795 0.002922216048126655 0.0001275867080435956
0.02099999999994508 0.001573500948991282 6.87005351003979e-05
0.02099999999994508 0.001648429565609863 7.197198915279554e-05
0.02099999999994508 0.001723358182228358 7.524344320518945e-05
0.02099999999994508 0.001798286798846853 7.851489725758335e-05
0.02099999999994508 0.001873215415465348 8.178635130997729e-05
0.02099999999994508 0.001948144032083785 8.505780536236859e-05
0.02099999999994507 0.00202307264870217 8.832925941475773e-05
0.02099999999994508 0.002098001265320582 9.160071346714797e-05
0.02099999999994508 0.002172929881939161 9.487216751954557e-05
0.02099999999994508 0.002247858498557403 9.814362157192841e-05
0.02099999999994508 0.002322787115176135 0.0001014150756243327
0.02099999999994508 0.002397715731794901 0.0001046865296767384
0.02099999999994508 0.002472644348413836 0.0001079579837291515
0.02099999999994508 0.00254757296503262 0.000111229437781558
0.02099999999994508 0.002622501581651489 0.0001145008918339683
0.02099999999994508 0.002697430198270273 0.0001177723458863748
0.02099999999994508 0.002772358814888989 0.0001210437999387782
0.02099999999994508 0.002847287431507905 0.0001243152539911906
0.02099999999994508 0.002922216048126656 0.0001275867080435956
0.02199999999994222 0.001573500948991282 6.87005351003979e-05
0.0219999999999422 0.001648429565609863 7.197198915279555e-05
0.02199999999994221 0.001723358182228358 7.524344320518942e-05
0.02199999999994221 0.001798286798846854 7.851489725758335e-05
0.02199999999994221 0.001873215415465348 8.178635130997729e-05
0.02199999999994221 0.001948144032083785 8.50578053623686e-05
0.02199999999994221 0.00202307264870217 8.832925941475772e-05
0.02199999999994222 0.002098001265320582 9.160071346714797e-05
0.0219999999999422 0.002172929881939161 9.487216751954557e-05
0.02199999999994221 0.002247858498557403 9.814362157192842e-05
0.02199999999994221 0.002322787115176137 0.0001014150756243327
0.02199999999994221 0.002397715731794901 0.0001046865296767384
0.02199999999994222 0.002472644348413836 0.0001079579837291515
0.02199999999994221 0.002547572965032619 0.000111229437781558
0.02199999999994221 0.002622501581651489 0.0001145008918339683
0.02199999999994221 0.002697430198270274 0.0001177723458863748
0.02199999999994221 0.002772358814888988 0.0001210437999387782
0.02199999999994221 0.002847287431507904 0.0001243152539911906
0.02199999999994221 0.002922216048126654 0.0001275867080435956
0.02299999999993933 0.001573500948991282 6.87005351003979e-05
0.02299999999993934 0.001648429565609863 7.197198915279555e-05
0.02299999999993933 0.001723358182228358 7.524344320518947e-05
0.02299999999993934 0.001798286798846853 7.851489725758335e-05
0.02299999999993934 0.001873215415465349 8.178635130997729e-05
0.02299999999993934 0.001948144032083785 8.505780536236859e-05
0.02299999999993934 0.00202307264870217 8.832925941475774e-05
0.02299999999993933 0.002098001265320581 9.160071346714798e-05
0.02299999999993933 0.002172929881939161 9.487216751954558e-05
0.02299999999993934 0.002247858498557403 9.814362157192841e-05
0.02299999999993934 0.002322787115176135 0.0001014150756243327
0.02299999999993933 0.002397715731794901 0.0001046865296767384
0.02299999999993934 0.002472644348413836 0.0001079579837291515
0.02299999999993934 0.00254757296503262 0.000111229437781558
0.02299999999993934 0.002622501581651489 0.0001145008918339683
0.02299999999993934 0.002697430198270273 0.0001177723458863748
0.02299999999993934 0.002772358814888988 0.0001210437999387783
0.02299999999993934 0.002847287431507905 0.0001243152539911906
0.02299999999993934 0.002922216048126655 0.0001275867080435956
0.02399999999993647 0.001573500948991282 6.87005351003979e-05
0.02399999999993647 0.001648429565609863 7.197198915279555e-05
0.02399999999993647 0.001723358182228358 7.524344320518947e-05
0.02399999999993647 0.001798286798846854 7.851489725758335e-05
0.02399999999993646 0.001873215415465349 8.178635130997729e-05
0.02399999999993646 0.001948144032083785 8.505780536236859e-05
0.02399999999993648 0.00202307264870217 8.832925941475773e-05
0.02399999999993647 0.002098001265320582 9.160071346714798e-05
0.02399999999993647 0.002172929881939161 9.487216751954558e-05
0.02399999999993647 0.002247858498557403 9.814362157192841e-05
0.02399999999993647 0.002322787115176135 0.0001014150756243327
0.02399999999993647 0.002397715731794901 0.0001046865296767383
0.02399999999993647 0.002472644348413836 0.0001079579837291515
0.02399999999993647 0.002547572965032619 0.000111229437781558
0.02399999999993647 0.002622501581651489 0.0001145008918339683
0.02399999999993647 0.002697430198270273 0.0001177723458863748
0.02399999999993647 0.002772358814888988 0.0001210437999387783
0.02399999999993647 0.002847287431507906 0.0001243152539911906
0.02399999999993647 0.002922216048126656 0.0001275867080435957
0.02499999999993428 0.001573500948991281 6.87005351003979e-05
0.02499999999993428 0.001648429565609863 7.197198915279555e-05
0.02499999999993428 0.001723358182228358 7.524344320518945e-05
0.02499999999993428 0.001798286798846854 7.851489725758336e-05
0.02499999999993427 0.001873215415465349 8.178635130997729e-05
0.02499999999993428 0.001948144032083785 8.50578053623686e-05
0.02499999999993428 0.00202307264870217 8.832925941475773e-05
0.02499999999993428 0.002098001265320581 9.160071346714797e-05
0.02499999999993428 0.002172929881939162 9.487216751954558e-05
0.02499999999993428 0.002247858498557403 9.814362157192841e-05
0.02499999999993428 0.002322787115176135 0.0001014150756243327
0.02499999999993428 0.002397715731794901 0.0001046865296767383
0.02499999999993428 0.002472644348413836 0.0001079579837291515
0.02499999999993428 0.00254757296503262 0.000111229437781558
0.02499999999993428 0.002622501581651489 0.0001145008918339683
0.02499999999993428 0.002697430198270273 0.0001177723458863748
0.02499999999993428 0.002772358814888988 0.0001210437999387783
0.02499999999993428 0.002847287431507906 0.0001243152539911906
0.02499999999993428 0.002922216048126656 0.0001275867080435956
0.02599999999993631 0.001573500948991281 6.87005351003979e-05
0.02599999999993631 0.001648429565609863 7.197198915279557e-05
0.0259999999999363 0.001723358182228358 7.524344320518945e-05
0.02599999999993631 0.001798286798846854 7.851489725758338e-05
0.02599999999993631 0.001873215415465349 8.178635130997729e-05
0.02599999999993631 0.001948144032083785 8.50578053623686e-05
0.02599999999993631 0.00202307264870217 8.832925941475774e-05
0.02599999999993631 0.002098001265320581 9.160071346714798e-05
0.02599999999993632 0.002172929881939161 9.487216751954558e-05
0.02599999999993631 0.002247858498557403 9.814362157192842e-05
0.02599999999993631 0.002322787115176135 0.0001014150756243327
0.02599999999993631 0.002397715731794901 0.0001046865296767384
0.02599999999993631 0.002472644348413836 0.0001079579837291515
0.02599999999993631 0.002547572965032619 0.000111229437781558
0.02599999999993631 0.002622501581651489 0.0001145008918339683
0.02599999999993631 0.002697430198270273 0.0001177723458863748
0.02599999999993631 0.002772358814888988 0.0001210437999387783
0.02599999999993631 0.002847287431507906 0.0001243152539911906
0.02599999999993631 0.002922216048126656 0.0001275867080435957
0.02699999999993895 0.001573500948991281 6.87005351003979e-05
0.02699999999993894 0.001648429565609863 7.197198915279557e-05
0.02699999999993893 0.001723358182228358 7.524344320518947e-05
0.02699999999993894 0.001798286798846854 7.851489725758336e-05
0.02699999999993894 0.001873215415465349 8.178635130997729e-05
0.02699999999993894 0.001948144032083785 8.50578053623686e-05
0.02699999999993894 0.00202307264870217 8.832925941475773e-05
0.02699999999993894 0.002098001265320581 9.160071346714797e-05
0.02699999999993894 0.002172929881939161 9.487216751954558e-05
0.02699999999993894 0.002247858498557403 9.814362157192841e-05
0.02699999999993894 0.002322787115176136 0.0001014150756243327
0.02699999999993894 0.002397715731794901 0.0001046865296767384
0.02699999999993894 0.002472644348413836 0.0001079579837291515
0.02699999999993894 0.00254757296503262 0.000111229437781558
0.02699999999993894 0.002622501581651489 0.0001145008918339683
0.02699999999993894 0.002697430198270273 0.0001177723458863748
0.02699999999993894 0.002772358814888988 0.0001210437999387783
0.02699999999993894 0.002847287431507905 0.0001243152539911906
0.02699999999993894 0.002922216048126655 0.0001275867080435956
0.02799999999994171 0.001573500948991281 6.87005351003979e-05
0.02799999999994173 0.001648429565609863 7.197198915279555e-05
0.02799999999994172 0.001723358182228358 7.524344320518945e-05
0.02799999999994172 0.001798286798846853 7.851489725758336e-05
0.02799999999994172 0.001873215415465348 8.178635130997729e-05
0.02799999999994172 0.001948144032083784 8.505780536236859e-05
0.02799999999994172 0.00202307264870217 8.832925941475773e-05
0.02799999999994173 0.002098001265320581 9.160071346714797e-05
0.02799999999994172 0.002172929881939161 9.487216751954557e-05
0.02799999999994172 0.002247858498557403 9.814362157192841e-05
0.02799999999994172 0.002322787115176136 0.0001014150756243327
0.02799999999994173 0.002397715731794901 0.0001046865296767384
0.02799999999994173 0.002472644348413836 0.0001079579837291515
0.02799999999994172 0.00254757296503262 0.000111229437781558
0.02799999999994173 0.002622501581651489 0.0001145008918339683
0.02799999999994173 0.002697430198270273 0.0001177723458863748
0.02799999999994173 0.002772358814888988 0.0001210437999387783
0.02799999999994172 0.002847287431507906 0.0001243152539911906
0.02799999999994173 0.002922216048126656 0.0001275867080435957
0.02899999999994428 0.001573500948991282 6.870053510039791e-05
0.02899999999994426 0.001648429565609862 7.197198915279557e-05
0.02899999999994427 0.001723358182228358 7.524344320518947e-05
0.02899999999994427 0.001798286798846854 7.851489725758336e-05
0.02899999999994427 0.001873215415465349 8.178635130997729e-05
0.02899999999994426 0.001948144032083785 8.50578053623686e-05
0.02899999999994427 0.00202307264870217 8.832925941475774e-05
0.02899999999994427 0.002098001265320581 9.160071346714797e-05
0.02899999999994426 0.002172929881939161 9.487216751954558e-05
0.02899999999994427 0.002247858498557403 9.814362157192839e-05
0.02899999999994427 0.002322787115176136 0.0001014150756243327
0.02899999999994427 0.002397715731794901 0.0001046865296767384
0.02899999999994427 0.002472644348413836 0.0001079579837291515
0.02899999999994427 0.00254757296503262 0.000111229437781558
0.02899999999994427 0.002622501581651489 0.0001145008918339683
0.02899999999994427 0.002697430198270273 0.0001177723458863748
0.02899999999994427 0.002772358814888988 0.0001210437999387783
0.02899999999994427 0.002847287431507905 0.0001243152539911906
0.02899999999994427 0.002922216048126654 0.0001275867080435956
0.02999999999994715 0.001573500948991281 6.87005351003979e-05
0.02999999999994715 0.001648429565609863 7.197198915279557e-05
0.02999999999994716 0.001723358182228358 7.524344320518945e-05
0.02999999999994716 0.001798286798846854 7.851489725758336e-05
0.02999999999994716 0.001873215415465349 8.178635130997729e-05
0.02999999999994715 0.001948144032083785 8.50578053623686e-05
0.02999999999994715 0.00202307264870217 8.832925941475773e-05
0.02999999999994715 0.002098001265320581 9.160071346714797e-05
0.02999999999994714 0.002172929881939161 9.487216751954557e-05
0.02999999999994714 0.002247858498557403 9.814362157192842e-05
0.02999999999994715 0.002322787115176136 0.0001014150756243327
0.02999999999994714 0.002397715731794901 0.0001046865296767383
0.02999999999994715 0.002472644348413836 0.0001079579837291515
0.02999999999994715 0.002547572965032619 0.000111229437781558
0.02999999999994716 0.002622501581651489 0.0001145008918339683
0.02999999999994715 0.002697430198270273 0.0001177723458863748
0.02999999999994715 0.002772358814888988 0.0001210437999387782
0.02999999999994716 0.002847287431507906 0.0001243152539911906
0.02999999999994715 0.002922216048126656 0.0001275867080435956
0.0309999999999496 0.001573500948991282 6.87005351003979e-05
0.03099999999994961 0.001648429565609863 7.197198915279557e-05
0.03099999999994962 0.001723358182228358 7.524344320518947e-05
0.03099999999994961 0.001798286798846854 7.851489725758336e-05
0.03099999999994961 0.001873215415465349 8.178635130997729e-05
0.03099999999994961 0.001948144032083785 8.50578053623686e-05
0.03099999999994961 0.00202307264870217 8.832925941475773e-05
0.03099999999994961 0.002098001265320581 9.160071346714797e-05
0.03099999999994961 0.002172929881939161 9.487216751954558e-05
0.03099999999994961 0.002247858498557403 9.814362157192841e-05
0.03099999999994961 0.002322787115176136 0.0001014150756243327
0.03099999999994961 0.002397715731794901 0.0001046865296767384
0.03099999999994961 0.002472644348413836 0.0001079579837291515
0.03099999999994961 0.00254757296503262 0.000111229437781558
0.03099999999994961 0.002622501581651489 0.0001145008918339683
0.03099999999994961 0.002697430198270273 0.0001177723458863748
0.03099999999994962 0.002772358814888988 0.0001210437999387783
0.03099999999994961 0.002847287431507906 0.0001243152539911906
0.03099999999994962 0.002922216048126655 0.0001275867080435957
0.03199999999995257 0.001573500948991281 6.870053510039791e-05
0.03199999999995257 0.001648429565609863 7.197198915279554e-05
0.03199999999995257 0.001723358182228358 7.524344320518945e-05
0.03199999999995257 0.001798286798846854 7.851489725758338e-05
0.03199999999995257 0.001873215415465348 8.178635130997729e-05
0.03199999999995257 0.001948144032083785 8.50578053623686e-05
0.03199999999995257 0.00202307264870217 8.832925941475773e-05
0.03199999999995257 0.002098001265320581 9.160071346714797e-05
0.03199999999995257 0.002172929881939161 9.487216751954557e-05
0.03199999999995257 0.002247858498557403 9.814362157192842e-05
0.03199999999995257 0.002322787115176135 0.0001014150756243327
0.03199999999995257 0.002397715731794901 0.0001046865296767383
0.03199999999995257 0.002472644348413836 0.0001079579837291515
0.03199999999995257 0.00254757296503262 0.000111229437781558
0.03199999999995257 0.002622501581651489 0.0001145008918339683
0.03199999999995257 0.002697430198270272 0.0001177723458863748
0.03199999999995257 0.002772358814888988 0.0001210437999387783
0.03199999999995257 0.002847287431507906 0.0001243152539911906
0.03199999999995257 0.002922216048126655 0.0001275867080435956
0.03299999999995465 0.001573500948991282 6.87005351003979e-05
0.03299999999995464 0.001648429565609863 7.197198915279557e-05
0.03299999999995464 0.001723358182228358 7.524344320518947e-05
0.03299999999995462 0.001798286798846854 7.851489725758338e-05
0.03299999999995463 0.001873215415465349 8.178635130997729e-05
0.03299999999995463 0.001948144032083785 8.505780536236859e-05
0.03299999999995464 0.00202307264870217 8.832925941475773e-05
0.03299999999995463 0.002098001265320581 9.160071346714797e-05
0.03299999999995462 0.002172929881939161 9.487216751954553e-05
0.03299999999995463 0.002247858498557403 9.814362157192838e-05
0.03299999999995463 0.002322787115176136 0.0001014150756243327
0.03299999999995463 0.002397715731794901 0.0001046865296767384
0.03299999999995463 0.002472644348413837 0.0001079579837291515
0.03299999999995463 0.002547572965032619 0.000111229437781558
0.03299999999995463 0.002622501581651489 0.0001145008918339683
0.03299999999995463 0.002697430198270273 0.0001177723458863748
0.03299999999995463 0.002772358814888988 0.0001210437999387783
0.03299999999995463 0.002847287431507905 0.0001243152539911906
0.03299999999995464 0.002922216048126656 0.0001275867080435957
0.03399999999995799 0.001573500948991281 6.87005351003979e-05
0.03399999999995799 0.001648429565609863 7.197198915279555e-05
0.03399999999995799 0.001723358182228358 7.524344320518945e-05
0.03399999999995797 0.001798286798846854 7.851489725758338e-05
0.03399999999995799 0.001873215415465348 8.178635130997728e-05
0.03399999999995799 0.001948144032083785 8.505780536236859e-05
0.03399999999995799 0.00202307264870217 8.832925941475773e-05
0.03399999999995799 0.002098001265320582 9.160071346714797e-05
0.03399999999995799 0.002172929881939161 9.487216751954557e-05
0.03399999999995799 0.002247858498557403 9.814362157192842e-05
0.03399999999995799 0.002322787115176135 0.0001014150756243327
0.03399999999995799 0.002397715731794901 0.0001046865296767383
0.03399999999995799 0.002472644348413837 0.0001079579837291515
0.03399999999995799 0.002547572965032619 0.000111229437781558
0.03399999999995799 0.002622501581651489 0.0001145008918339683
0.03399999999995799 0.002697430198270273 0.0001177723458863748
0.03399999999995799 0.002772358814888989 0.0001210437999387783
0.03399999999995799 0.002847287431507907 0.0001243152539911907
0.03399999999995799 0.002922216048126655 0.0001275867080435956
0.03499999999995988 0.001573500948991281 6.87005351003979e-05
0.03499999999995988 0.001648429565609862 7.197198915279555e-05
0.0349999999999599 0.001723358182228358 7.524344320518945e-05
0.03499999999995989 0.001798286798846853 7.851489725758336e-05
0.0349999999999599 0.001873215415465349 8.178635130997729e-05
0.03499999999995989 0.001948144032083785 8.50578053623686e-05
0.0349999999999599 0.00202307264870217 8.832925941475773e-05
0.0349999999999599 0.002098001265320582 9.160071346714798e-05
0.0349999999999599 0.002172929881939161 9.487216751954555e-05
0.03499999999995989 0.002247858498557403 9.814362157192841e-05
0.03499999999995989 0.002322787115176135 0.0001014150756243327
0.0349999999999599 0.002397715731794901 0.0001046865296767384
0.03499999999995989 0.002472644348413836 0.0001079579837291515
0.03499999999995989 0.002547572965032619 0.000111229437781558
0.03499999999995989 0.002622501581651489 0.0001145008918339683
0.03499999999995989 0.002697430198270272 0.0001177723458863748
0.0349999999999599 0.002772358814888989 0.0001210437999387783
0.0349999999999599 0.002847287431507906 0.0001243152539911907
0.03499999999995989 0.002922216048126654 0.0001275867080435956
0.03599999999996342 0.001573500948991281 6.87005351003979e-05
0.0359999999999634 0.001648429565609862 7.197198915279555e-05
0.03599999999996339 0.001723358182228358 7.524344320518947e-05
0.03599999999996342 0.001798286798846853 7.851489725758335e-05
0.03599999999996342 0.001873215415465349 8.178635130997729e-05
0.03599999999996342 0.001948144032083785 8.505780536236859e-05
0.03599999999996342 0.00202307264870217 8.832925941475773e-05
0.0359999999999634 0.002098001265320581 9.160071346714797e-05
0.03599999999996339 0.002172929881939161 9.487216751954557e-05
0.03599999999996342 0.002247858498557403 9.814362157192838e-05
0.03599999999996342 0.002322787115176135 0.0001014150756243327
0.03599999999996342 0.002397715731794901 0.0001046865296767384
0.03599999999996342 0.002472644348413836 0.0001079579837291515
0.03599999999996342 0.00254757296503262 0.000111229437781558
0.03599999999996342 0.002622501581651489 0.0001145008918339683
0.03599999999996341 0.002697430198270272 0.0001177723458863748
0.03599999999996342 0.002772358814888988 0.0001210437999387783
0.03599999999996341 0.002847287431507905 0.0001243152539911906
0.03599999999996342 0.002922216048126655 0.0001275867080435956
0.03699999999996512 0.001573500948991281 6.87005351003979e-05
0.03699999999996512 0.001648429565609863 7.197198915279555e-05
0.03699999999996513 0.001723358182228358 7.524344320518947e-05
0.03699999999996514 0.001798286798846854 7.851489725758338e-05
0.03699999999996514 0.001873215415465349 8.178635130997729e-05
0.03699999999996514 0.001948144032083785 8.50578053623686e-05
0.03699999999996514 0.00202307264870217 8.832925941475772e-05
0.03699999999996514 0.002098001265320581 9.160071346714795e-05
0.03699999999996514 0.002172929881939161 9.487216751954558e-05
0.03699999999996514 0.002247858498557403 9.814362157192841e-05
0.03699999999996514 0.002322787115176135 0.0001014150756243327
0.03699999999996514 0.002397715731794901 0.0001046865296767383
0.03699999999996514 0.002472644348413836 0.0001079579837291515
0.03699999999996514 0.00254757296503262 0.000111229437781558
0.03699999999996514 0.002622501581651489 0.0001145008918339683
0.03699999999996514 0.002697430198270274 0.0001177723458863748
0.03699999999996514 0.002772358814888987 0.0001210437999387783
0.03699999999996514 0.002847287431507905 0.0001243152539911906
0.03699999999996514 0.002922216048126655 0.0001275867080435956
0.03799999999996845 0.001573500948991282 6.87005351003979e-05
0.03799999999996845 0.001648429565609863 7.197198915279554e-05
0.03799999999996845 0.001723358182228358 7.524344320518945e-05
0.03799999999996845 0.001798286798846853 7.851489725758336e-05
0.03799999999996845 0.001873215415465348 8.178635130997729e-05
0.03799999999996845 0.001948144032083785 8.505780536236859e-05
0.03799999999996845 0.00202307264870217 8.83292594147577e-05
0.03799999999996845 0.002098001265320581 9.160071346714797e-05
0.03799999999996845 0.002172929881939162 9.487216751954557e-05
0.03799999999996845 0.002247858498557403 9.814362157192838e-05
0.03799999999996845 0.002322787115176135 0.0001014150756243327
0.03799999999996845 0.002397715731794901 0.0001046865296767384
0.03799999999996845 0.002472644348413837 0.0001079579837291515
0.03799999999996845 0.002547572965032619 0.000111229437781558
0.03799999999996845 0.002622501581651489 0.0001145008918339683
0.03799999999996844 0.002697430198270272 0.0001177723458863747
0.03799999999996844 0.002772358814888989 0.0001210437999387782
0.03799999999996845 0.002847287431507905 0.0001243152539911906
0.03799999999996845 0.002922216048126656 0.0001275867080435956
0.03899999999997017 0.001573500948991282 6.87005351003979e-05
0.0389999999999702 0.001648429565609863 7.197198915279555e-05
0.03899999999997017 0.001723358182228358 7.524344320518945e-05
0.03899999999997017 0.001798286798846854 7.851489725758336e-05
0.03899999999997017 0.001873215415465349 8.178635130997729e-05
0.0389999999999702 0.001948144032083784 8.505780536236859e-05
0.03899999999997018 0.00202307264870217 8.832925941475773e-05
0.03899999999997018 0.002098001265320581 9.160071346714797e-05
0.03899999999997018 0.002172929881939161 9.487216751954558e-05
0.03899999999997018 0.002247858498557403 9.814362157192838e-05
0.03899999999997018 0.002322787115176135 0.0001014150756243327
0.03899999999997018 0.0023977157317949 0.0001046865296767383
0.03899999999997018 0.002472644348413836 0.0001079579837291515
0.03899999999997018 0.002547572965032619 0.000111229437781558
0.03899999999997018 0.002622501581651489 0.0001145008918339683
0.03899999999997018 0.002697430198270272 0.0001177723458863748
0.03899999999997018 0.002772358814888988 0.0001210437999387783
0.03899999999997018 0.002847287431507906 0.0001243152539911906
0.03899999999997019 0.002922216048126656 0.0001275867080435957
0.03999999999997372 0.001573500948991281 6.87005351003979e-05
0.0399999999999737 0.001648429565609862 7.197198915279557e-05
0.03999999999997371 0.001723358182228358 7.524344320518944e-05
0.03999999999997371 0.001798286798846853 7.851489725758335e-05
0.03999999999997371 0.001873215415465348 8.178635130997729e-05
0.03999999999997373 0.001948144032083785 8.50578053623686e-05
0.0399999999999737 0.00202307264870217 8.832925941475772e-05
0.03999999999997371 0.002098001265320581 9.160071346714797e-05
0.0399999999999737 0.002172929881939161 9.487216751954558e-05
0.03999999999997371 0.002247858498557403 9.814362157192842e-05
0.03999999999997371 0.002322787115176135 0.0001014150756243327
0.03999999999997371 0.002397715731794901 0.0001046865296767384
0.03999999999997372 0.002472644348413836 0.0001079579837291515
0.03999999999997373 0.002547572965032619 0.000111229437781558
0.0399999999999737 0.002622501581651489 0.0001145008918339683
0.03999999999997371 0.002697430198270272 0.0001177723458863748
0.03999999999997371 0.002772358814888988 0.0001210437999387783
0.03999999999997371 0.002847287431507906 0.0001243152539911906
0.03999999999997371 0.002922216048126655 0.0001275867080435956
0.04099999999997561 0.001573500948991282 6.87005351003979e-05
0.0409999999999756 0.001648429565609863 7.197198915279553e-05
0.04099999999997561 0.001723358182228358 7.524344320518944e-05
0.04099999999997562 0.001798286798846853 7.851489725758336e-05
0.04099999999997561 0.001873215415465348 8.178635130997729e-05
0.04099999999997561 0.001948144032083785 8.50578053623686e-05
0.0409999999999756 0.00202307264870217 8.83292594147577e-05
0.0409999999999756 0.002098001265320581 9.160071346714795e-05
0.04099999999997561 0.002172929881939161 9.487216751954558e-05
0.04099999999997561 0.002247858498557403 9.814362157192841e-05
0.0409999999999756 0.002322787115176135 0.0001014150756243327
0.04099999999997561 0.002397715731794901 0.0001046865296767384
0.0409999999999756 0.002472644348413836 0.0001079579837291515
0.0409999999999756 0.002547572965032619 0.000111229437781558
0.0409999999999756 0.002622501581651489 0.0001145008918339683
0.0409999999999756 0.002697430198270272 0.0001177723458863748
0.04099999999997561 0.002772358814888989 0.0001210437999387782
0.04099999999997561 0.002847287431507905 0.0001243152539911906
0.04099999999997561 0.002922216048126655 0.0001275867080435956
0.04199999999997896 0.001573500948991281 6.87005351003979e-05
0.04199999999997896 0.001648429565609862 7.197198915279557e-05
0.04199999999997898 0.001723358182228358 7.524344320518945e-05
0.04199999999997897 0.001798286798846854 7.851489725758338e-05
0.04199999999997895 0.001873215415465348 8.178635130997729e-05
0.04199999999997897 0.001948144032083785 8.50578053623686e-05
0.04199999999997898 0.00202307264870217 8.832925941475773e-05
0.04199999999997897 0.002098001265320581 9.160071346714798e-05
0.04199999999997894 0.002172929881939162 9.487216751954557e-05
0.04199999999997897 0.002247858498557403 9.814362157192841e-05
0.04199999999997897 0.002322787115176135 0.0001014150756243327
0.04199999999997897 0.002397715731794901 0.0001046865296767383
0.04199999999997896 0.002472644348413836 0.0001079579837291515
0.04199999999997896 0.00254757296503262 0.000111229437781558
0.04199999999997896 0.002622501581651489 0.0001145008918339683
0.04199999999997898 0.002697430198270273 0.0001177723458863748
0.04199999999997896 0.002772358814888988 0.0001210437999387783
0.04199999999997897 0.002847287431507906 0.0001243152539911906
0.04199999999997896 0.002922216048126655 0.0001275867080435956
0.04299999999998102 0.001573500948991282 6.87005351003979e-05
0.04299999999998104 0.001648429565609863 7.197198915279554e-05
0.04299999999998103 0.001723358182228358 7.524344320518945e-05
0.04299999999998103 0.001798286798846853 7.851489725758338e-05
0.04299999999998103 0.001873215415465349 8.178635130997729e-05
0.04299999999998103 0.001948144032083785 8.50578053623686e-05
0.04299999999998103 0.00202307264870217 8.832925941475774e-05
0.04299999999998104 0.002098001265320581 9.160071346714798e-05
0.04299999999998103 0.002172929881939161 9.487216751954558e-05
0.04299999999998103 0.002247858498557403 9.814362157192839e-05
0.04299999999998103 0.002322787115176135 0.0001014150756243327
0.04299999999998104 0.002397715731794901 0.0001046865296767383
0.04299999999998103 0.002472644348413837 0.0001079579837291515
0.04299999999998103 0.002547572965032619 0.000111229437781558
0.04299999999998101 0.002622501581651489 0.0001145008918339683
0.04299999999998103 0.002697430198270273 0.0001177723458863748
0.04299999999998103 0.002772358814888988 0.0001210437999387783
0.04299999999998103 0.002847287431507905 0.0001243152539911906
0.04299999999998102 0.002922216048126655 0.0001275867080435957
0.04399999999998422 0.001573500948991281 6.87005351003979e-05
0.04399999999998422 0.001648429565609863 7.197198915279555e-05
0.04399999999998423 0.001723358182228358 7.524344320518945e-05
0.04399999999998423 0.001798286798846853 7.851489725758336e-05
0.04399999999998422 0.001873215415465348 8.178635130997729e-05
0.04399999999998422 0.001948144032083785 8.505780536236859e-05
0.04399999999998423 0.00202307264870217 8.832925941475773e-05
0.04399999999998422 0.002098001265320581 9.160071346714797e-05
0.04399999999998422 0.002172929881939161 9.487216751954557e-05
0.04399999999998422 0.002247858498557403 9.814362157192841e-05
0.04399999999998422 0.002322787115176135 0.0001014150756243327
0.04399999999998421 0.0023977157317949 0.0001046865296767383
0.04399999999998422 0.002472644348413836 0.0001079579837291515
0.04399999999998421 0.00254757296503262 0.000111229437781558
0.04399999999998422 0.002622501581651489 0.0001145008918339683
0.04399999999998421 0.002697430198270273 0.0001177723458863748
0.04399999999998421 0.002772358814888988 0.0001210437999387782
0.04399999999998422 0.002847287431507904 0.0001243152539911906
0.04399999999998422 0.002922216048126655 0.0001275867080435957
0.04499999999998645 0.001573500948991282 6.87005351003979e-05
0.04499999999998644 0.001648429565609863 7.197198915279555e-05
0.04499999999998644 0.001723358182228358 7.524344320518945e-05
0.04499999999998644 0.001798286798846854 7.851489725758335e-05
0.04499999999998644 0.001873215415465349 8.178635130997729e-05
0.04499999999998644 0.001948144032083785 8.505780536236859e-05
0.04499999999998643 0.00202307264870217 8.832925941475773e-05
0.04499999999998644 0.002098001265320581 9.160071346714797e-05
0.04499999999998644 0.002172929881939161 9.487216751954558e-05
0.04499999999998644 0.002247858498557403 9.814362157192842e-05
0.04499999999998644 0.002322787115176135 0.0001014150756243327
0.04499999999998644 0.002397715731794901 0.0001046865296767384
0.04499999999998644 0.002472644348413837 0.0001079579837291515
0.04499999999998644 0.002547572965032619 0.000111229437781558
0.04499999999998644 0.002622501581651489 0.0001145008918339683
0.04499999999998644 0.002697430198270272 0.0001177723458863748
0.04499999999998644 0.002772358814888988 0.0001210437999387783
0.04499999999998644 0.002847287431507906 0.0001243152539911906
0.04499999999998643 0.002922216048126655 0.0001275867080435956
0.04599999999998947 0.001573500948991282 6.87005351003979e-05
0.04599999999998948 0.001648429565609863 7.197198915279555e-05
0.04599999999998947 0.001723358182228358 7.524344320518947e-05
0.04599999999998947 0.001798286798846854 7.851489725758338e-05
0.04599999999998948 0.001873215415465349 8.178635130997729e-05
0.04599999999998947 0.001948144032083785 8.505780536236859e-05
0.04599999999998948 0.00202307264870217 8.832925941475773e-05
0.04599999999998949 0.002098001265320581 9.160071346714797e-05
0.04599999999998947 0.002172929881939162 9.487216751954558e-05
0.04599999999998948 0.002247858498557403 9.814362157192839e-05
0.04599999999998949 0.002322787115176135 0.0001014150756243327
0.04599999999998948 0.002397715731794901 0.0001046865296767383
0.04599999999998946 0.002472644348413837 0.0001079579837291515
0.04599999999998947 0.00254757296503262 0.000111229437781558
0.04599999999998947 0.002622501581651489 0.0001145008918339683
0.0459999999999895 0.002697430198270273 0.0001177723458863748
0.04599999999998947 0.002772358814888988 0.0001210437999387783
0.04599999999998949 0.002847287431507907 0.0001243152539911907
0.04599999999998948 0.002922216048126655 0.0001275867080435957
0.04699999999999188 0.001573500948991282 6.870053510039791e-05
0.04699999999999185 0.001648429565609863 7.197198915279555e-05
0.04699999999999188 0.001723358182228358 7.524344320518947e-05
0.04699999999999187 0.001798286798846853 7.851489725758336e-05
0.04699999999999185 0.001873215415465349 8.17863513099773e-05
0.04699999999999185 0.001948144032083785 8.50578053623686e-05
0.04699999999999188 0.00202307264870217 8.832925941475772e-05
0.04699999999999185 0.002098001265320581 9.160071346714795e-05
0.04699999999999187 0.002172929881939161 9.487216751954555e-05
0.04699999999999187 0.002247858498557403 9.814362157192839e-05
0.04699999999999185 0.002322787115176135 0.0001014150756243327
0.04699999999999185 0.0023977157317949 0.0001046865296767383
0.04699999999999186 0.002472644348413836 0.0001079579837291515
0.04699999999999185 0.002547572965032619 0.000111229437781558
0.04699999999999187 0.002622501581651489 0.0001145008918339683
0.04699999999999187 0.002697430198270273 0.0001177723458863748
0.04699999999999186 0.002772358814888989 0.0001210437999387783
0.04699999999999188 0.002847287431507905 0.0001243152539911906
0.04699999999999187 0.002922216048126655 0.0001275867080435956
0.04799999999999473 0.001573500948991282 6.87005351003979e-05
0.04799999999999474 0.001648429565609863 7.197198915279557e-05
0.04799999999999473 0.001723358182228358 7.524344320518945e-05
0.04799999999999474 0.001798286798846853 7.851489725758335e-05
0.04799999999999473 0.001873215415465349 8.178635130997729e-05
0.04799999999999473 0.001948144032083785 8.50578053623686e-05
0.04799999999999475 0.00202307264870217 8.832925941475772e-05
0.04799999999999474 0.002098001265320581 9.160071346714797e-05
0.04799999999999474 0.002172929881939162 9.487216751954558e-05
0.04799999999999473 0.002247858498557403 9.814362157192839e-05
0.04799999999999473 0.002322787115176135 0.0001014150756243327
0.04799999999999474 0.002397715731794901 0.0001046865296767383
0.04799999999999472 0.002472644348413836 0.0001079579837291515
0.04799999999999474 0.00254757296503262 0.000111229437781558
0.04799999999999473 0.002622501581651489 0.0001145008918339683
0.04799999999999473 0.002697430198270273 0.0001177723458863748
0.04799999999999474 0.002772358814888988 0.0001210437999387782
0.04799999999999473 0.002847287431507906 0.0001243152539911906
0.04799999999999473 0.002922216048126655 0.0001275867080435956
0.0489999999999973 0.001573500948991282 6.87005351003979e-05
0.04899999999999726 0.001648429565609862 7.197198915279555e-05
0.04899999999999727 0.001723358182228358 7.524344320518945e-05
0.04899999999999728 0.001798286798846853 7.851489725758336e-05
0.04899999999999729 0.001873215415465348 8.178635130997729e-05
0.0489999999999973 0.001948144032083785 8.505780536236859e-05
0.04899999999999728 0.00202307264870217 8.832925941475773e-05
0.0489999999999973 0.002098001265320581 9.160071346714797e-05
0.0489999999999973 0.002172929881939161 9.487216751954557e-05
0.04899999999999731 0.002247858498557403 9.814362157192839e-05
0.04899999999999728 0.002322787115176135 0.0001014150756243327
0.04899999999999729 0.002397715731794901 0.0001046865296767383
0.0489999999999973 0.002472644348413836 0.0001079579837291515
0.04899999999999727 0.00254757296503262 0.000111229437781558
0.0489999999999973 0.002622501581651489 0.0001145008918339683
0.04899999999999729 0.002697430198270273 0.0001177723458863748
0.0489999999999973 0.002772358814888988 0.0001210437999387783
0.04899999999999727 0.002847287431507905 0.0001243152539911906
0.04899999999999729 0.002922216048126655 0.0001275867080435957
2 7 0 0
2 8 0 0
2 9 0 0
2 10 0 0
2 11 0 0
2 12 0 0
2 15 0 0
3 1 0 0
3 2 0 0
3 3 0 0
$EndNodes
$Elements
19 7650 1 7650
2 1 3 1000
1 1 15 546 113 
2 113 546 547 114 
3 114 547 548 115 
4 115 548 549 116 
5 116 549 550 117 
6 117 550 551 118 
7 118 551 552 119 
8 119 552 553 120 
9 120 553 554 121 
10 121 554 555 122 
11 122 555 556 123 
12 123 556 557 124 
13 124 557 558 125 
14 125 558 559 126 
15 126 559 560 127 
16 127 560 561 128 
17 128 561 562 129 
18 129 562 563 130 
19 130 563 564 131 
20 131 564 64 3 
21 15 16 565 546 
22 546 565 566 547 
23 547 566 567 548 
24 548 567 568 549 
25 549 568 569 550 
26 550 569 570 551 
27 551 570 571 552 
28 552 571 572 553 
29 553 572 573 554 
30 554 573 574 555 
31 555 574 575 556 
32 556 575 576 557 
33 557 576 577 558 
34 558 577 578 559 
35 559 578 579 560 
36 560 579 580 561 
37 561 580 581 562 
38 562 581 582 563 
39 563 582 583 564 
40 564 583 65 64 
41 16 17 584 565 
42 565 584 585 566 
43 566 585 586 567 
44 567 586 587 568 
45 568 587 588 569 
46 569 588 589 570 
47 570 589 590 571 
48 571 590 591 572 
49 572 591 592 573 
50 573 592 593 574 
51 574 593 594 575 
52 575 594 595 576 
53 576 595 596 577 
54 577 596 597 578 
55 578 597 598 579 
56 579 598 599 580 
57 580 599 600 581 
58 581 600 601 582 
59 582 601 602 583 
60 583 602 66 65 
61 17 18 603 584 
62 584 603 604 585 
63 585 604 605 586 
64 586 605 606 587 
65 587 606 607 588 
66 588 607 608 589 
67 589 608 609 590 
68 590 609 610 591 
69 591 610 611 592 
70 592 611 612 593 
71 593 612 613 594 
72 594 613 614 595 
73 595 614 615 596 
74 596 615 616 597 
75 597 616 617 598 
76 598 617 618 599 
77 599 618 619 600 
78 600 619 620 601 
79 601 620 621 602 
80 602 621 67 66 
81 18 19 622 603 
82 603 622 623 604 
83 604 623 624 605 
84 605 624 625 606 
85 606 625 626 607 
86 607 626 627 608 
87 608 627 628 609 
88 609 628 629 610 
89 610 629 630 611 
90 611 630 631 612 
91 612 631 632 613 
92 613 632 633 614 
93 614 633 634 615 
94 615 634 635 616 
95 616 635 636 617 
96 617 636 637 618 
97 618 637 638 619 
98 619 638 639 620 
99 620 639 640 621 
100 621 640 68 67 
101 19 20 641 622 
102 622 641 642 623 
103 623 642 643 624 
104 624 643 644 625 
105 625 644 645 626 
106 626 645 646 627 
107 627 646 647 628 
108 628 647 648 629 
109 629 648 649 630 
110 630 649 650 631 
111 631 650 651 632 
112 632 651 652 633 
113 633 652 653 634 
114 634 653 654 635 
115 635 654 655 636 
116 636 655 656 637 
117 637 656 657 638 
118 638 657 658 639 
119 639 658 659 640 
120 640 659 69 68 
121 20 21 660 641 
122 641 660 661 642 
123 642 661 662 643 
124 643 662 663 644 
125 644 663 664 645 
126 645 664 665 646 
127 646 665 666 647 
128 647 666 667 648 
129 648 667 668 649 
130 649 668 669 650 
131 650 669 670 651 
132 651 670 671 652 
133 652 671 672 653 
134 653 672 673 654 
135 654 673 674 655 
136 655 674 675 656 
137 656 675 676 657 
138 657 676 677 658 
139 658 677 678 659 
140 659 678 70 69 
141 21 22 679 660 
142 660 679 680 661 
143 661 680 681 662 
144 662 681 682 663 
145 663 682 683 664 
146 664 683 684 665 
147 665 684 685 666 
148 666 685 686 667 
149 667 686 687 668 
150 668 687 688 669 
151 669 688 689 670 
152 670 689 690 671 
153 671 690 691 672 
154 672 691 692 673 
155 673 692 693 674 
156 674 693 694 675 
157 675 694 695 676 
158 676 695 696 677 
159 677 696 697 678 
160 678 697 71 70 
161 22 23 698 679 
162 679 698 699 680 
163 680 699 700 681 
164 681 700 701 682 
165 682 701 702 683 
166 683 702 703 684 
167 684 703 704 685 
168 685 704 705 686 
169 686 705 706 687 
170 687 706 707 688 
171 688 707 708 689 
172 689 708 709 690 
173 690 709 710 691 
174 691 710 711 692 
175 692 711 712 693 
176 693 712 713 694 
177 694 713 714 695 
178 695 714 715 696 
179 696 715 716 697 
180 697 716 72 71 
181 23 24 717 698 
182 698 717 718 699 
183 699 718 719 700 
184 700 719 720 701 
185 701 720 721 702 
186 702 721 722 703 
187 703 722 723 704 
188 704 723 724 705 
189 705 724 725 706 
190 706 725 726 707 
191 707 726 727 708 
192 708 727 728 709 
193 709 728 729 710 
194 710 729 730 711 
195 711 730 731 712 
196 712 731 732 713 
197 713 732 733 714 
198 714 733 734 715 
199 715 734 735 716 
200 716 735 73 72 
201 24 25 736 717 
202 717 736 737 718 
203 718 737 738 719 
204 719 738 739 720 
205 720 739 740 721 
206 721 740 741 722 
207 722 741 742 723 
208 723 742 743 724 
209 724 743 744 725 
210 725 744 745 726 
211 726 745 746 727 
212 727 746 747 728 
213 728 747 748 729 
214 729 748 749 730 
215 730 749 750 731 
216 731 750 751 732 
217 732 751 752 733 
218 733 752 753 734 
219 734 753 754 735 
220 735 754 74 73 
221 25 26 755 736 
222 736 755 756 737 
223 737 756 757 738 
224 738 757 758 739 
225 739 758 759 740 
226 740 759 760 741 
227 741 760 761 742 
228 742 761 762 743 
229 743 762 763 744 
230 744 763 764 745 
231 745 764 765 746 
232 746 765 766 747 
233 747 766 767 748 
234 748 767 768 749 
235 749 768 769 750 
236 750 769 770 751 
237 751 770 771 752 
238 752 771 772 753 
239 753 772 773 754 
240 754 773 75 74 
241 26 27 774 755 
242 755 774 775 756 
243 756 775 776 757 
244 757 776 777 758 
245 758 777 778 759 
246 759 778 779 760 
247 760 779 780 761 
248 761 780 781 762 
249 762 781 782 763 
250 763 782 783 764 
251 764 783 784 765 
252 765 784 785 766 
253 766 785 786 767 
254 767 786 787 768 
255 768 787 788 769 
256 769 788 789 770 
257 770 789 790 771 
258 771 790 791 772 
259 772 791 792 773 
260 773 792 76 75 
261 27 28 793 774 
262 774 793 794 775 
263 775 794 795 776 
264 776 795 796 777 
265 777 796 797 778 
266 778 797 798 779 
267 779 798 799 780 
268 780 799 800 781 
269 781 800 801 782 
270 782 801 802 783 
271 783 802 803 784 
272 784 803 804 785 
273 785 804 805 786 
274 786 805 806 787 
275 787 806 807 788 
276 788 807 808 789 
277 789 808 809 790 
278 790 809 810 791 
279 791 810 811 792 
280 792 811 77 76 
281 28 29 812 793 
282 793 812 813 794 
283 794 813 814 795 
284 795 814 815 796 
285 796 815 816 797 
286 797 816 817 798 
287 798 817 818 799 
288 799 818 819 800 
289 800 819 820 801 
290 801 820 821 802 
291 802 821 822 803 
292 803 822 823 804 
293 804 823 824 805 
294 805 824 825 806 
295 806 825 826 807 
296 807 826 827 808 
297 808 827 828 809 
298 809 828 829 810 
299 810 829 830 811 
300 811 830 78 77 
301 29 30 831 812 
302 812 831 832 813 
303 813 832 833 814 
304 814 833 834 815 
305 815 834 835 816 
306 816 835 836 817 
307 817 836 837 818 
308 818 837 838 819 
309 819 838 839 820 
310 820 839 840 821 
311 821 840 841 822 
312 822 841 842 823 
313 823 842 843 824 
314 824 843 844 825 
315 825 844 845 826 
316 826 845 846 827 
317 827 846 847 828 
318 828 847 848 829 
319 829 848 849 830 
320 830 849 79 78 
321 30 31 850 831 
322 831 850 851 832 
323 832 851 852 833 
324 833 852 853 834 
325 834 853 854 835 
326 835 854 855 836 
327 836 855 856 837 
328 837 856 857 838 
329 838 857 858 839 
330 839 858 859 840 
331 840 859 860 841 
332 841 860 861 842 
333 842 861 862 843 
334 843 862 863 844 
335 844 863 864 845 
336 845 864 865 846 
337 846 865 866 847 
338 847 866 867 848 
339 848 867 868 849 
340 849 868 80 79 
341 31 32 869 850 
342 850 869 870 851 
343 851 870 871 852 
344 852 871 872 853 
345 853 872 873 854 
346 854 873 874 855 
347 855 874 875 856 
348 856 875 876 857 
349 857 876 877 858 
350 858 877 878 859 
351 859 878 879 860 
352 860 879 880 861 
353 861 880 881 862 
354 862 881 882 863 
355 863 882 883 864 
356 864 883 884 865 
357 865 884 885 866 
358 866 885 886 867 
359 867 886 887 868 
360 868 887 81 80 
361 32 33 888 869 
362 869 888 889 870 
363 870 889 890 871 
364 871 890 891 872 
365 872 891 892 873 
366 873 892 893 874 
367 874 893 894 875 
368 875 894 895 876 
369 876 895 896 877 
370 877 896 897 878 
371 878 897 898 879 
372 879 898 899 880 
373 880 899 900 881 
374 881 900 901 882 
375 882 901 902 883 
376 883 902 903 884 
377 884 903 904 885 
378 885 904 905 886 
379 886 905 906 887 
380 887 906 82 81 
381 33 34 907 888 
382 888 907 908 889 
383 889 908 909 890 
384 890 909 910 891 
385 891 910 911 892 
386 892 911 912 893 
387 893 912 913 894 
388 894 913 914 895 
389 895 914 915 896 
390 896 915 916 897 
391 897 916 917 898 
392 898 917 918 899 
393 899 918 919 900 
394 900 919 920 901 
395 901 920 921 902 
396 902 921 922 903 
397 903 922 923 904 
398 904 923 924 905 
399 905 924 925 906 
400 906 925 83 82 
401 34 35 926 907 
402 907 926 927 908 
403 908 927 928 909 
404 909 928 929 910 
405 910 929 930 911 
406 911 930 931 912 
407 912 931 932 913 
408 913 932 933 914 
409 914 933 934 915 
410 915 934 935 916 
411 916 935 936 917 
412 917 936 937 918 
413 918 937 938 919 
414 919 938 939 920 
415 920 939 940 921 
416 921 940 941 922 
417 922 941 942 923 
418 923 942 943 924 
419 924 943 944 925 
420 925 944 84 83 
421 35 36 945 926 
422 926 945 946 927 
423 927 946 947 928 
424 928 947 948 929 
425 929 948 949 930 
426 930 949 950 931 
427 931 950 951 932 
428 932 951 952 933 
429 933 952 953 934 
430 934 953 954 935 
431 935 954 955 936 
432 936 955 956 937 
433 937 956 957 938 
434 938 957 958 939 
435 939 958 959 940 
436 940 959 960 941 
437 941 960 961 942 
438 942 961 962 943 
439 943 962 963 944 
440 944 963 85 84 
441 36 37 964 945 
442 945 964 965 946 
443 946 965 966 947 
444 947 966 967 948 
445 948 967 968 949 
446 949 968 969 950 
447 950 969 970 951 
448 951 970 971 952 
449 952 971 972 953 
450 953 972 973 954 
451 954 973 974 955 
452 955 974 975 956 
453 956 975 976 957 
454 957 976 977 958 
455 958 977 978 959 
456 959 978 979 960 
457 960 979 980 961 
458 961 980 981 962 
459 962 981 982 963 
460 963 982 86 85 
461 37 38 983 964 
462 964 983 984 965 
463 965 984 985 966 
464 966 985 986 967 
465 967 986 987 968 
466 968 987 988 969 
467 969 988 989 970 
468 970 989 990 971 
469 971 990 991 972 
470 972 991 992 973 
471 973 992 993 974 
472 974 993 994 975 
473 975 994 995 976 
474 976 995 996 977 
475 977 996 997 978 
476 978 997 998 979 
477 979 998 999 980 
478 980 999 1000 981 
479 981 1000 1001 982 
480 982 1001 87 86 
481 38 39 1002 983 
482 983 1002 1003 984 
483 984 1003 1004 985 
484 985 1004 1005 986 
485 986 1005 1006 987 
486 987 1006 1007 988 
487 988 1007 1008 989 
488 989 1008 1009 990 
489 990 1009 1010 991 
490 991 1010 1011 992 
491 992 1011 1012 993 
492 993 1012 1013 994 
493 994 1013 1014 995 
494 995 1014 1015 996 
495 996 1015 1016 997 
496 997 1016 1017 998 
497 998 1017 1018 999 
498 999 1018 1019 1000 
499 1000 1019 1020 1001 
500 1001 1020 88 87 
501 39 40 1021 1002 
502 1002 1021 1022 1003 
503 1003 1022 1023 1004 
504 1004 1023 1024 1005 
505 1005 1024 1025 1006 
506 1006 1025 1026 1007 
507 1007 1026 1027 1008 
508 1008 1027 1028 1009 
509 1009 1028 1029 1010 
510 1010 1029 1030 1011 
511 1011 1030 1031 1012 
512 1012 1031 1032 1013 
513 1013 1032 1033 1014 
514 1014 1033 1034 1015 
515 1015 1034 1035 1016 
516 1016 1035 1036 1017 
517 1017 1036 1037 1018 
518 1018 1037 1038 1019 
519 1019 1038 1039 1020 
520 1020 1039 89 88 
521 40 41 1040 1021 
522 1021 1040 1041 1022 
523 1022 1041 1042 1023 
524 1023 1042 1043 1024 
525 1024 1043 1044 1025 
526 1025 1044 1045 1026 
527 1026 1045 1046 1027 
528 1027 1046 1047 1028 
529 1028 1047 1048 1029 
530 1029 1048 1049 1030 
531 1030 1049 1050 1031 
532 1031 1050 1051 1032 
533 1032 1051 1052 1033 
534 1033 1052 1053 1034 
535 1034 1053 1054 1035 
536 1035 1054 1055 1036 
537 1036 1055 1056 1037 
538 1037 1056 1057 1038 
539 1038 1057 1058 1039 
540 1039 1058 90 89 
541 41 42 1059 1040 
542 1040 1059 1060 1041 
543 1041 1060 1061 1042 
544 1042 1061 1062 1043 
545 1043 1062 1063 1044 
546 1044 1063 1064 1045 
547 1045 1064 1065 1046 
548 1046 1065 1066 1047 
549 1047 1066 1067 1048 
550 1048 1067 1068 1049 
551 1049 1068 1069 1050 
552 1050 1069 1070 1051 
553 1051 1070 1071 1052 
554 1052 1071 1072 1053 
555 1053 1072 1073 1054 
556 1054 1073 1074 1055 
557 1055 1074 1075 1056 
558 1056 1075 1076 1057 
559 1057 1076 1077 1058 
560 1058 1077 91 90 
561 42 43 1078 1059 
562 1059 1078 1079 1060 
563 1060 1079 1080 1061 
564 1061 1080 1081 1062 
565 1062 1081 1082 1063 
566 1063 1082 1083 1064 
567 1064 1083 1084 1065 
568 1065 1084 1085 1066 
569 1066 1085 1086 1067 
570 1067 1086 1087 1068 
571 1068 1087 1088 1069 
572 1069 1088 1089 1070 
573 1070 1089 1090 1071 
574 1071 1090 1091 1072 
575 1072 1091 1092 1073 
576 1073 1092 1093 1074 
577 1074 1093 1094 1075 
578 1075 1094 1095 1076 
579 1076 1095 1096 1077 
580 1077 1096 92 91 
581 43 44 1097 1078 
582 1078 1097 1098 1079 
583 1079 1098 1099 1080 
584 1080 1099 1100 1081 
585 1081 1100 1101 1082 
586 1082 1101 1102 1083 
587 1083 1102 1103 1084 
588 1084 1103 1104 1085 
589 1085 1104 1105 1086 
590 1086 1105 1106 1087 
591 1087 1106 1107 1088 
592 1088 1107 1108 1089 
593 1089 1108 1109 1090 
594 1090 1109 1110 1091 
595 1091 1110 1111 1092 
596 1092 1111 1112 1093 
597 1093 1112 1113 1094 
598 1094 1113 1114 1095 
599 1095 1114 1115 1096 
600 1096 1115 93 92 
601 44 45 1116 1097 
602 1097 1116 1117 1098 
603 1098 1117 1118 1099 
604 1099 1118 1119 1100 
605 1100 1119 1120 1101 
606 1101 1120 1121 1102 
607 1102 1121 1122 1103 
608 1103 1122 1123 1104 
609 1104 1123 1124 1105 
610 1105 1124 1125 1106 
611 1106 1125 1126 1107 
612 1107 1126 1127 1108 
613 1108 1127 1128 1109 
614 1109 1128 1129 1110 
615 1110 1129 1130 1111 
616 1111 1130 1131 1112 
617 1112 1131 1132 1113 
618 1113 1132 1133 1114 
619 1114 1133 1134 1115 
620 1115 1134 94 93 
621 45 46 1135 1116 
622 1116 1135 1136 1117 
623 1117 1136 1137 1118 
624 1118 1137 1138 1119 
625 1119 1138 1139 1120 
626 1120 1139 1140 1121 
627 1121 1140 1141 1122 
628 1122 1141 1142 1123 
629 1123 1142 1143 1124 
630 1124 1143 1144 1125 
631 1125 1144 1145 1126 
632 1126 1145 1146 1127 
633 1127 1146 1147 1128 
634 1128 1147 1148 1129 
635 1129 1148 1149 1130 
636 1130 1149 1150 1131 
637 1131 1150 1151 1132 
638 1132 1151 1152 1133 
639 1133 1152 1153 1134 
640 1134 1153 95 94 
641 46 47 1154 1135 
642 1135 1154 1155 1136 
643 1136 1155 1156 1137 
644 1137 1156 1157 1138 
645 1138 1157 1158 1139 
646 1139 1158 1159 1140 
647 1140 1159 1160 1141 
648 1141 1160 1161 1142 
649 1142 1161 1162 1143 
650 1143 1162 1163 1144 
651 1144 1163 1164 1145 
652 1145 1164 1165 1146 
653 1146 1165 1166 1147 
654 1147 1166 1167 1148 
655 1148 1167 1168 1149 
656 1149 1168 1169 1150 
657 1150 1169 1170 1151 
658 1151 1170 1171 1152 
659 1152 1171 1172 1153 
660 1153 1172 96 95 
661 47 48 1173 1154 
662 1154 1173 1174 1155 
663 1155 1174 1175 1156 
664 1156 1175 1176 1157 
665 1157 1176 1177 1158 
666 1158 1177 1178 1159 
667 1159 1178 1179 1160 
668 1160 1179 1180 1161 
669 1161 1180 1181 1162 
670 1162 1181 1182 1163 
671 1163 1182 1183 1164 
672 1164 1183 1184 1165 
673 1165 1184 1185 1166 
674 1166 1185 1186 1167 
675 1167 1186 1187 1168 
676 1168 1187 1188 1169 
677 1169 1188 1189 1170 
678 1170 1189 1190 1171 
679 1171 1190 1191 1172 
680 1172 1191 97 96 
681 48 49 1192 1173 
682 1173 1192 1193 1174 
683 1174 1193 1194 1175 
684 1175 1194 1195 1176 
685 1176 1195 1196 1177 
686 1177 1196 1197 1178 
687 1178 1197 1198 1179 
688 1179 1198 1199 1180 
689 1180 1199 1200 1181 
690 1181 1200 1201 1182 
691 1182 1201 1202 1183 
692 1183 1202 1203 1184 
693 1184 1203 1204 1185 
694 1185 1204 1205 1186 
695 1186 1205 1206 1187 
696 1187 1206 1207 1188 
697 1188 1207 1208 1189 
698 1189 1208 1209 1190 
699 1190 1209 1210 1191 
700 1191 1210 98 97 
701 49 50 1211 1192 
702 1192 1211 1212 1193 
703 1193 1212 1213 1194 
704 1194 1213 1214 1195 
705 1195 1214 1215 1196 
706 1196 1215 1216 1197 
707 1197 1216 1217 1198 
708 1198 1217 1218 1199 
709 1199 1218 1219 1200 
710 1200 1219 1220 1201 
711 1201 1220 1221 1202 
712 1202 1221 1222 1203 
713 1203 1222 1223 1204 
714 1204 1223 1224 1205 
715 1205 1224 1225 1206 
716 1206 1225 1226 1207 
717 1207 1226 1227 1208 
718 1208 1227 1228 1209 
719 1209 1228 1229 1210 
720 1210 1229 99 98 
721 50 51 1230 1211 
722 1211 1230 1231 1212 
723 1212 1231 1232 1213 
724 1213 1232 1233 1214 
725 1214 1233 1234 1215 
726 1215 1234 1235 1216 
727 1216 1235 1236 1217 
728 1217 1236 1237 1218 
729 1218 1237 1238 1219 
730 1219 1238 1239 1220 
731 1220 1239 1240 1221 
732 1221 1240 1241 1222 
733 1222 1241 1242 1223 
734 1223 1242 1243 1224 
735 1224 1243 1244 1225 
736 1225 1244 1245 1226 
737 1226 1245 1246 1227 
738 1227 1246 1247 1228 
739 1228 1247 1248 1229 
740 1229 1248 100 99 
741 51 52 1249 1230 
742 1230 1249 1250 1231 
743 1231 1250 1251 1232 
744 1232 1251 1252 1233 
745 1233 1252 1253 1234 
746 1234 1253 1254 1235 
747 1235 1254 1255 1236 
748 1236 1255 1256 1237 
749 1237 1256 1257 1238 
750 1238 1257 1258 1239 
751 1239 1258 1259 1240 
752 1240 1259 1260 1241 
753 1241 1260 1261 1242 
754 1242 1261 1262 1243 
755 1243 1262 1263 1244 
756 1244 1263 1264 1245 
757 1245 1264 1265 1246 
758 1246 1265 1266 1247 
759 1247 1266 1267 1248 
760 1248 1267 101 100 
761 52 53 1268 1249 
762 1249 1268 1269 1250 
763 1250 1269 1270 1251 
764 1251 1270 1271 1252 
765 1252 1271 1272 1253 
766 1253 1272 1273 1254 
767 1254 1273 1274 1255 
768 1255 1274 1275 1256 
769 1256 1275 1276 1257 
770 1257 1276 1277 1258 
771 1258 1277 1278 1259 
772 1259 1278 1279 1260 
773 1260 1279 1280 1261 
774 1261 1280 1281 1262 
775 1262 1281 1282 1263 
776 1263 1282 1283 1264 
777 1264 1283 1284 1265 
778 1265 1284 1285 1266 
779 1266 1285 1286 1267 
780 1267 1286 102 101 
781 53 54 1287 1268 
782 1268 1287 1288 1269 
783 1269 1288 1289 1270 
784 1270 1289 1290 1271 
785 1271 1290 1291 1272 
786 1272 1291 1292 1273 
787 1273 1292 1293 1274 
788 1274 1293 1294 1275 
789 1275 1294 1295 1276 
790 1276 1295 1296 1277 
791 1277 1296 1297 1278 
792 1278 1297 1298 1279 
793 1279 1298 1299 1280 
794 1280 1299 1300 1281 
795 1281 1300 1301 1282 
796 1282 1301 1302 1283 
797 1283 1302 1303 1284 
798 1284 1303 1304 1285 
799 1285 1304 1305 1286 
800 1286 1305 103 102 
801 54 55 1306 1287 
802 1287 1306 1307 1288 
803 1288 1307 1308 1289 
804 1289 1308 1309 1290 
805 1290 1309 1310 1291 
806 1291 1310 1311 1292 
807 1292 1311 1312 1293 
808 1293 1312 1313 1294 
809 1294 1313 1314 1295 
810 1295 1314 1315 1296 
811 1296 1315 1316 1297 
812 1297 1316 1317 1298 
813 1298 1317 1318 1299 
814 1299 1318 1319 1300 
815 1300 1319 1320 1301 
816 1301 1320 1321 1302 
817 1302 1321 1322 1303 
818 1303 1322 1323 1304 
819 1304 1323 1324 1305 
820 1305 1324 104 103 
821 55 56 1325 1306 
822 1306 1325 1326 1307 
823 1307 1326 1327 1308 
824 1308 1327 1328 1309 
825 1309 1328 1329 1310 
826 1310 1329 1330 1311 
827 1311 1330 1331 1312 
828 1312 1331 1332 1313 
829 1313 1332 1333 1314 
830 1314 1333 1334 1315 
831 1315 1334 1335 1316 
832 1316 1335 1336 1317 
833 1317 1336 1337 1318 
834 1318 1337 1338 1319 
835 1319 1338 1339 1320 
836 1320 1339 1340 1321 
837 1321 1340 1341 1322 
838 1322 1341 1342 1323 
839 1323 1342 1343 1324 
840 1324 1343 105 104 
841 56 57 1344 1325 
842 1325 1344 1345 1326 
843 1326 1345 1346 1327 
844 1327 1346 1347 1328 
845 1328 1347 1348 1329 
846 1329 1348 1349 1330 
847 1330 1349 1350 1331 
848 1331 1350 1351 1332 
849 1332 1351 1352 1333 
850 1333 1352 1353 1334 
851 1334 1353 1354 1335 
852 1335 1354 1355 1336 
853 1336 1355 1356 1337 
854 1337 1356 1357 1338 
855 1338 1357 1358 1339 
856 1339 1358 1359 1340 
857 1340 1359 1360 1341 
858 1341 1360 1361 1342 
859 1342 1361 1362 1343 
860 1343 1362 106 105 
861 57 58 1363 1344 
862 1344 1363 1364 1345 
863 1345 1364 1365 1346 
864 1346 1365 1366 1347 
865 1347 1366 1367 1348 
866 1348 1367 1368 1349 
867 1349 1368 1369 1350 
868 1350 1369 1370 1351 
869 1351 1370 1371 1352 
870 1352 1371 1372 1353 
871 1353 1372 1373 1354 
872 1354 1373 1374 1355 
873 1355 1374 1375 1356 
874 1356 1375 1376 1357 
875 1357 1376 1377 1358 
876 1358 1377 1378 1359 
877 1359 1378 1379 1360 
878 1360 1379 1380 1361 
879 1361 1380 1381 1362 
880 1362 1381 107 106 
881 58 59 1382 1363 
882 1363 1382 1383 1364 
883 1364 1383 1384 1365 
884 1365 1384 1385 1366 
885 1366 1385 1386 1367 
886 1367 1386 1387 1368 
887 1368 1387 1388 1369 
888 1369 1388 1389 1370 
889 1370 1389 1390 1371 
890 1371 1390 1391 1372 
891 1372 1391 1392 1373 
892 1373 1392 1393 1374 
893 1374 1393 1394 1375 
894 1375 1394 1395 1376 
895 1376 1395 1396 1377 
896 1377 1396 1397 1378 
897 1378 1397 1398 1379 
898 1379 1398 1399 1380 
899 1380 1399 1400 1381 
900 1381 1400 108 107 
901 59 60 1401 1382 
902 1382 1401 1402 1383 
903 1383 1402 1403 1384 
904 1384 1403 1404 1385 
905 1385 1404 1405 1386 
906 1386 1405 1406 1387 
907 1387 1406 1407 1388 
908 1388 1407 1408 1389 
909 1389 1408 1409 1390 
910 1390 1409 1410 1391 
911 1391 1410 1411 1392 
912 1392 1411 1412 1393 
913 1393 1412 1413 1394 
914 1394 1413 1414 1395 
915 1395 1414 1415 1396 
916 1396 1415 1416 1397 
917 1397 1416 1417 1398 
918 1398 1417 1418 1399 
919 1399 1418 1419 1400 
920 1400 1419 109 108 
921 60 61 1420 1401 
922 1401 1420 1421 1402 
923 1402 1421 1422 1403 
924 1403 1422 1423 1404 
925 1404 1423 1424 1405 
926 1405 1424 1425 1406 
927 1406 1425 1426 1407 
928 1407 1426 1427 1408 
929 1408 1427 1428 1409 
930 1409 1428 1429 1410 
931 1410 1429 1430 1411 
932 1411 1430 1431 1412 
933 1412 1431 1432 1413 
934 1413 1432 1433 1414 
935 1414 1433 1434 1415 
936 1415 1434 1435 1416 
937 1416 1435 1436 1417 
938 1417 1436 1437 1418 
939 1418 1437 1438 1419 
940 1419 1438 110 109 
941 61 62 1439 1420 
942 1420 1439 1440 1421 
943 1421 1440 1441 1422 
944 1422 1441 1442 1423 
945 1423 1442 1443 1424 
946 1424 1443 1444 1425 
947 1425 1444 1445 1426 
948 1426 1445 1446 1427 
949 1427 1446 1447 1428 
950 1428 1447 1448 1429 
951 1429 1448 1449 1430 
952 1430 1449 1450 1431 
953 1431 1450 1451 1432 
954 1432 1451 1452 1433 
955 1433 1452 1453 1434 
956 1434 1453 1454 1435 
957 1435 1454 1455 1436 
958 1436 1455 1456 1437 
959 1437 1456 1457 1438 
960 1438 1457 111 110 
961 62 63 1458 1439 
962 1439 1458 1459 1440 
963 1440 1459 1460 1441 
964 1441 1460 1461 1442 
965 1442 1461 1462 1443 
966 1443 1462 1463 1444 
967 1444 1463 1464 1445 
968 1445 1464 1465 1446 
969 1446 1465 1466 1447 
970 1447 1466 1467 1448 
971 1448 1467 1468 1449 
972 1449 1468 1469 1450 
973 1450 1469 1470 1451 
974 1451 1470 1471 1452 
975 1452 1471 1472 1453 
976 1453 1472 1473 1454 
977 1454 1473 1474 1455 
978 1455 1474 1475 1456 
979 1456 1475 1476 1457 
980 1457 1476 112 111 
981 63 2 132 1458 
982 1458 132 133 1459 
983 1459 133 134 1460 
984 1460 134 135 1461 
985 1461 135 136 1462 
986 1462 136 137 1463 
987 1463 137 138 1464 
988 1464 138 139 1465 
989 1465 139 140 1466 
990 1466 140 141 1467 
991 1467 141 142 1468 
992 1468 142 143 1469 
993 1469 143 144 1470 
994 1470 144 145 1471 
995 1471 145 146 1472 
996 1472 146 147 1473 
997 1473 147 148 1474 
998 1474 148 149 1475 
999 1475 149 150 1476 
1000 1476 150 4 112 
2 2 3 500
1001 3 64 1477 200 
1002 200 1477 1478 201 
1003 201 1478 1479 202 
1004 202 1479 1480 203 
1005 203 1480 1481 204 
1006 204 1481 1482 205 
1007 205 1482 1483 206 
1008 206 1483 1484 207 
1009 207 1484 1485 208 
1010 208 1485 151 5 
1011 64 65 1486 1477 
1012 1477 1486 1487 1478 
1013 1478 1487 1488 1479 
1014 1479 1488 1489 1480 
1015 1480 1489 1490 1481 
1016 1481 1490 1491 1482 
1017 1482 1491 1492 1483 
1018 1483 1492 1493 1484 
1019 1484 1493 1494 1485 
1020 1485 1494 152 151 
1021 65 66 1495 1486 
1022 1486 1495 1496 1487 
1023 1487 1496 1497 1488 
1024 1488 1497 1498 1489 
1025 1489 1498 1499 1490 
1026 1490 1499 1500 1491 
1027 1491 1500 1501 1492 
1028 1492 1501 1502 1493 
1029 1493 1502 1503 1494 
1030 1494 1503 153 152 
1031 66 67 1504 1495 
1032 1495 1504 1505 1496 
1033 1496 1505 1506 1497 
1034 1497 1506 1507 1498 
1035 1498 1507 1508 1499 
1036 1499 1508 1509 1500 
1037 1500 1509 1510 1501 
1038 1501 1510 1511 1502 
1039 1502 1511 1512 1503 
1040 1503 1512 154 153 
1041 67 68 1513 1504 
1042 1504 1513 1514 1505 
1043 1505 1514 1515 1506 
1044 1506 1515 1516 1507 
1045 1507 1516 1517 1508 
1046 1508 1517 1518 1509 
1047 1509 1518 1519 1510 
1048 1510 1519 1520 1511 
1049 1511 1520 1521 1512 
1050 1512 1521 155 154 
1051 68 69 1522 1513 
1052 1513 1522 1523 1514 
1053 1514 1523 1524 1515 
1054 1515 1524 1525 1516 
1055 1516 1525 1526 1517 
1056 1517 1526 1527 1518 
1057 1518 1527 1528 1519 
1058 1519 1528 1529 1520 
1059 1520 1529 1530 1521 
1060 1521 1530 156 155 
1061 69 70 1531 1522 
1062 1522 1531 1532 1523 
1063 1523 1532 1533 1524 
1064 1524 1533 1534 1525 
1065 1525 1534 1535 1526 
1066 1526 1535 1536 1527 
1067 1527 1536 1537 1528 
1068 1528 1537 1538 1529 
1069 1529 1538 1539 1530 
1070 1530 1539 157 156 
1071 70 71 1540 1531 
1072 1531 1540 1541 1532 
1073 1532 1541 1542 1533 
1074 1533 1542 1543 1534 
1075 1534 1543 1544 1535 
1076 1535 1544 1545 1536 
1077 1536 1545 1546 1537 
1078 1537 1546 1547 1538 
1079 1538 1547 1548 1539 
1080 1539 1548 158 157 
1081 71 72 1549 1540 
1082 1540 1549 1550 1541 
1083 1541 1550 1551 1542 
1084 1542 1551 1552 1543 
1085 1543 1552 1553 1544 
1086 1544 1553 1554 1545 
1087 1545 1554 1555 1546 
1088 1546 1555 1556 1547 
1089 1547 1556 1557 1548 
1090 1548 1557 159 158 
1091 72 73 1558 1549 
1092 1549 1558 1559 1550 
1093 1550 1559 1560 1551 
1094 1551 1560 1561 1552 
1095 1552 1561 1562 1553 
1096 1553 1562 1563 1554 
1097 1554 1563 1564 1555 
1098 1555 1564 1565 1556 
1099 1556 1565 1566 1557 
1100 1557 1566 160 159 
1101 73 74 1567 1558 
1102 1558 1567 1568 1559 
1103 1559 1568 1569 1560 
1104 1560 1569 1570 1561 
1105 1561 1570 1571 1562 
1106 1562 1571 1572 1563 
1107 1563 1572 1573 1564 
1108 1564 1573 1574 1565 
1109 1565 1574 1575 1566 
1110 1566 1575 161 160 
1111 74 75 1576 1567 
1112 1567 1576 1577 1568 
1113 1568 1577 1578 1569 
1114 1569 1578 1579 1570 
1115 1570 1579 1580 1571 
1116 1571 1580 1581 1572 
1117 1572 1581 1582 1573 
1118 1573 1582 1583 1574 
1119 1574 1583 1584 1575 
1120 1575 1584 162 161 
1121 75 76 1585 1576 
1122 1576 1585 1586 1577 
1123 1577 1586 1587 1578 
1124 1578 1587 1588 1579 
1125 1579 1588 1589 1580 
1126 1580 1589 1590 1581 
1127 1581 1590 1591 1582 
1128 1582 1591 1592 1583 
1129 1583 1592 1593 1584 
1130 1584 1593 163 162 
1131 76 77 1594 1585 
1132 1585 1594 1595 1586 
1133 1586 1595 1596 1587 
1134 1587 1596 1597 1588 
1135 1588 1597 1598 1589 
1136 1589 1598 1599 1590 
1137 1590 1599 1600 1591 
1138 1591 1600 1601 1592 
1139 1592 1601 1602 1593 
1140 1593 1602 164 163 
1141 77 78 1603 1594 
1142 1594 1603 1604 1595 
1143 1595 1604 1605 1596 
1144 1596 1605 1606 1597 
1145 1597 1606 1607 1598 
1146 1598 1607 1608 1599 
1147 1599 1608 1609 1600 
1148 1600 1609 1610 1601 
1149 1601 1610 1611 1602 
1150 1602 1611 165 164 
1151 78 79 1612 1603 
1152 1603 1612 1613 1604 
1153 1604 1613 1614 1605 
1154 1605 1614 1615 1606 
1155 1606 1615 1616 1607 
1156 1607 1616 1617 1608 
1157 1608 1617 1618 1609 
1158 1609 1618 1619 1610 
1159 1610 1619 1620 1611 
1160 1611 1620 166 165 
1161 79 80 1621 1612 
1162 1612 1621 1622 1613 
1163 1613 1622 1623 1614 
1164 1614 1623 1624 1615 
1165 1615 1624 1625 1616 
1166 1616 1625 1626 1617 
1167 1617 1626 1627 1618 
1168 1618 1627 1628 1619 
1169 1619 1628 1629 1620 
1170 1620 1629 167 166 
1171 80 81 1630 1621 
1172 1621 1630 1631 1622 
1173 1622 1631 1632 1623 
1174 1623 1632 1633 1624 
1175 1624 1633 1634 1625 
1176 1625 1634 1635 1626 
1177 1626 1635 1636 1627 
1178 1627 1636 1637 1628 
1179 1628 1637 1638 1629 
1180 1629 1638 168 167 
1181 81 82 1639 1630 
1182 1630 1639 1640 1631 
1183 1631 1640 1641 1632 
1184 1632 1641 1642 1633 
1185 1633 1642 1643 1634 
1186 1634 1643 1644 1635 
1187 1635 1644 1645 1636 
1188 1636 1645 1646 1637 
1189 1637 1646 1647 1638 
1190 1638 1647 169 168 
1191 82 83 1648 1639 
1192 1639 1648 1649 1640 
1193 1640 1649 1650 1641 
1194 1641 1650 1651 1642 
1195 1642 1651 1652 1643 
1196 1643 1652 1653 1644 
1197 1644 1653 1654 1645 
1198 1645 1654 1655 1646 
1199 1646 1655 1656 1647 
1200 1647 1656 170 169 
1201 83 84 1657 1648 
1202 1648 1657 1658 1649 
1203 1649 1658 1659 1650 
1204 1650 1659 1660 1651 
1205 1651 1660 1661 1652 
1206 1652 1661 1662 1653 
1207 1653 1662 1663 1654 
1208 1654 1663 1664 1655 
1209 1655 1664 1665 1656 
1210 1656 1665 171 170 
1211 84 85 1666 1657 
1212 1657 1666 1667 1658 
1213 1658 1667 1668 1659 
1214 1659 1668 1669 1660 
1215 1660 1669 1670 1661 
1216 1661 1670 1671 1662 
1217 1662 1671 1672 1663 
1218 1663 1672 1673 1664 
1219 1664 1673 1674 1665 
1220 1665 1674 172 171 
1221 85 86 1675 1666 
1222 1666 1675 1676 1667 
1223 1667 1676 1677 1668 
1224 1668 1677 1678 1669 
1225 1669 1678 1679 1670 
1226 1670 1679 1680 1671 
1227 1671 1680 1681 1672 
1228 1672 1681 1682 1673 
1229 1673 1682 1683 1674 
1230 1674 1683 173 172 
1231 86 87 1684 1675 
1232 1675 1684 1685 1676 
1233 1676 1685 1686 1677 
1234 1677 1686 1687 1678 
1235 1678 1687 1688 1679 
1236 1679 1688 1689 1680 
1237 1680 1689 1690 1681 
1238 1681 1690 1691 1682 
1239 1682 1691 1692 1683 
1240 1683 1692 174 173 
1241 87 88 1693 1684 
1242 1684 1693 1694 1685 
1243 1685 1694 1695 1686 
1244 1686 1695 1696 1687 
1245 1687 1696 1697 1688 
1246 1688 1697 1698 1689 
1247 1689 1698 1699 1690 
1248 1690 1699 1700 1691 
1249 1691 1700 1701 1692 
1250 1692 1701 175 174 
1251 88 89 1702 1693 
1252 1693 1702 1703 1694 
1253 1694 1703 1704 1695 
1254 1695 1704 1705 1696 
1255 1696 1705 1706 1697 
1256 1697 1706 1707 1698 
1257 1698 1707 1708 1699 
1258 1699 1708 1709 1700 
1259 1700 1709 1710 1701 
1260 1701 1710 176 175 
1261 89 90 1711 1702 
1262 1702 1711 1712 1703 
1263 1703 1712 1713 1704 
1264 1704 1713 1714 1705 
1265 1705 1714 1715 1706 
1266 1706 1715 1716 1707 
1267 1707 1716 1717 1708 
1268 1708 1717 1718 1709 
1269 1709 1718 1719 1710 
1270 1710 1719 177 176 
1271 90 91 1720 1711 
1272 1711 1720 1721 1712 
1273 1712 1721 1722 1713 
1274 1713 1722 1723 1714 
1275 1714 1723 1724 1715 
1276 1715 1724 1725 1716 
1277 1716 1725 1726 1717 
1278 1717 1726 1727 1718 
1279 1718 1727 1728 1719 
1280 1719 1728 178 177 
1281 91 92 1729 1720 
1282 1720 1729 1730 1721 
1283 1721 1730 1731 1722 
1284 1722 1731 1732 1723 
1285 1723 1732 1733 1724 
1286 1724 1733 1734 1725 
1287 1725 1734 1735 1726 
1288 1726 1735 1736 1727 
1289 1727 1736 1737 1728 
1290 1728 1737 179 178 
1291 92 93 1738 1729 
1292 1729 1738 1739 1730 
1293 1730 1739 1740 1731 
1294 1731 1740 1741 1732 
1295 1732 1741 1742 1733 
1296 1733 1742 1743 1734 
1297 1734 1743 1744 1735 
1298 1735 1744 1745 1736 
1299 1736 1745 1746 1737 
1300 1737 1746 180 179 
1301 93 94 1747 1738 
1302 1738 1747 1748 1739 
1303 1739 1748 1749 1740 
1304 1740 1749 1750 1741 
1305 1741 1750 1751 1742 
1306 1742 1751 1752 1743 
1307 1743 1752 1753 1744 
1308 1744 1753 1754 1745 
1309 1745 1754 1755 1746 
1310 1746 1755 181 180 
1311 94 95 1756 1747 
1312 1747 1756 1757 1748 
1313 1748 1757 1758 1749 
1314 1749 1758 1759 1750 
1315 1750 1759 1760 1751 
1316 1751 1760 1761 1752 
1317 1752 1761 1762 1753 
1318 1753 1762 1763 1754 
1319 1754 1763 1764 1755 
1320 1755 1764 182 181 
1321 95 96 1765 1756 
1322 1756 1765 1766 1757 
1323 1757 1766 1767 1758 
1324 1758 1767 1768 1759 
1325 1759 1768 1769 1760 
1326 1760 1769 1770 1761 
1327 1761 1770 1771 1762 
1328 1762 1771 1772 1763 
1329 1763 1772 1773 1764 
1330 1764 1773 183 182 
1331 96 97 1774 1765 
1332 1765 1774 1775 1766 
1333 1766 1775 1776 1767 
1334 1767 1776 1777 1768 
1335 1768 1777 1778 1769 
1336 1769 1778 1779 1770 
1337 1770 1779 1780 1771 
1338 1771 1780 1781 1772 
1339 1772 1781 1782 1773 
1340 1773 1782 184 183 
1341 97 98 1783 1774 
1342 1774 1783 1784 1775 
1343 1775 1784 1785 1776 
1344 1776 1785 1786 1777 
1345 1777 1786 1787 1778 
1346 1778 1787 1788 1779 
1347 1779 1788 1789 1780 
1348 1780 1789 1790 1781 
1349 1781 1790 1791 1782 
1350 1782 1791 185 184 
1351 98 99 1792 1783 
1352 1783 1792 1793 1784 
1353 1784 1793 1794 1785 
1354 1785 1794 1795 1786 
1355 1786 1795 1796 1787 
1356 1787 1796 1797 1788 
1357 1788 1797 1798 1789 
1358 1789 1798 1799 1790 
1359 1790 1799 1800 1791 
1360 1791 1800 186 185 
1361 99 100 1801 1792 
1362 1792 1801 1802 1793 
1363 1793 1802 1803 1794 
1364 1794 1803 1804 1795 
1365 1795 1804 1805 1796 
1366 1796 1805 1806 1797 
1367 1797 1806 1807 1798 
1368 1798 1807 1808 1799 
1369 1799 1808 1809 1800 
1370 1800 1809 187 186 
1371 100 101 1810 1801 
1372 1801 1810 1811 1802 
1373 1802 1811 1812 1803 
1374 1803 1812 1813 1804 
1375 1804 1813 1814 1805 
1376 1805 1814 1815 1806 
1377 1806 1815 1816 1807 
1378 1807 1816 1817 1808 
1379 1808 1817 1818 1809 
1380 1809 1818 188 187 
1381 101 102 1819 1810 
1382 1810 1819 1820 1811 
1383 1811 1820 1821 1812 
1384 1812 1821 1822 1813 
1385 1813 1822 1823 1814 
1386 1814 1823 1824 1815 
1387 1815 1824 1825 1816 
1388 1816 1825 1826 1817 
1389 1817 1826 1827 1818 
1390 1818 1827 189 188 
1391 102 103 1828 1819 
1392 1819 1828 1829 1820 
1393 1820 1829 1830 1821 
1394 1821 1830 1831 1822 
1395 1822 1831 1832 1823 
1396 1823 1832 1833 1824 
1397 1824 1833 1834 1825 
1398 1825 1834 1835 1826 
1399 1826 1835 1836 1827 
1400 1827 1836 190 189 
1401 103 104 1837 1828 
1402 1828 1837 1838 1829 
1403 1829 1838 1839 1830 
1404 1830 1839 1840 1831 
1405 1831 1840 1841 1832 
1406 1832 1841 1842 1833 
1407 1833 1842 1843 1834 
1408 1834 1843 1844 1835 
1409 1835 1844 1845 1836 
1410 1836 1845 191 190 
1411 104 105 1846 1837 
1412 1837 1846 1847 1838 
1413 1838 1847 1848 1839 
1414 1839 1848 1849 1840 
1415 1840 1849 1850 1841 
1416 1841 1850 1851 1842 
1417 1842 1851 1852 1843 
1418 1843 1852 1853 1844 
1419 1844 1853 1854 1845 
1420 1845 1854 192 191 
1421 105 106 1855 1846 
1422 1846 1855 1856 1847 
1423 1847 1856 1857 1848 
1424 1848 1857 1858 1849 
1425 1849 1858 1859 1850 
1426 1850 1859 1860 1851 
1427 1851 1860 1861 1852 
1428 1852 1861 1862 1853 
1429 1853 1862 1863 1854 
1430 1854 1863 193 192 
1431 106 107 1864 1855 
1432 1855 1864 1865 1856 
1433 1856 1865 1866 1857 
1434 1857 1866 1867 1858 
1435 1858 1867 1868 1859 
1436 1859 1868 1869 1860 
1437 1860 1869 1870 1861 
1438 1861 1870 1871 1862 
1439 1862 1871 1872 1863 
1440 1863 1872 194 193 
1441 107 108 1873 1864 
1442 1864 1873 1874 1865 
1443 1865 1874 1875 1866 
1444 1866 1875 1876 1867 
1445 1867 1876 1877 1868 
1446 1868 1877 1878 1869 
1447 1869 1878 1879 1870 
1448 1870 1879 1880 1871 
1449 1871 1880 1881 1872 
1450 1872 1881 195 194 
1451 108 109 1882 1873 
1452 1873 1882 1883 1874 
1453 1874 1883 1884 1875 
1454 1875 1884 1885 1876 
1455 1876 1885 1886 1877 
1456 1877 1886 1887 1878 
1457 1878 1887 1888 1879 
1458 1879 1888 1889 1880 
1459 1880 1889 1890 1881 
1460 1881 1890 196 195 
1461 109 110 1891 1882 
1462 1882 1891 1892 1883 
1463 1883 1892 1893 1884 
1464 1884 1893 1894 1885 
1465 1885 1894 1895 1886 
1466 1886 1895 1896 1887 
1467 1887 1896 1897 1888 
1468 1888 1897 1898 1889 
1469 1889 1898 1899 1890 
1470 1890 1899 197 196 
1471 110 111 1900 1891 
1472 1891 1900 1901 1892 
1473 1892 1901 1902 1893 
1474 1893 1902 1903 1894 
1475 1894 1903 1904 1895 
1476 1895 1904 1905 1896 
1477 1896 1905 1906 1897 
1478 1897 1906 1907 1898 
1479 1898 1907 1908 1899 
1480 1899 1908 198 197 
1481 111 112 1909 1900 
1482 1900 1909 1910 1901 
1483 1901 1910 1911 1902 
1484 1902 1911 1912 1903 
1485 1903 1912 1913 1904 
1486 1904 1913 1914 1905 
1487 1905 1914 1915 1906 
1488 1906 1915 1916 1907 
1489 1907 1916 1917 1908 
1490 1908 1917 199 198 
1491 112 4 209 1909 
1492 1909 209 210 1910 
1493 1910 210 211 1911 
1494 1911 211 212 1912 
1495 1912 212 213 1913 
1496 1913 213 214 1914 
1497 1914 214 215 1915 
1498 1915 215 216 1916 
1499 1916 216 217 1917 
1500 1917 217 6 199 
2 3 3 1000
1501 5 151 1918 267 
1502 267 1918 1919 268 
1503 268 1919 1920 269 
1504 269 1920 1921 270 
1505 270 1921 1922 271 
1506 271 1922 1923 272 
1507 272 1923 1924 273 
1508 273 1924 1925 274 
1509 274 1925 1926 275 
1510 275 1926 1927 276 
1511 276 1927 1928 277 
1512 277 1928 1929 278 
1513 278 1929 1930 279 
1514 279 1930 1931 280 
1515 280 1931 1932 281 
1516 281 1932 1933 282 
1517 282 1933 1934 283 
1518 283 1934 1935 284 
1519 284 1935 1936 285 
1520 285 1936 218 7 
1521 151 152 1937 1918 
1522 1918 1937 1938 1919 
1523 1919 1938 1939 1920 
1524 1920 1939 1940 1921 
1525 1921 1940 1941 1922 
1526 1922 1941 1942 1923 
1527 1923 1942 1943 1924 
1528 1924 1943 1944 1925 
1529 1925 1944 1945 1926 
1530 1926 1945 1946 1927 
1531 1927 1946 1947 1928 
1532 1928 1947 1948 1929 
1533 1929 1948 1949 1930 
1534 1930 1949 1950 1931 
1535 1931 1950 1951 1932 
1536 1932 1951 1952 1933 
1537 1933 1952 1953 1934 
1538 1934 1953 1954 1935 
1539 1935 1954 1955 1936 
1540 1936 1955 219 218 
1541 152 153 1956 1937 
1542 1937 1956 1957 1938 
1543 1938 1957 1958 1939 
1544 1939 1958 1959 1940 
1545 1940 1959 1960 1941 
1546 1941 1960 1961 1942 
1547 1942 1961 1962 1943 
1548 1943 1962 1963 1944 
1549 1944 1963 1964 1945 
1550 1945 1964 1965 1946 
1551 1946 1965 1966 1947 
1552 1947 1966 1967 1948 
1553 1948 1967 1968 1949 
1554 1949 1968 1969 1950 
1555 1950 1969 1970 1951 
1556 1951 1970 1971 1952 
1557 1952 1971 1972 1953 
1558 1953 1972 1973 1954 
1559 1954 1973 1974 1955 
1560 1955 1974 220 219 
1561 153 154 1975 1956 
1562 1956 1975 1976 1957 
1563 1957 1976 1977 1958 
1564 1958 1977 1978 1959 
1565 1959 1978 1979 1960 
1566 1960 1979 1980 1961 
1567 1961 1980 1981 1962 
1568 1962 1981 1982 1963 
1569 1963 1982 1983 1964 
1570 1964 1983 1984 1965 
1571 1965 1984 1985 1966 
1572 1966 1985 1986 1967 
1573 1967 1986 1987 1968 
1574 1968 1987 1988 1969 
1575 1969 1988 1989 1970 
1576 1970 1989 1990 1971 
1577 1971 1990 1991 1972 
1578 1972 1991 1992 1973 
1579 1973 1992 1993 1974 
1580 1974 1993 221 220 
1581 154 155 1994 1975 
1582 1975 1994 1995 1976 
1583 1976 1995 1996 1977 
1584 1977 1996 1997 1978 
1585 1978 1997 1998 1979 
1586 1979 1998 1999 1980 
1587 1980 1999 2000 1981 
1588 1981 2000 2001 1982 
1589 1982 2001 2002 1983 
1590 1983 2002 2003 1984 
1591 1984 2003 2004 1985 
1592 1985 2004 2005 1986 
1593 1986 2005 2006 1987 
1594 1987 2006 2007 1988 
1595 1988 2007 2008 1989 
1596 1989 2008 2009 1990 
1597 1990 2009 2010 1991 
1598 1991 2010 2011 1992 
1599 1992 2011 2012 1993 
1600 1993 2012 222 221 
1601 155 156 2013 1994 
1602 1994 2013 2014 1995 
1603 1995 2014 2015 1996 
1604 1996 2015 2016 1997 
1605 1997 2016 2017 1998 
1606 1998 2017 2018 1999 
1607 1999 2018 2019 2000 
1608 2000 2019 2020 2001 
1609 2001 2020 2021 2002 
1610 2002 2021 2022 2003 
1611 2003 2022 2023 2004 
1612 2004 2023 2024 2005 
1613 2005 2024 2025 2006 
1614 2006 2025 2026 2007 
1615 2007 2026 2027 2008 
1616 2008 2027 2028 2009 
1617 2009 2028 2029 2010 
1618 2010 2029 2030 2011 
1619 2011 2030 2031 2012 
1620 2012 2031 223 222 
1621 156 157 2032 2013 
1622 2013 2032 2033 2014 
1623 2014 2033 2034 2015 
1624 2015 2034 2035 2016 
1625 2016 2035 2036 2017 
1626 2017 2036 2037 2018 
1627 2018 2037 2038 2019 
1628 2019 2038 2039 2020 
1629 2020 2039 2040 2021 
1630 2021 2040 2041 2022 
1631 2022 2041 2042 2023 
1632 2023 2042 2043 2024 
1633 2024 2043 2044 2025 
1634 2025 2044 2045 2026 
1635 2026 2045 2046 2027 
1636 2027 2046 2047 2028 
1637 2028 2047 2048 2029 
1638 2029 2048 2049 2030 
1639 2030 2049 2050 2031 
1640 2031 2050 224 223 
1641 157 158 2051 2032 
1642 2032 2051 2052 2033 
1643 2033 2052 2053 2034 
1644 2034 2053 2054 2035 
1645 2035 2054 2055 2036 
1646 2036 2055 2056 2037 
1647 2037 2056 2057 2038 
1648 2038 2057 2058 2039 
1649 2039 2058 2059 2040 
1650 2040 2059 2060 2041 
1651 2041 2060 2061 2042 
1652 2042 2061 2062 2043 
1653 2043 2062 2063 2044 
1654 2044 2063 2064 2045 
1655 2045 2064 2065 2046 
1656 2046 2065 2066 2047 
1657 2047 2066 2067 2048 
1658 2048 2067 2068 2049 
1659 2049 2068 2069 2050 
1660 2050 2069 225 224 
1661 158 159 2070 2051 
1662 2051 2070 2071 2052 
1663 2052 2071 2072 2053 
1664 2053 2072 2073 2054 
1665 2054 2073 2074 2055 
1666 2055 2074 2075 2056 
1667 2056 2075 2076 2057 
1668 2057 2076 2077 2058 
1669 2058 2077 2078 2059 
1670 2059 2078 2079 2060 
1671 2060 2079 2080 2061 
1672 2061 2080 2081 2062 
1673 2062 2081 2082 2063 
1674 2063 2082 2083 2064 
1675 2064 2083 2084 2065 
1676 2065 2084 2085 2066 
1677 2066 2085 2086 2067 
1678 2067 2086 2087 2068 
1679 2068 2087 2088 2069 
1680 2069 2088 226 225 
1681 159 160 2089 2070 
1682 2070 2089 2090 2071 
1683 2071 2090 2091 2072 
1684 2072 2091 2092 2073 
1685 2073 2092 2093 2074 
1686 2074 2093 2094 2075 
1687 2075 2094 2095 2076 
1688 2076 2095 2096 2077 
1689 2077 2096 2097 2078 
1690 2078 2097 2098 2079 
1691 2079 2098 2099 2080 
1692 2080 2099 2100 2081 
1693 2081 2100 2101 2082 
1694 2082 2101 2102 2083 
1695 2083 2102 2103 2084 
1696 2084 2103 2104 2085 
1697 2085 2104 2105 2086 
1698 2086 2105 2106 2087 
1699 2087 2106 2107 2088 
1700 2088 2107 227 226 
1701 160 161 2108 2089 
1702 2089 2108 2109 2090 
1703 2090 2109 2110 2091 
1704 2091 2110 2111 2092 
1705 2092 2111 2112 2093 
1706 2093 2112 2113 2094 
1707 2094 2113 2114 2095 
1708 2095 2114 2115 2096 
1709 2096 2115 2116 2097 
1710 2097 2116 2117 2098 
1711 2098 2117 2118 2099 
1712 2099 2118 2119 2100 
1713 2100 2119 2120 2101 
1714 2101 2120 2121 2102 
1715 2102 2121 2122 2103 
1716 2103 2122 2123 2104 
1717 2104 2123 2124 2105 
1718 2105 2124 2125 2106 
1719 2106 2125 2126 2107 
1720 2107 2126 228 227 
1721 161 162 2127 2108 
1722 2108 2127 2128 2109 
1723 2109 2128 2129 2110 
1724 2110 2129 2130 2111 
1725 2111 2130 2131 2112 
1726 2112 2131 2132 2113 
1727 2113 2132 2133 2114 
1728 2114 2133 2134 2115 
1729 2115 2134 2135 2116 
1730 2116 2135 2136 2117 
1731 2117 2136 2137 2118 
1732 2118 2137 2138 2119 
1733 2119 2138 2139 2120 
1734 2120 2139 2140 2121 
1735 2121 2140 2141 2122 
1736 2122 2141 2142 2123 
1737 2123 2142 2143 2124 
1738 2124 2143 2144 2125 
1739 2125 2144 2145 2126 
1740 2126 2145 229 228 
1741 162 163 2146 2127 
1742 2127 2146 2147 2128 
1743 2128 2147 2148 2129 
1744 2129 2148 2149 2130 
1745 2130 2149 2150 2131 
1746 2131 2150 2151 2132 
1747 2132 2151 2152 2133 
1748 2133 2152 2153 2134 
1749 2134 2153 2154 2135 
1750 2135 2154 2155 2136 
1751 2136 2155 2156 2137 
1752 2137 2156 2157 2138 
1753 2138 2157 2158 2139 
1754 2139 2158 2159 2140 
1755 2140 2159 2160 2141 
1756 2141 2160 2161 2142 
1757 2142 2161 2162 2143 
1758 2143 2162 2163 2144 
1759 2144 2163 2164 2145 
1760 2145 2164 230 229 
1761 163 164 2165 2146 
1762 2146 2165 2166 2147 
1763 2147 2166 2167 2148 
1764 2148 2167 2168 2149 
1765 2149 2168 2169 2150 
1766 2150 2169 2170 2151 
1767 2151 2170 2171 2152 
1768 2152 2171 2172 2153 
1769 2153 2172 2173 2154 
1770 2154 2173 2174 2155 
1771 2155 2174 2175 2156 
1772 2156 2175 2176 2157 
1773 2157 2176 2177 2158 
1774 2158 2177 2178 2159 
1775 2159 2178 2179 2160 
1776 2160 2179 2180 2161 
1777 2161 2180 2181 2162 
1778 2162 2181 2182 2163 
1779 2163 2182 2183 2164 
1780 2164 2183 231 230 
1781 164 165 2184 2165 
1782 2165 2184 2185 2166 
1783 2166 2185 2186 2167 
1784 2167 2186 2187 2168 
1785 2168 2187 2188 2169 
1786 2169 2188 2189 2170 
1787 2170 2189 2190 2171 
1788 2171 2190 2191 2172 
1789 2172 2191 2192 2173 
1790 2173 2192 2193 2174 
1791 2174 2193 2194 2175 
1792 2175 2194 2195 2176 
1793 2176 2195 2196 2177 
1794 2177 2196 2197 2178 
1795 2178 2197 2198 2179 
1796 2179 2198 2199 2180 
1797 2180 2199 2200 2181 
1798 2181 2200 2201 2182 
1799 2182 2201 2202 2183 
1800 2183 2202 232 231 
1801 165 166 2203 2184 
1802 2184 2203 2204 2185 
1803 2185 2204 2205 2186 
1804 2186 2205 2206 2187 
1805 2187 2206 2207 2188 
1806 2188 2207 2208 2189 
1807 2189 2208 2209 2190 
1808 2190 2209 2210 2191 
1809 2191 2210 2211 2192 
1810 2192 2211 2212 2193 
1811 2193 2212 2213 2194 
1812 2194 2213 2214 2195 
1813 2195 2214 2215 2196 
1814 2196 2215 2216 2197 
1815 2197 2216 2217 2198 
1816 2198 2217 2218 2199 
1817 2199 2218 2219 2200 
1818 2200 2219 2220 2201 
1819 2201 2220 2221 2202 
1820 2202 2221 233 232 
1821 166 167 2222 2203 
1822 2203 2222 2223 2204 
1823 2204 2223 2224 2205 
1824 2205 2224 2225 2206 
1825 2206 2225 2226 2207 
1826 2207 2226 2227 2208 
1827 2208 2227 2228 2209 
1828 2209 2228 2229 2210 
1829 2210 2229 2230 2211 
1830 2211 2230 2231 2212 
1831 2212 2231 2232 2213 
1832 2213 2232 2233 2214 
1833 2214 2233 2234 2215 
1834 2215 2234 2235 2216 
1835 2216 2235 2236 2217 
1836 2217 2236 2237 2218 
1837 2218 2237 2238 2219 
1838 2219 2238 2239 2220 
1839 2220 2239 2240 2221 
1840 2221 2240 234 233 
1841 167 168 2241 2222 
1842 2222 2241 2242 2223 
1843 2223 2242 2243 2224 
1844 2224 2243 2244 2225 
1845 2225 2244 2245 2226 
1846 2226 2245 2246 2227 
1847 2227 2246 2247 2228 
1848 2228 2247 2248 2229 
1849 2229 2248 2249 2230 
1850 2230 2249 2250 2231 
1851 2231 2250 2251 2232 
1852 2232 2251 2252 2233 
1853 2233 2252 2253 2234 
1854 2234 2253 2254 2235 
1855 2235 2254 2255 2236 
1856 2236 2255 2256 2237 
1857 2237 2256 2257 2238 
1858 2238 2257 2258 2239 
1859 2239 2258 2259 2240 
1860 2240 2259 235 234 
1861 168 169 2260 2241 
1862 2241 2260 2261 2242 
1863 2242 2261 2262 2243 
1864 2243 2262 2263 2244 
1865 2244 2263 2264 2245 
1866 2245 2264 2265 2246 
1867 2246 2265 2266 2247 
1868 2247 2266 2267 2248 
1869 2248 2267 2268 2249 
1870 2249 2268 2269 2250 
1871 2250 2269 2270 2251 
1872 2251 2270 2271 2252 
1873 2252 2271 2272 2253 
1874 2253 2272 2273 2254 
1875 2254 2273 2274 2255 
1876 2255 2274 2275 2256 
1877 2256 2275 2276 2257 
1878 2257 2276 2277 2258 
1879 2258 2277 2278 2259 
1880 2259 2278 236 235 
1881 169 170 2279 2260 
1882 2260 2279 2280 2261 
1883 2261 2280 2281 2262 
1884 2262 2281 2282 2263 
1885 2263 2282 2283 2264 
1886 2264 2283 2284 2265 
1887 2265 2284 2285 2266 
1888 2266 2285 2286 2267 
1889 2267 2286 2287 2268 
1890 2268 2287 2288 2269 
1891 2269 2288 2289 2270 
1892 2270 2289 2290 2271 
1893 2271 2290 2291 2272 
1894 2272 2291 2292 2273 
1895 2273 2292 2293 2274 
1896 2274 2293 2294 2275 
1897 2275 2294 2295 2276 
1898 2276 2295 2296 2277 
1899 2277 2296 2297 2278 
1900 2278 2297 237 236 
1901 170 171 2298 2279 
1902 2279 2298 2299 2280 
1903 2280 2299 2300 2281 
1904 2281 2300 2301 2282 
1905 2282 2301 2302 2283 
1906 2283 2302 2303 2284 
1907 2284 2303 2304 2285 
1908 2285 2304 2305 2286 
1909 2286 2305 2306 2287 
1910 2287 2306 2307 2288 
1911 2288 2307 2308 2289 
1912 2289 2308 2309 2290 
1913 2290 2309 2310 2291 
1914 2291 2310 2311 2292 
1915 2292 2311 2312 2293 
1916 2293 2312 2313 2294 
1917 2294 2313 2314 2295 
1918 2295 2314 2315 2296 
1919 2296 2315 2316 2297 
1920 2297 2316 238 237 
1921 171 172 2317 2298 
1922 2298 2317 2318 2299 
1923 2299 2318 2319 2300 
1924 2300 2319 2320 2301 
1925 2301 2320 2321 2302 
1926 2302 2321 2322 2303 
1927 2303 2322 2323 2304 
1928 2304 2323 2324 2305 
1929 2305 2324 2325 2306 
1930 2306 2325 2326 2307 
1931 2307 2326 2327 2308 
1932 2308 2327 2328 2309 
1933 2309 2328 2329 2310 
1934 2310 2329 2330 2311 
1935 2311 2330 2331 2312 
1936 2312 2331 2332 2313 
1937 2313 2332 2333 2314 
1938 2314 2333 2334 2315 
1939 2315 2334 2335 2316 
1940 2316 2335 239 238 
1941 172 173 2336 2317 
1942 2317 2336 2337 2318 
1943 2318 2337 2338 2319 
1944 2319 2338 2339 2320 
1945 2320 2339 2340 2321 
1946 2321 2340 2341 2322 
1947 2322 2341 2342 2323 
1948 2323 2342 2343 2324 
1949 2324 2343 2344 2325 
1950 2325 2344 2345 2326 
1951 2326 2345 2346 2327 
1952 2327 2346 2347 2328 
1953 2328 2347 2348 2329 
1954 2329 2348 2349 2330 
1955 2330 2349 2350 2331 
1956 2331 2350 2351 2332 
1957 2332 2351 2352 2333 
1958 2333 2352 2353 2334 
1959 2334 2353 2354 2335 
1960 2335 2354 240 239 
1961 173 174 2355 2336 
1962 2336 2355 2356 2337 
1963 2337 2356 2357 2338 
1964 2338 2357 2358 2339 
1965 2339 2358 2359 2340 
1966 2340 2359 2360 2341 
1967 2341 2360 2361 2342 
1968 2342 2361 2362 2343 
1969 2343 2362 2363 2344 
1970 2344 2363 2364 2345 
1971 2345 2364 2365 2346 
1972 2346 2365 2366 2347 
1973 2347 2366 2367 2348 
1974 2348 2367 2368 2349 
1975 2349 2368 2369 2350 
1976 2350 2369 2370 2351 
1977 2351 2370 2371 2352 
1978 2352 2371 2372 2353 
1979 2353 2372 2373 2354 
1980 2354 2373 241 240 
1981 174 175 2374 2355 
1982 2355 2374 2375 2356 
1983 2356 2375 2376 2357 
1984 2357 2376 2377 2358 
1985 2358 2377 2378 2359 
1986 2359 2378 2379 2360 
1987 2360 2379 2380 2361 
1988 2361 2380 2381 2362 
1989 2362 2381 2382 2363 
1990 2363 2382 2383 2364 
1991 2364 2383 2384 2365 
1992 2365 2384 2385 2366 
1993 2366 2385 2386 2367 
1994 2367 2386 2387 2368 
1995 2368 2387 2388 2369 
1996 2369 2388 2389 2370 
1997 2370 2389 2390 2371 
1998 2371 2390 2391 2372 
1999 2372 2391 2392 2373 
2000 2373 2392 242 241 
2001 175 176 2393 2374 
2002 2374 2393 2394 2375 
2003 2375 2394 2395 2376 
2004 2376 2395 2396 2377 
2005 2377 2396 2397 2378 
2006 2378 2397 2398 2379 
2007 2379 2398 2399 2380 
2008 2380 2399 2400 2381 
2009 2381 2400 2401 2382 
2010 2382 2401 2402 2383 
2011 2383 2402 2403 2384 
2012 2384 2403 2404 2385 
2013 2385 2404 2405 2386 
2014 2386 2405 2406 2387 
2015 2387 2406 2407 2388 
2016 2388 2407 2408 2389 
2017 2389 2408 2409 2390 
2018 2390 2409 2410 2391 
2019 2391 2410 2411 2392 
2020 2392 2411 243 242 
2021 176 177 2412 2393 
2022 2393 2412 2413 2394 
2023 2394 2413 2414 2395 
2024 2395 2414 2415 2396 
2025 2396 2415 2416 2397 
2026 2397 2416 2417 2398 
2027 2398 2417 2418 2399 
2028 2399 2418 2419 2400 
2029 2400 2419 2420 2401 
2030 2401 2420 2421 2402 
2031 2402 2421 2422 2403 
2032 2403 2422 2423 2404 
2033 2404 2423 2424 2405 
2034 2405 2424 2425 2406 
2035 2406 2425 2426 2407 
2036 2407 2426 2427 2408 
2037 2408 2427 2428 2409 
2038 2409 2428 2429 2410 
2039 2410 2429 2430 2411 
2040 2411 2430 244 243 
2041 177 178 2431 2412 
2042 2412 2431 2432 2413 
2043 2413 2432 2433 2414 
2044 2414 2433 2434 2415 
2045 2415 2434 2435 2416 
2046 2416 2435 2436 2417 
2047 2417 2436 2437 2418 
2048 2418 2437 2438 2419 
2049 2419 2438 2439 2420 
2050 2420 2439 2440 2421 
2051 2421 2440 2441 2422 
2052 2422 2441 2442 2423 
2053 2423 2442 2443 2424 
2054 2424 2443 2444 2425 
2055 2425 2444 2445 2426 
2056 2426 2445 2446 2427 
2057 2427 2446 2447 2428 
2058 2428 2447 2448 2429 
2059 2429 2448 2449 2430 
2060 2430 2449 245 244 
2061 178 179 2450 2431 
2062 2431 2450 2451 2432 
2063 2432 2451 2452 2433 
2064 2433 2452 2453 2434 
2065 2434 2453 2454 2435 
2066 2435 2454 2455 2436 
2067 2436 2455 2456 2437 
2068 2437 2456 2457 2438 
2069 2438 2457 2458 2439 
2070 2439 2458 2459 2440 
2071 2440 2459 2460 2441 
2072 2441 2460 2461 2442 
2073 2442 2461 2462 2443 
2074 2443 2462 2463 2444 
2075 2444 2463 2464 2445 
2076 2445 2464 2465 2446 
2077 2446 2465 2466 2447 
2078 2447 2466 2467 2448 
2079 2448 2467 2468 2449 
2080 2449 2468 246 245 
2081 179 180 2469 2450 
2082 2450 2469 2470 2451 
2083 2451 2470 2471 2452 
2084 2452 2471 2472 2453 
2085 2453 2472 2473 2454 
2086 2454 2473 2474 2455 
2087 2455 2474 2475 2456 
2088 2456 2475 2476 2457 
2089 2457 2476 2477 2458 
2090 2458 2477 2478 2459 
2091 2459 2478 2479 2460 
2092 2460 2479 2480 2461 
2093 2461 2480 2481 2462 
2094 2462 2481 2482 2463 
2095 2463 2482 2483 2464 
2096 2464 2483 2484 2465 
2097 2465 2484 2485 2466 
2098 2466 2485 2486 2467 
2099 2467 2486 2487 2468 
2100 2468 2487 247 246 
2101 180 181 2488 2469 
2102 2469 2488 2489 2470 
2103 2470 2489 2490 2471 
2104 2471 2490 2491 2472 
2105 2472 2491 2492 2473 
2106 2473 2492 2493 2474 
2107 2474 2493 2494 2475 
2108 2475 2494 2495 2476 
2109 2476 2495 2496 2477 
2110 2477 2496 2497 2478 
2111 2478 2497 2498 2479 
2112 2479 2498 2499 2480 
2113 2480 2499 2500 2481 
2114 2481 2500 2501 2482 
2115 2482 2501 2502 2483 
2116 2483 2502 2503 2484 
2117 2484 2503 2504 2485 
2118 2485 2504 2505 2486 
2119 2486 2505 2506 2487 
2120 2487 2506 248 247 
2121 181 182 2507 2488 
2122 2488 2507 2508 2489 
2123 2489 2508 2509 2490 
2124 2490 2509 2510 2491 
2125 2491 2510 2511 2492 
2126 2492 2511 2512 2493 
2127 2493 2512 2513 2494 
2128 2494 2513 2514 2495 
2129 2495 2514 2515 2496 
2130 2496 2515 2516 2497 
2131 2497 2516 2517 2498 
2132 2498 2517 2518 2499 
2133 2499 2518 2519 2500 
2134 2500 2519 2520 2501 
2135 2501 2520 2521 2502 
2136 2502 2521 2522 2503 
2137 2503 2522 2523 2504 
2138 2504 2523 2524 2505 
2139 2505 2524 2525 2506 
2140 2506 2525 249 248 
2141 182 183 2526 2507 
2142 2507 2526 2527 2508 
2143 2508 2527 2528 2509 
2144 2509 2528 2529 2510 
2145 2510 2529 2530 2511 
2146 2511 2530 2531 2512 
2147 2512 2531 2532 2513 
2148 2513 2532 2533 2514 
2149 2514 2533 2534 2515 
2150 2515 2534 2535 2516 
2151 2516 2535 2536 2517 
2152 2517 2536 2537 2518 
2153 2518 2537 2538 2519 
2154 2519 2538 2539 2520 
2155 2520 2539 2540 2521 
2156 2521 2540 2541 2522 
2157 2522 2541 2542 2523 
2158 2523 2542 2543 2524 
2159 2524 2543 2544 2525 
2160 2525 2544 250 249 
2161 183 184 2545 2526 
2162 2526 2545 2546 2527 
2163 2527 2546 2547 2528 
2164 2528 2547 2548 2529 
2165 2529 2548 2549 2530 
2166 2530 2549 2550 2531 
2167 2531 2550 2551 2532 
2168 2532 2551 2552 2533 
2169 2533 2552 2553 2534 
2170 2534 2553 2554 2535 
2171 2535 2554 2555 2536 
2172 2536 2555 2556 2537 
2173 2537 2556 2557 2538 
2174 2538 2557 2558 2539 
2175 2539 2558 2559 2540 
2176 2540 2559 2560 2541 
2177 2541 2560 2561 2542 
2178 2542 2561 2562 2543 
2179 2543 2562 2563 2544 
2180 2544 2563 251 250 
2181 184 185 2564 2545 
2182 2545 2564 2565 2546 
2183 2546 2565 2566 2547 
2184 2547 2566 2567 2548 
2185 2548 2567 2568 2549 
2186 2549 2568 2569 2550 
2187 2550 2569 2570 2551 
2188 2551 2570 2571 2552 
2189 2552 2571 2572 2553 
2190 2553 2572 2573 2554 
2191 2554 2573 2574 2555 
2192 2555 2574 2575 2556 
2193 2556 2575 2576 2557 
2194 2557 2576 2577 2558 
2195 2558 2577 2578 2559 
2196 2559 2578 2579 2560 
2197 2560 2579 2580 2561 
2198 2561 2580 2581 2562 
2199 2562 2581 2582 2563 
2200 2563 2582 252 251 
2201 185 186 2583 2564 
2202 2564 2583 2584 2565 
2203 2565 2584 2585 2566 
2204 2566 2585 2586 2567 
2205 2567 2586 2587 2568 
2206 2568 2587 2588 2569 
2207 2569 2588 2589 2570 
2208 2570 2589 2590 2571 
2209 2571 2590 2591 2572 
2210 2572 2591 2592 2573 
2211 2573 2592 2593 2574 
2212 2574 2593 2594 2575 
2213 2575 2594 2595 2576 
2214 2576 2595 2596 2577 
2215 2577 2596 2597 2578 
2216 2578 2597 2598 2579 
2217 2579 2598 2599 2580 
2218 2580 2599 2600 2581 
2219 2581 2600 2601 2582 
2220 2582 2601 253 252 
2221 186 187 2602 2583 
2222 2583 2602 2603 2584 
2223 2584 2603 2604 2585 
2224 2585 2604 2605 2586 
2225 2586 2605 2606 2587 
2226 2587 2606 2607 2588 
2227 2588 2607 2608 2589 
2228 2589 2608 2609 2590 
2229 2590 2609 2610 2591 
2230 2591 2610 2611 2592 
2231 2592 2611 2612 2593 
2232 2593 2612 2613 2594 
2233 2594 2613 2614 2595 
2234 2595 2614 2615 2596 
2235 2596 2615 2616 2597 
2236 2597 2616 2617 2598 
2237 2598 2617 2618 2599 
2238 2599 2618 2619 2600 
2239 2600 2619 2620 2601 
2240 2601 2620 254 253 
2241 187 188 2621 2602 
2242 2602 2621 2622 2603 
2243 2603 2622 2623 2604 
2244 2604 2623 2624 2605 
2245 2605 2624 2625 2606 
2246 2606 2625 2626 2607 
2247 2607 2626 2627 2608 
2248 2608 2627 2628 2609 
2249 2609 2628 2629 2610 
2250 2610 2629 2630 2611 
2251 2611 2630 2631 2612 
2252 2612 2631 2632 2613 
2253 2613 2632 2633 2614 
2254 2614 2633 2634 2615 
2255 2615 2634 2635 2616 
2256 2616 2635 2636 2617 
2257 2617 2636 2637 2618 
2258 2618 2637 2638 2619 
2259 2619 2638 2639 2620 
2260 2620 2639 255 254 
2261 188 189 2640 2621 
2262 2621 2640 2641 2622 
2263 2622 2641 2642 2623 
2264 2623 2642 2643 2624 
2265 2624 2643 2644 2625 
2266 2625 2644 2645 2626 
2267 2626 2645 2646 2627 
2268 2627 2646 2647 2628 
2269 2628 2647 2648 2629 
2270 2629 2648 2649 2630 
2271 2630 2649 2650 2631 
2272 2631 2650 2651 2632 
2273 2632 2651 2652 2633 
2274 2633 2652 2653 2634 
2275 2634 2653 2654 2635 
2276 2635 2654 2655 2636 
2277 2636 2655 2656 2637 
2278 2637 2656 2657 2638 
2279 2638 2657 2658 2639 
2280 2639 2658 256 255 
2281 189 190 2659 2640 
2282 2640 2659 2660 2641 
2283 2641 2660 2661 2642 
2284 2642 2661 2662 2643 
2285 2643 2662 2663 2644 
2286 2644 2663 2664 2645 
2287 2645 2664 2665 2646 
2288 2646 2665 2666 2647 
2289 2647 2666 2667 2648 
2290 2648 2667 2668 2649 
2291 2649 2668 2669 2650 
2292 2650 2669 2670 2651 
2293 2651 2670 2671 2652 
2294 2652 2671 2672 2653 
2295 2653 2672 2673 2654 
2296 2654 2673 2674 2655 
2297 2655 2674 2675 2656 
2298 2656 2675 2676 2657 
2299 2657 2676 2677 2658 
2300 2658 2677 257 256 
2301 190 191 2678 2659 
2302 2659 2678 2679 2660 
2303 2660 2679 2680 2661 
2304 2661 2680 2681 2662 
2305 2662 2681 2682 2663 
2306 2663 2682 2683 2664 
2307 2664 2683 2684 2665 
2308 2665 2684 2685 2666 
2309 2666 2685 2686 2667 
2310 2667 2686 2687 2668 
2311 2668 2687 2688 2669 
2312 2669 2688 2689 2670 
2313 2670 2689 2690 2671 
2314 2671 2690 2691 2672 
2315 2672 2691 2692 2673 
2316 2673 2692 2693 2674 
2317 2674 2693 2694 2675 
2318 2675 2694 2695 2676 
2319 2676 2695 2696 2677 
2320 2677 2696 258 257 
2321 191 192 2697 2678 
2322 2678 2697 2698 2679 
2323 2679 2698 2699 2680 
2324 2680 2699 2700 2681 
2325 2681 2700 2701 2682 
2326 2682 2701 2702 2683 
2327 2683 2702 2703 2684 
2328 2684 2703 2704 2685 
2329 2685 2704 2705 2686 
2330 2686 2705 2706 2687 
2331 2687 2706 2707 2688 
2332 2688 2707 2708 2689 
2333 2689 2708 2709 2690 
2334 2690 2709 2710 2691 
2335 2691 2710 2711 2692 
2336 2692 2711 2712 2693 
2337 2693 2712 2713 2694 
2338 2694 2713 2714 2695 
2339 2695 2714 2715 2696 
2340 2696 2715 259 258 
2341 192 193 2716 2697 
2342 2697 2716 2717 2698 
2343 2698 2717 2718 2699 
2344 2699 2718 2719 2700 
2345 2700 2719 2720 2701 
2346 2701 2720 2721 2702 
2347 2702 2721 2722 2703 
2348 2703 2722 2723 2704 
2349 2704 2723 2724 2705 
2350 2705 2724 2725 2706 
2351 2706 2725 2726 2707 
2352 2707 2726 2727 2708 
2353 2708 2727 2728 2709 
2354 2709 2728 2729 2710 
2355 2710 2729 2730 2711 
2356 2711 2730 2731 2712 
2357 2712 2731 2732 2713 
2358 2713 2732 2733 2714 
2359 2714 2733 2734 2715 
2360 2715 2734 260 259 
2361 193 194 2735 2716 
2362 2716 2735 2736 2717 
2363 2717 2736 2737 2718 
2364 2718 2737 2738 2719 
2365 2719 2738 2739 2720 
2366 2720 2739 2740 2721 
2367 2721 2740 2741 2722 
2368 2722 2741 2742 2723 
2369 2723 2742 2743 2724 
2370 2724 2743 2744 2725 
2371 2725 2744 2745 2726 
2372 2726 2745 2746 2727 
2373 2727 2746 2747 2728 
2374 2728 2747 2748 2729 
2375 2729 2748 2749 2730 
2376 2730 2749 2750 2731 
2377 2731 2750 2751 2732 
2378 2732 2751 2752 2733 
2379 2733 2752 2753 2734 
2380 2734 2753 261 260 
2381 194 195 2754 2735 
2382 2735 2754 2755 2736 
2383 2736 2755 2756 2737 
2384 2737 2756 2757 2738 
2385 2738 2757 2758 2739 
2386 2739 2758 2759 2740 
2387 2740 2759 2760 2741 
2388 2741 2760 2761 2742 
2389 2742 2761 2762 2743 
2390 2743 2762 2763 2744 
2391 2744 2763 2764 2745 
2392 2745 2764 2765 2746 
2393 2746 2765 2766 2747 
2394 2747 2766 2767 2748 
2395 2748 2767 2768 2749 
2396 2749 2768 2769 2750 
2397 2750 2769 2770 2751 
2398 2751 2770 2771 2752 
2399 2752 2771 2772 2753 
2400 2753 2772 262 261 
2401 195 196 2773 2754 
2402 2754 2773 2774 2755 
2403 2755 2774 2775 2756 
2404 2756 2775 2776 2757 
2405 2757 2776 2777 2758 
2406 2758 2777 2778 2759 
2407 2759 2778 2779 2760 
2408 2760 2779 2780 2761 
2409 2761 2780 2781 2762 
2410 2762 2781 2782 2763 
2411 2763 2782 2783 2764 
2412 2764 2783 2784 2765 
2413 2765 2784 2785 2766 
2414 2766 2785 2786 2767 
2415 2767 2786 2787 2768 
2416 2768 2787 2788 2769 
2417 2769 2788 2789 2770 
2418 2770 2789 2790 2771 
2419 2771 2790 2791 2772 
2420 2772 2791 263 262 
2421 196 197 2792 2773 
2422 2773 2792 2793 2774 
2423 2774 2793 2794 2775 
2424 2775 2794 2795 2776 
2425 2776 2795 2796 2777 
2426 2777 2796 2797 2778 
2427 2778 2797 2798 2779 
2428 2779 2798 2799 2780 
2429 2780 2799 2800 2781 
2430 2781 2800 2801 2782 
2431 2782 2801 2802 2783 
2432 2783 2802 2803 2784 
2433 2784 2803 2804 2785 
2434 2785 2804 2805 2786 
2435 2786 2805 2806 2787 
2436 2787 2806 2807 2788 
2437 2788 2807 2808 2789 
2438 2789 2808 2809 2790 
2439 2790 2809 2810 2791 
2440 2791 2810 264 263 
2441 197 198 2811 2792 
2442 2792 2811 2812 2793 
2443 2793 2812 2813 2794 
2444 2794 2813 2814 2795 
2445 2795 2814 2815 2796 
2446 2796 2815 2816 2797 
2447 2797 2816 2817 2798 
2448 2798 2817 2818 2799 
2449 2799 2818 2819 2800 
2450 2800 2819 2820 2801 
2451 2801 2820 2821 2802 
2452 2802 2821 2822 2803 
2453 2803 2822 2823 2804 
2454 2804 2823 2824 2805 
2455 2805 2824 2825 2806 
2456 2806 2825 2826 2807 
2457 2807 2826 2827 2808 
2458 2808 2827 2828 2809 
2459 2809 2828 2829 2810 
2460 2810 2829 265 264 
2461 198 199 2830 2811 
2462 2811 2830 2831 2812 
2463 2812 2831 2832 2813 
2464 2813 2832 2833 2814 
2465 2814 2833 2834 2815 
2466 2815 2834 2835 2816 
2467 2816 2835 2836 2817 
2468 2817 2836 2837 2818 
2469 2818 2837 2838 2819 
2470 2819 2838 2839 2820 
2471 2820 2839 2840 2821 
2472 2821 2840 2841 2822 
2473 2822 2841 2842 2823 
2474 2823 2842 2843 2824 
2475 2824 2843 2844 2825 
2476 2825 2844 2845 2826 
2477 2826 2845 2846 2827 
2478 2827 2846 2847 2828 
2479 2828 2847 2848 2829 
2480 2829 2848 266 265 
2481 199 6 286 2830 
2482 2830 286 287 2831 
2483 2831 287 288 2832 
2484 2832 288 289 2833 
2485 2833 289 290 2834 
2486 2834 290 291 2835 
2487 2835 291 292 2836 
2488 2836 292 293 2837 
2489 2837 293 294 2838 
2490 2838 294 295 2839 
2491 2839 295 296 2840 
2492 2840 296 297 2841 
2493 2841 297 298 2842 
2494 2842 298 299 2843 
2495 2843 299 300 2844 
2496 2844 300 301 2845 
2497 2845 301 302 2846 
2498 2846 302 303 2847 
2499 2847 303 304 2848 
2500 2848 304 8 266 
2 4 3 1000
2501 1 15 2849 354 
2502 354 2849 2850 355 
2503 355 2850 2851 356 
2504 356 2851 2852 357 
2505 357 2852 2853 358 
2506 358 2853 2854 359 
2507 359 2854 2855 360 
2508 360 2855 2856 361 
2509 361 2856 2857 362 
2510 362 2857 2858 363 
2511 363 2858 2859 364 
2512 364 2859 2860 365 
2513 365 2860 2861 366 
2514 366 2861 2862 367 
2515 367 2862 2863 368 
2516 368 2863 2864 369 
2517 369 2864 2865 370 
2518 370 2865 2866 371 
2519 371 2866 2867 372 
2520 372 2867 305 9 
2521 15 16 2868 2849 
2522 2849 2868 2869 2850 
2523 2850 2869 2870 2851 
2524 2851 2870 2871 2852 
2525 2852 2871 2872 2853 
2526 2853 2872 2873 2854 
2527 2854 2873 2874 2855 
2528 2855 2874 2875 2856 
2529 2856 2875 2876 2857 
2530 2857 2876 2877 2858 
2531 2858 2877 2878 2859 
2532 2859 2878 2879 2860 
2533 2860 2879 2880 2861 
2534 2861 2880 2881 2862 
2535 2862 2881 2882 2863 
2536 2863 2882 2883 2864 
2537 2864 2883 2884 2865 
2538 2865 2884 2885 2866 
2539 2866 2885 2886 2867 
2540 2867 2886 306 305 
2541 16 17 2887 2868 
2542 2868 2887 2888 2869 
2543 2869 2888 2889 2870 
2544 2870 2889 2890 2871 
2545 2871 2890 2891 2872 
2546 2872 2891 2892 2873 
2547 2873 2892 2893 2874 
2548 2874 2893 2894 2875 
2549 2875 2894 2895 2876 
2550 2876 2895 2896 2877 
2551 2877 2896 2897 2878 
2552 2878 2897 2898 2879 
2553 2879 2898 2899 2880 
2554 2880 2899 2900 2881 
2555 2881 2900 2901 2882 
2556 2882 2901 2902 2883 
2557 2883 2902 2903 2884 
2558 2884 2903 2904 2885 
2559 2885 2904 2905 2886 
2560 2886 2905 307 306 
2561 17 18 2906 2887 
2562 2887 2906 2907 2888 
2563 2888 2907 2908 2889 
2564 2889 2908 2909 2890 
2565 2890 2909 2910 2891 
2566 2891 2910 2911 2892 
2567 2892 2911 2912 2893 
2568 2893 2912 2913 2894 
2569 2894 2913 2914 2895 
2570 2895 2914 2915 2896 
2571 2896 2915 2916 2897 
2572 2897 2916 2917 2898 
2573 2898 2917 2918 2899 
2574 2899 2918 2919 2900 
2575 2900 2919 2920 2901 
2576 2901 2920 2921 2902 
2577 2902 2921 2922 2903 
2578 2903 2922 2923 2904 
2579 2904 2923 2924 2905 
2580 2905 2924 308 307 
2581 18 19 2925 2906 
2582 2906 2925 2926 2907 
2583 2907 2926 2927 2908 
2584 2908 2927 2928 2909 
2585 2909 2928 2929 2910 
2586 2910 2929 2930 2911 
2587 2911 2930 2931 2912 
2588 2912 2931 2932 2913 
2589 2913 2932 2933 2914 
2590 2914 2933 2934 2915 
2591 2915 2934 2935 2916 
2592 2916 2935 2936 2917 
2593 2917 2936 2937 2918 
2594 2918 2937 2938 2919 
2595 2919 2938 2939 2920 
2596 2920 2939 2940 2921 
2597 2921 2940 2941 2922 
2598 2922 2941 2942 2923 
2599 2923 2942 2943 2924 
2600 2924 2943 309 308 
2601 19 20 2944 2925 
2602 2925 2944 2945 2926 
2603 2926 2945 2946 2927 
2604 2927 2946 2947 2928 
2605 2928 2947 2948 2929 
2606 2929 2948 2949 2930 
2607 2930 2949 2950 2931 
2608 2931 2950 2951 2932 
2609 2932 2951 2952 2933 
2610 2933 2952 2953 2934 
2611 2934 2953 2954 2935 
2612 2935 2954 2955 2936 
2613 2936 2955 2956 2937 
2614 2937 2956 2957 2938 
2615 2938 2957 2958 2939 
2616 2939 2958 2959 2940 
2617 2940 2959 2960 2941 
2618 2941 2960 2961 2942 
2619 2942 2961 2962 2943 
2620 2943 2962 310 309 
2621 20 21 2963 2944 
2622 2944 2963 2964 2945 
2623 2945 2964 2965 2946 
2624 2946 2965 2966 2947 
2625 2947 2966 2967 2948 
2626 2948 2967 2968 2949 
2627 2949 2968 2969 2950 
2628 2950 2969 2970 2951 
2629 2951 2970 2971 2952 
2630 2952 2971 2972 2953 
2631 2953 2972 2973 2954 
2632 2954 2973 2974 2955 
2633 2955 2974 2975 2956 
2634 2956 2975 2976 2957 
2635 2957 2976 2977 2958 
2636 2958 2977 2978 2959 
2637 2959 2978 2979 2960 
2638 2960 2979 2980 2961 
2639 2961 2980 2981 2962 
2640 2962 2981 311 310 
2641 21 22 2982 2963 
2642 2963 2982 2983 2964 
2643 2964 2983 2984 2965 
2644 2965 2984 2985 2966 
2645 2966 2985 2986 2967 
2646 2967 2986 2987 2968 
2647 2968 2987 2988 2969 
2648 2969 2988 2989 2970 
2649 2970 2989 2990 2971 
2650 2971 2990 2991 2972 
2651 2972 2991 2992 2973 
2652 2973 2992 2993 2974 
2653 2974 2993 2994 2975 
2654 2975 2994 2995 2976 
2655 2976 2995 2996 2977 
2656 2977 2996 2997 2978 
2657 2978 2997 2998 2979 
2658 2979 2998 2999 2980 
2659 2980 2999 3000 2981 
2660 2981 3000 312 311 
2661 22 23 3001 2982 
2662 2982 3001 3002 2983 
2663 2983 3002 3003 2984 
2664 2984 3003 3004 2985 
2665 2985 3004 3005 2986 
2666 2986 3005 3006 2987 
2667 2987 3006 3007 2988 
2668 2988 3007 3008 2989 
2669 2989 3008 3009 2990 
2670 2990 3009 3010 2991 
2671 2991 3010 3011 2992 
2672 2992 3011 3012 2993 
2673 2993 3012 3013 2994 
2674 2994 3013 3014 2995 
2675 2995 3014 3015 2996 
2676 2996 3015 3016 2997 
2677 2997 3016 3017 2998 
2678 2998 3017 3018 2999 
2679 2999 3018 3019 3000 
2680 3000 3019 313 312 
2681 23 24 3020 3001 
2682 3001 3020 3021 3002 
2683 3002 3021 3022 3003 
2684 3003 3022 3023 3004 
2685 3004 3023 3024 3005 
2686 3005 3024 3025 3006 
2687 3006 3025 3026 3007 
2688 3007 3026 3027 3008 
2689 3008 3027 3028 3009 
2690 3009 3028 3029 3010 
2691 3010 3029 3030 3011 
2692 3011 3030 3031 3012 
2693 3012 3031 3032 3013 
2694 3013 3032 3033 3014 
2695 3014 3033 3034 3015 
2696 3015 3034 3035 3016 
2697 3016 3035 3036 3017 
2698 3017 3036 3037 3018 
2699 3018 3037 3038 3019 
2700 3019 3038 314 313 
2701 24 25 3039 3020 
2702 3020 3039 3040 3021 
2703 3021 3040 3041 3022 
2704 3022 3041 3042 3023 
2705 3023 3042 3043 3024 
2706 3024 3043 3044 3025 
2707 3025 3044 3045 3026 
2708 3026 3045 3046 3027 
2709 3027 3046 3047 3028 
2710 3028 3047 3048 3029 
2711 3029 3048 3049 3030 
2712 3030 3049 3050 3031 
2713 3031 3050 3051 3032 
2714 3032 3051 3052 3033 
2715 3033 3052 3053 3034 
2716 3034 3053 3054 3035 
2717 3035 3054 3055 3036 
2718 3036 3055 3056 3037 
2719 3037 3056 3057 3038 
2720 3038 3057 315 314 
2721 25 26 3058 3039 
2722 3039 3058 3059 3040 
2723 3040 3059 3060 3041 
2724 3041 3060 3061 3042 
2725 3042 3061 3062 3043 
2726 3043 3062 3063 3044 
2727 3044 3063 3064 3045 
2728 3045 3064 3065 3046 
2729 3046 3065 3066 3047 
2730 3047 3066 3067 3048 
2731 3048 3067 3068 3049 
2732 3049 3068 3069 3050 
2733 3050 3069 3070 3051 
2734 3051 3070 3071 3052 
2735 3052 3071 3072 3053 
2736 3053 3072 3073 3054 
2737 3054 3073 3074 3055 
2738 3055 3074 3075 3056 
2739 3056 3075 3076 3057 
2740 3057 3076 316 315 
2741 26 27 3077 3058 
2742 3058 3077 3078 3059 
2743 3059 3078 3079 3060 
2744 3060 3079 3080 3061 
2745 3061 3080 3081 3062 
2746 3062 3081 3082 3063 
2747 3063 3082 3083 3064 
2748 3064 3083 3084 3065 
2749 3065 3084 3085 3066 
2750 3066 3085 3086 3067 
2751 3067 3086 3087 3068 
2752 3068 3087 3088 3069 
2753 3069 3088 3089 3070 
2754 3070 3089 3090 3071 
2755 3071 3090 3091 3072 
2756 3072 3091 3092 3073 
2757 3073 3092 3093 3074 
2758 3074 3093 3094 3075 
2759 3075 3094 3095 3076 
2760 3076 3095 317 316 
2761 27 28 3096 3077 
2762 3077 3096 3097 3078 
2763 3078 3097 3098 3079 
2764 3079 3098 3099 3080 
2765 3080 3099 3100 3081 
2766 3081 3100 3101 3082 
2767 3082 3101 3102 3083 
2768 3083 3102 3103 3084 
2769 3084 3103 3104 3085 
2770 3085 3104 3105 3086 
2771 3086 3105 3106 3087 
2772 3087 3106 3107 3088 
2773 3088 3107 3108 3089 
2774 3089 3108 3109 3090 
2775 3090 3109 3110 3091 
2776 3091 3110 3111 3092 
2777 3092 3111 3112 3093 
2778 3093 3112 3113 3094 
2779 3094 3113 3114 3095 
2780 3095 3114 318 317 
2781 28 29 3115 3096 
2782 3096 3115 3116 3097 
2783 3097 3116 3117 3098 
2784 3098 3117 3118 3099 
2785 3099 3118 3119 3100 
2786 3100 3119 3120 3101 
2787 3101 3120 3121 3102 
2788 3102 3121 3122 3103 
2789 3103 3122 3123 3104 
2790 3104 3123 3124 3105 
2791 3105 3124 3125 3106 
2792 3106 3125 3126 3107 
2793 3107 3126 3127 3108 
2794 3108 3127 3128 3109 
2795 3109 3128 3129 3110 
2796 3110 3129 3130 3111 
2797 3111 3130 3131 3112 
2798 3112 3131 3132 3113 
2799 3113 3132 3133 3114 
2800 3114 3133 319 318 
2801 29 30 3134 3115 
2802 3115 3134 3135 3116 
2803 3116 3135 3136 3117 
2804 3117 3136 3137 3118 
2805 3118 3137 3138 3119 
2806 3119 3138 3139 3120 
2807 3120 3139 3140 3121 
2808 3121 3140 3141 3122 
2809 3122 3141 3142 3123 
2810 3123 3142 3143 3124 
2811 3124 3143 3144 3125 
2812 3125 3144 3145 3126 
2813 3126 3145 3146 3127 
2814 3127 3146 3147 3128 
2815 3128 3147 3148 3129 
2816 3129 3148 3149 3130 
2817 3130 3149 3150 3131 
2818 3131 3150 3151 3132 
2819 3132 3151 3152 3133 
2820 3133 3152 320 319 
2821 30 31 3153 3134 
2822 3134 3153 3154 3135 
2823 3135 3154 3155 3136 
2824 3136 3155 3156 3137 
2825 3137 3156 3157 3138 
2826 3138 3157 3158 3139 
2827 3139 3158 3159 3140 
2828 3140 3159 3160 3141 
2829 3141 3160 3161 3142 
2830 3142 3161 3162 3143 
2831 3143 3162 3163 3144 
2832 3144 3163 3164 3145 
2833 3145 3164 3165 3146 
2834 3146 3165 3166 3147 
2835 3147 3166 3167 3148 
2836 3148 3167 3168 3149 
2837 3149 3168 3169 3150 
2838 3150 3169 3170 3151 
2839 3151 3170 3171 3152 
2840 3152 3171 321 320 
2841 31 32 3172 3153 
2842 3153 3172 3173 3154 
2843 3154 3173 3174 3155 
2844 3155 3174 3175 3156 
2845 3156 3175 3176 3157 
2846 3157 3176 3177 3158 
2847 3158 3177 3178 3159 
2848 3159 3178 3179 3160 
2849 3160 3179 3180 3161 
2850 3161 3180 3181 3162 
2851 3162 3181 3182 3163 
2852 3163 3182 3183 3164 
2853 3164 3183 3184 3165 
2854 3165 3184 3185 3166 
2855 3166 3185 3186 3167 
2856 3167 3186 3187 3168 
2857 3168 3187 3188 3169 
2858 3169 3188 3189 3170 
2859 3170 3189 3190 3171 
2860 3171 3190 322 321 
2861 32 33 3191 3172 
2862 3172 3191 3192 3173 
2863 3173 3192 3193 3174 
2864 3174 3193 3194 3175 
2865 3175 3194 3195 3176 
2866 3176 3195 3196 3177 
2867 3177 3196 3197 3178 
2868 3178 3197 3198 3179 
2869 3179 3198 3199 3180 
2870 3180 3199 3200 3181 
2871 3181 3200 3201 3182 
2872 3182 3201 3202 3183 
2873 3183 3202 3203 3184 
2874 3184 3203 3204 3185 
2875 3185 3204 3205 3186 
2876 3186 3205 3206 3187 
2877 3187 3206 3207 3188 
2878 3188 3207 3208 3189 
2879 3189 3208 3209 3190 
2880 3190 3209 323 322 
2881 33 34 3210 3191 
2882 3191 3210 3211 3192 
2883 3192 3211 3212 3193 
2884 3193 3212 3213 3194 
2885 3194 3213 3214 3195 
2886 3195 3214 3215 3196 
2887 3196 3215 3216 3197 
2888 3197 3216 3217 3198 
2889 3198 3217 3218 3199 
2890 3199 3218 3219 3200 
2891 3200 3219 3220 3201 
2892 3201 3220 3221 3202 
2893 3202 3221 3222 3203 
2894 3203 3222 3223 3204 
2895 3204 3223 3224 3205 
2896 3205 3224 3225 3206 
2897 3206 3225 3226 3207 
2898 3207 3226 3227 3208 
2899 3208 3227 3228 3209 
2900 3209 3228 324 323 
2901 34 35 3229 3210 
2902 3210 3229 3230 3211 
2903 3211 3230 3231 3212 
2904 3212 3231 3232 3213 
2905 3213 3232 3233 3214 
2906 3214 3233 3234 3215 
2907 3215 3234 3235 3216 
2908 3216 3235 3236 3217 
2909 3217 3236 3237 3218 
2910 3218 3237 3238 3219 
2911 3219 3238 3239 3220 
2912 3220 3239 3240 3221 
2913 3221 3240 3241 3222 
2914 3222 3241 3242 3223 
2915 3223 3242 3243 3224 
2916 3224 3243 3244 3225 
2917 3225 3244 3245 3226 
2918 3226 3245 3246 3227 
2919 3227 3246 3247 3228 
2920 3228 3247 325 324 
2921 35 36 3248 3229 
2922 3229 3248 3249 3230 
2923 3230 3249 3250 3231 
2924 3231 3250 3251 3232 
2925 3232 3251 3252 3233 
2926 3233 3252 3253 3234 
2927 3234 3253 3254 3235 
2928 3235 3254 3255 3236 
2929 3236 3255 3256 3237 
2930 3237 3256 3257 3238 
2931 3238 3257 3258 3239 
2932 3239 3258 3259 3240 
2933 3240 3259 3260 3241 
2934 3241 3260 3261 3242 
2935 3242 3261 3262 3243 
2936 3243 3262 3263 3244 
2937 3244 3263 3264 3245 
2938 3245 3264 3265 3246 
2939 3246 3265 3266 3247 
2940 3247 3266 326 325 
2941 36 37 3267 3248 
2942 3248 3267 3268 3249 
2943 3249 3268 3269 3250 
2944 3250 3269 3270 3251 
2945 3251 3270 3271 3252 
2946 3252 3271 3272 3253 
2947 3253 3272 3273 3254 
2948 3254 3273 3274 3255 
2949 3255 3274 3275 3256 
2950 3256 3275 3276 3257 
2951 3257 3276 3277 3258 
2952 3258 3277 3278 3259 
2953 3259 3278 3279 3260 
2954 3260 3279 3280 3261 
2955 3261 3280 3281 3262 
2956 3262 3281 3282 3263 
2957 3263 3282 3283 3264 
2958 3264 3283 3284 3265 
2959 3265 3284 3285 3266 
2960 3266 3285 327 326 
2961 37 38 3286 3267 
2962 3267 3286 3287 3268 
2963 3268 3287 3288 3269 
2964 3269 3288 3289 3270 
2965 3270 3289 3290 3271 
2966 3271 3290 3291 3272 
2967 3272 3291 3292 3273 
2968 3273 3292 3293 3274 
2969 3274 3293 3294 3275 
2970 3275 3294 3295 3276 
2971 3276 3295 3296 3277 
2972 3277 3296 3297 3278 
2973 3278 3297 3298 3279 
2974 3279 3298 3299 3280 
2975 3280 3299 3300 3281 
2976 3281 3300 3301 3282 
2977 3282 3301 3302 3283 
2978 3283 3302 3303 3284 
2979 3284 3303 3304 3285 
2980 3285 3304 328 327 
2981 38 39 3305 3286 
2982 3286 3305 3306 3287 
2983 3287 3306 3307 3288 
2984 3288 3307 3308 3289 
2985 3289 3308 3309 3290 
2986 3290 3309 3310 3291 
2987 3291 3310 3311 3292 
2988 3292 3311 3312 3293 
2989 3293 3312 3313 3294 
2990 3294 3313 3314 3295 
2991 3295 3314 3315 3296 
2992 3296 3315 3316 3297 
2993 3297 3316 3317 3298 
2994 3298 3317 3318 3299 
2995 3299 3318 3319 3300 
2996 3300 3319 3320 3301 
2997 3301 3320 3321 3302 
2998 3302 3321 3322 3303 
2999 3303 3322 3323 3304 
3000 3304 3323 329 328 
3001 39 40 3324 3305 
3002 3305 3324 3325 3306 
3003 3306 3325 3326 3307 
3004 3307 3326 3327 3308 
3005 3308 3327 3328 3309 
3006 3309 3328 3329 3310 
3007 3310 3329 3330 3311 
3008 3311 3330 3331 3312 
3009 3312 3331 3332 3313 
3010 3313 3332 3333 3314 
3011 3314 3333 3334 3315 
3012 3315 3334 3335 3316 
3013 3316 3335 3336 3317 
3014 3317 3336 3337 3318 
3015 3318 3337 3338 3319 
3016 3319 3338 3339 3320 
3017 3320 3339 3340 3321 
3018 3321 3340 3341 3322 
3019 3322 3341 3342 3323 
3020 3323 3342 330 329 
3021 40 41 3343 3324 
3022 3324 3343 3344 3325 
3023 3325 3344 3345 3326 
3024 3326 3345 3346 3327 
3025 3327 3346 3347 3328 
3026 3328 3347 3348 3329 
3027 3329 3348 3349 3330 
3028 3330 3349 3350 3331 
3029 3331 3350 3351 3332 
3030 3332 3351 3352 3333 
3031 3333 3352 3353 3334 
3032 3334 3353 3354 3335 
3033 3335 3354 3355 3336 
3034 3336 3355 3356 3337 
3035 3337 3356 3357 3338 
3036 3338 3357 3358 3339 
3037 3339 3358 3359 3340 
3038 3340 3359 3360 3341 
3039 3341 3360 3361 3342 
3040 3342 3361 331 330 
3041 41 42 3362 3343 
3042 3343 3362 3363 3344 
3043 3344 3363 3364 3345 
3044 3345 3364 3365 3346 
3045 3346 3365 3366 3347 
3046 3347 3366 3367 3348 
3047 3348 3367 3368 3349 
3048 3349 3368 3369 3350 
3049 3350 3369 3370 3351 
3050 3351 3370 3371 3352 
3051 3352 3371 3372 3353 
3052 3353 3372 3373 3354 
3053 3354 3373 3374 3355 
3054 3355 3374 3375 3356 
3055 3356 3375 3376 3357 
3056 3357 3376 3377 3358 
3057 3358 3377 3378 3359 
3058 3359 3378 3379 3360 
3059 3360 3379 3380 3361 
3060 3361 3380 332 331 
3061 42 43 3381 3362 
3062 3362 3381 3382 3363 
3063 3363 3382 3383 3364 
3064 3364 3383 3384 3365 
3065 3365 3384 3385 3366 
3066 3366 3385 3386 3367 
3067 3367 3386 3387 3368 
3068 3368 3387 3388 3369 
3069 3369 3388 3389 3370 
3070 3370 3389 3390 3371 
3071 3371 3390 3391 3372 
3072 3372 3391 3392 3373 
3073 3373 3392 3393 3374 
3074 3374 3393 3394 3375 
3075 3375 3394 3395 3376 
3076 3376 3395 3396 3377 
3077 3377 3396 3397 3378 
3078 3378 3397 3398 3379 
3079 3379 3398 3399 3380 
3080 3380 3399 333 332 
3081 43 44 3400 3381 
3082 3381 3400 3401 3382 
3083 3382 3401 3402 3383 
3084 3383 3402 3403 3384 
3085 3384 3403 3404 3385 
3086 3385 3404 3405 3386 
3087 3386 3405 3406 3387 
3088 3387 3406 3407 3388 
3089 3388 3407 3408 3389 
3090 3389 3408 3409 3390 
3091 3390 3409 3410 3391 
3092 3391 3410 3411 3392 
3093 3392 3411 3412 3393 
3094 3393 3412 3413 3394 
3095 3394 3413 3414 3395 
3096 3395 3414 3415 3396 
3097 3396 3415 3416 3397 
3098 3397 3416 3417 3398 
3099 3398 3417 3418 3399 
3100 3399 3418 334 333 
3101 44 45 3419 3400 
3102 3400 3419 3420 3401 
3103 3401 3420 3421 3402 
3104 3402 3421 3422 3403 
3105 3403 3422 3423 3404 
3106 3404 3423 3424 3405 
3107 3405 3424 3425 3406 
3108 3406 3425 3426 3407 
3109 3407 3426 3427 3408 
3110 3408 3427 3428 3409 
3111 3409 3428 3429 3410 
3112 3410 3429 3430 3411 
3113 3411 3430 3431 3412 
3114 3412 3431 3432 3413 
3115 3413 3432 3433 3414 
3116 3414 3433 3434 3415 
3117 3415 3434 3435 3416 
3118 3416 3435 3436 3417 
3119 3417 3436 3437 3418 
3120 3418 3437 335 334 
3121 45 46 3438 3419 
3122 3419 3438 3439 3420 
3123 3420 3439 3440 3421 
3124 3421 3440 3441 3422 
3125 3422 3441 3442 3423 
3126 3423 3442 3443 3424 
3127 3424 3443 3444 3425 
3128 3425 3444 3445 3426 
3129 3426 3445 3446 3427 
3130 3427 3446 3447 3428 
3131 3428 3447 3448 3429 
3132 3429 3448 3449 3430 
3133 3430 3449 3450 3431 
3134 3431 3450 3451 3432 
3135 3432 3451 3452 3433 
3136 3433 3452 3453 3434 
3137 3434 3453 3454 3435 
3138 3435 3454 3455 3436 
3139 3436 3455 3456 3437 
3140 3437 3456 336 335 
3141 46 47 3457 3438 
3142 3438 3457 3458 3439 
3143 3439 3458 3459 3440 
3144 3440 3459 3460 3441 
3145 3441 3460 3461 3442 
3146 3442 3461 3462 3443 
3147 3443 3462 3463 3444 
3148 3444 3463 3464 3445 
3149 3445 3464 3465 3446 
3150 3446 3465 3466 3447 
3151 3447 3466 3467 3448 
3152 3448 3467 3468 3449 
3153 3449 3468 3469 3450 
3154 3450 3469 3470 3451 
3155 3451 3470 3471 3452 
3156 3452 3471 3472 3453 
3157 3453 3472 3473 3454 
3158 3454 3473 3474 3455 
3159 3455 3474 3475 3456 
3160 3456 3475 337 336 
3161 47 48 3476 3457 
3162 3457 3476 3477 3458 
3163 3458 3477 3478 3459 
3164 3459 3478 3479 3460 
3165 3460 3479 3480 3461 
3166 3461 3480 3481 3462 
3167 3462 3481 3482 3463 
3168 3463 3482 3483 3464 
3169 3464 3483 3484 3465 
3170 3465 3484 3485 3466 
3171 3466 3485 3486 3467 
3172 3467 3486 3487 3468 
3173 3468 3487 3488 3469 
3174 3469 3488 3489 3470 
3175 3470 3489 3490 3471 
3176 3471 3490 3491 3472 
3177 3472 3491 3492 3473 
3178 3473 3492 3493 3474 
3179 3474 3493 3494 3475 
3180 3475 3494 338 337 
3181 48 49 3495 3476 
3182 3476 3495 3496 3477 
3183 3477 3496 3497 3478 
3184 3478 3497 3498 3479 
3185 3479 3498 3499 3480 
3186 3480 3499 3500 3481 
3187 3481 3500 3501 3482 
3188 3482 3501 3502 3483 
3189 3483 3502 3503 3484 
3190 3484 3503 3504 3485 
3191 3485 3504 3505 3486 
3192 3486 3505 3506 3487 
3193 3487 3506 3507 3488 
3194 3488 3507 3508 3489 
3195 3489 3508 3509 3490 
3196 3490 3509 3510 3491 
3197 3491 3510 3511 3492 
3198 3492 3511 3512 3493 
3199 3493 3512 3513 3494 
3200 3494 3513 339 338 
3201 49 50 3514 3495 
3202 3495 3514 3515 3496 
3203 3496 3515 3516 3497 
3204 3497 3516 3517 3498 
3205 3498 3517 3518 3499 
3206 3499 3518 3519 3500 
3207 3500 3519 3520 3501 
3208 3501 3520 3521 3502 
3209 3502 3521 3522 3503 
3210 3503 3522 3523 3504 
3211 3504 3523 3524 3505 
3212 3505 3524 3525 3506 
3213 3506 3525 3526 3507 
3214 3507 3526 3527 3508 
3215 3508 3527 3528 3509 
3216 3509 3528 3529 3510 
3217 3510 3529 3530 3511 
3218 3511 3530 3531 3512 
3219 3512 3531 3532 3513 
3220 3513 3532 340 339 
3221 50 51 3533 3514 
3222 3514 3533 3534 3515 
3223 3515 3534 3535 3516 
3224 3516 3535 3536 3517 
3225 3517 3536 3537 3518 
3226 3518 3537 3538 3519 
3227 3519 3538 3539 3520 
3228 3520 3539 3540 3521 
3229 3521 3540 3541 3522 
3230 3522 3541 3542 3523 
3231 3523 3542 3543 3524 
3232 3524 3543 3544 3525 
3233 3525 3544 3545 3526 
3234 3526 3545 3546 3527 
3235 3527 3546 3547 3528 
3236 3528 3547 3548 3529 
3237 3529 3548 3549 3530 
3238 3530 3549 3550 3531 
3239 3531 3550 3551 3532 
3240 3532 3551 341 340 
3241 51 52 3552 3533 
3242 3533 3552 3553 3534 
3243 3534 3553 3554 3535 
3244 3535 3554 3555 3536 
3245 3536 3555 3556 3537 
3246 3537 3556 3557 3538 
3247 3538 3557 3558 3539 
3248 3539 3558 3559 3540 
3249 3540 3559 3560 3541 
3250 3541 3560 3561 3542 
3251 3542 3561 3562 3543 
3252 3543 3562 3563 3544 
3253 3544 3563 3564 3545 
3254 3545 3564 3565 3546 
3255 3546 3565 3566 3547 
3256 3547 3566 3567 3548 
3257 3548 3567 3568 3549 
3258 3549 3568 3569 3550 
3259 3550 3569 3570 3551 
3260 3551 3570 342 341 
3261 52 53 3571 3552 
3262 3552 3571 3572 3553 
3263 3553 3572 3573 3554 
3264 3554 3573 3574 3555 
3265 3555 3574 3575 3556 
3266 3556 3575 3576 3557 
3267 3557 3576 3577 3558 
3268 3558 3577 3578 3559 
3269 3559 3578 3579 3560 
3270 3560 3579 3580 3561 
3271 3561 3580 3581 3562 
3272 3562 3581 3582 3563 
3273 3563 3582 3583 3564 
3274 3564 3583 3584 3565 
3275 3565 3584 3585 3566 
3276 3566 3585 3586 3567 
3277 3567 3586 3587 3568 
3278 3568 3587 3588 3569 
3279 3569 3588 3589 3570 
3280 3570 3589 343 342 
3281 53 54 3590 3571 
3282 3571 3590 3591 3572 
3283 3572 3591 3592 3573 
3284 3573 3592 3593 3574 
3285 3574 3593 3594 3575 
3286 3575 3594 3595 3576 
3287 3576 3595 3596 3577 
3288 3577 3596 3597 3578 
3289 3578 3597 3598 3579 
3290 3579 3598 3599 3580 
3291 3580 3599 3600 3581 
3292 3581 3600 3601 3582 
3293 3582 3601 3602 3583 
3294 3583 3602 3603 3584 
3295 3584 3603 3604 3585 
3296 3585 3604 3605 3586 
3297 3586 3605 3606 3587 
3298 3587 3606 3607 3588 
3299 3588 3607 3608 3589 
3300 3589 3608 344 343 
3301 54 55 3609 3590 
3302 3590 3609 3610 3591 
3303 3591 3610 3611 3592 
3304 3592 3611 3612 3593 
3305 3593 3612 3613 3594 
3306 3594 3613 3614 3595 
3307 3595 3614 3615 3596 
3308 3596 3615 3616 3597 
3309 3597 3616 3617 3598 
3310 3598 3617 3618 3599 
3311 3599 3618 3619 3600 
3312 3600 3619 3620 3601 
3313 3601 3620 3621 3602 
3314 3602 3621 3622 3603 
3315 3603 3622 3623 3604 
3316 3604 3623 3624 3605 
3317 3605 3624 3625 3606 
3318 3606 3625 3626 3607 
3319 3607 3626 3627 3608 
3320 3608 3627 345 344 
3321 55 56 3628 3609 
3322 3609 3628 3629 3610 
3323 3610 3629 3630 3611 
3324 3611 3630 3631 3612 
3325 3612 3631 3632 3613 
3326 3613 3632 3633 3614 
3327 3614 3633 3634 3615 
3328 3615 3634 3635 3616 
3329 3616 3635 3636 3617 
3330 3617 3636 3637 3618 
3331 3618 3637 3638 3619 
3332 3619 3638 3639 3620 
3333 3620 3639 3640 3621 
3334 3621 3640 3641 3622 
3335 3622 3641 3642 3623 
3336 3623 3642 3643 3624 
3337 3624 3643 3644 3625 
3338 3625 3644 3645 3626 
3339 3626 3645 3646 3627 
3340 3627 3646 346 345 
3341 56 57 3647 3628 
3342 3628 3647 3648 3629 
3343 3629 3648 3649 3630 
3344 3630 3649 3650 3631 
3345 3631 3650 3651 3632 
3346 3632 3651 3652 3633 
3347 3633 3652 3653 3634 
3348 3634 3653 3654 3635 
3349 3635 3654 3655 3636 
3350 3636 3655 3656 3637 
3351 3637 3656 3657 3638 
3352 3638 3657 3658 3639 
3353 3639 3658 3659 3640 
3354 3640 3659 3660 3641 
3355 3641 3660 3661 3642 
3356 3642 3661 3662 3643 
3357 3643 3662 3663 3644 
3358 3644 3663 3664 3645 
3359 3645 3664 3665 3646 
3360 3646 3665 347 346 
3361 57 58 3666 3647 
3362 3647 3666 3667 3648 
3363 3648 3667 3668 3649 
3364 3649 3668 3669 3650 
3365 3650 3669 3670 3651 
3366 3651 3670 3671 3652 
3367 3652 3671 3672 3653 
3368 3653 3672 3673 3654 
3369 3654 3673 3674 3655 
3370 3655 3674 3675 3656 
3371 3656 3675 3676 3657 
3372 3657 3676 3677 3658 
3373 3658 3677 3678 3659 
3374 3659 3678 3679 3660 
3375 3660 3679 3680 3661 
3376 3661 3680 3681 3662 
3377 3662 3681 3682 3663 
3378 3663 3682 3683 3664 
3379 3664 3683 3684 3665 
3380 3665 3684 348 347 
3381 58 59 3685 3666 
3382 3666 3685 3686 3667 
3383 3667 3686 3687 3668 
3384 3668 3687 3688 3669 
3385 3669 3688 3689 3670 
3386 3670 3689 3690 3671 
3387 3671 3690 3691 3672 
3388 3672 3691 3692 3673 
3389 3673 3692 3693 3674 
3390 3674 3693 3694 3675 
3391 3675 3694 3695 3676 
3392 3676 3695 3696 3677 
3393 3677 3696 3697 3678 
3394 3678 3697 3698 3679 
3395 3679 3698 3699 3680 
3396 3680 3699 3700 3681 
3397 3681 3700 3701 3682 
3398 3682 3701 3702 3683 
3399 3683 3702 3703 3684 
3400 3684 3703 349 348 
3401 59 60 3704 3685 
3402 3685 3704 3705 3686 
3403 3686 3705 3706 3687 
3404 3687 3706 3707 3688 
3405 3688 3707 3708 3689 
3406 3689 3708 3709 3690 
3407 3690 3709 3710 3691 
3408 3691 3710 3711 3692 
3409 3692 3711 3712 3693 
3410 3693 3712 3713 3694 
3411 3694 3713 3714 3695 
3412 3695 3714 3715 3696 
3413 3696 3715 3716 3697 
3414 3697 3716 3717 3698 
3415 3698 3717 3718 3699 
3416 3699 3718 3719 3700 
3417 3700 3719 3720 3701 
3418 3701 3720 3721 3702 
3419 3702 3721 3722 3703 
3420 3703 3722 350 349 
3421 60 61 3723 3704 
3422 3704 3723 3724 3705 
3423 3705 3724 3725 3706 
3424 3706 3725 3726 3707 
3425 3707 3726 3727 3708 
3426 3708 3727 3728 3709 
3427 3709 3728 3729 3710 
3428 3710 3729 3730 3711 
3429 3711 3730 3731 3712 
3430 3712 3731 3732 3713 
3431 3713 3732 3733 3714 
3432 3714 3733 3734 3715 
3433 3715 3734 3735 3716 
3434 3716 3735 3736 3717 
3435 3717 3736 3737 3718 
3436 3718 3737 3738 3719 
3437 3719 3738 3739 3720 
3438 3720 3739 3740 3721 
3439 3721 3740 3741 3722 
3440 3722 3741 351 350 
3441 61 62 3742 3723 
3442 3723 3742 3743 3724 
3443 3724 3743 3744 3725 
3444 3725 3744 3745 3726 
3445 3726 3745 3746 3727 
3446 3727 3746 3747 3728 
3447 3728 3747 3748 3729 
3448 3729 3748 3749 3730 
3449 3730 3749 3750 3731 
3450 3731 3750 3751 3732 
3451 3732 3751 3752 3733 
3452 3733 3752 3753 3734 
3453 3734 3753 3754 3735 
3454 3735 3754 3755 3736 
3455 3736 3755 3756 3737 
3456 3737 3756 3757 3738 
3457 3738 3757 3758 3739 
3458 3739 3758 3759 3740 
3459 3740 3759 3760 3741 
3460 3741 3760 352 351 
3461 62 63 3761 3742 
3462 3742 3761 3762 3743 
3463 3743 3762 3763 3744 
3464 3744 3763 3764 3745 
3465 3745 3764 3765 3746 
3466 3746 3765 3766 3747 
3467 3747 3766 3767 3748 
3468 3748 3767 3768 3749 
3469 3749 3768 3769 3750 
3470 3750 3769 3770 3751 
3471 3751 3770 3771 3752 
3472 3752 3771 3772 3753 
3473 3753 3772 3773 3754 
3474 3754 3773 3774 3755 
3475 3755 3774 3775 3756 
3476 3756 3775 3776 3757 
3477 3757 3776 3777 3758 
3478 3758 3777 3778 3759 
3479 3759 3778 3779 3760 
3480 3760 3779 353 352 
3481 63 2 373 3761 
3482 3761 373 374 3762 
3483 3762 374 375 3763 
3484 3763 375 376 3764 
3485 3764 376 377 3765 
3486 3765 377 378 3766 
3487 3766 378 379 3767 
3488 3767 379 380 3768 
3489 3768 380 381 3769 
3490 3769 381 382 3770 
3491 3770 382 383 3771 
3492 3771 383 384 3772 
3493 3772 384 385 3773 
3494 3773 385 386 3774 
3495 3774 386 387 3775 
3496 3775 387 388 3776 
3497 3776 388 389 3777 
3498 3777 389 390 3778 
3499 3778 390 391 3779 
3500 3779 391 10 353 
2 5 3 500
3501 9 305 3780 441 
3502 441 3780 3781 442 
3503 442 3781 3782 443 
3504 443 3782 3783 444 
3505 444 3783 3784 445 
3506 445 3784 3785 446 
3507 446 3785 3786 447 
3508 447 3786 3787 448 
3509 448 3787 3788 449 
3510 449 3788 392 11 
3511 305 306 3789 3780 
3512 3780 3789 3790 3781 
3513 3781 3790 3791 3782 
3514 3782 3791 3792 3783 
3515 3783 3792 3793 3784 
3516 3784 3793 3794 3785 
3517 3785 3794 3795 3786 
3518 3786 3795 3796 3787 
3519 3787 3796 3797 3788 
3520 3788 3797 393 392 
3521 306 307 3798 3789 
3522 3789 3798 3799 3790 
3523 3790 3799 3800 3791 
3524 3791 3800 3801 3792 
3525 3792 3801 3802 3793 
3526 3793 3802 3803 3794 
3527 3794 3803 3804 3795 
3528 3795 3804 3805 3796 
3529 3796 3805 3806 3797 
3530 3797 3806 394 393 
3531 307 308 3807 3798 
3532 3798 3807 3808 3799 
3533 3799 3808 3809 3800 
3534 3800 3809 3810 3801 
3535 3801 3810 3811 3802 
3536 3802 3811 3812 3803 
3537 3803 3812 3813 3804 
3538 3804 3813 3814 3805 
3539 3805 3814 3815 3806 
3540 3806 3815 395 394 
3541 308 309 3816 3807 
3542 3807 3816 3817 3808 
3543 3808 3817 3818 3809 
3544 3809 3818 3819 3810 
3545 3810 3819 3820 3811 
3546 3811 3820 3821 3812 
3547 3812 3821 3822 3813 
3548 3813 3822 3823 3814 
3549 3814 3823 3824 3815 
3550 3815 3824 396 395 
3551 309 310 3825 3816 
3552 3816 3825 3826 3817 
3553 3817 3826 3827 3818 
3554 3818 3827 3828 3819 
3555 3819 3828 3829 3820 
3556 3820 3829 3830 3821 
3557 3821 3830 3831 3822 
3558 3822 3831 3832 3823 
3559 3823 3832 3833 3824 
3560 3824 3833 397 396 
3561 310 311 3834 3825 
3562 3825 3834 3835 3826 
3563 3826 3835 3836 3827 
3564 3827 3836 3837 3828 
3565 3828 3837 3838 3829 
3566 3829 3838 3839 3830 
3567 3830 3839 3840 3831 
3568 3831 3840 3841 3832 
3569 3832 3841 3842 3833 
3570 3833 3842 398 397 
3571 311 312 3843 3834 
3572 3834 3843 3844 3835 
3573 3835 3844 3845 3836 
3574 3836 3845 3846 3837 
3575 3837 3846 3847 3838 
3576 3838 3847 3848 3839 
3577 3839 3848 3849 3840 
3578 3840 3849 3850 3841 
3579 3841 3850 3851 3842 
3580 3842 3851 399 398 
3581 312 313 3852 3843 
3582 3843 3852 3853 3844 
3583 3844 3853 3854 3845 
3584 3845 3854 3855 3846 
3585 3846 3855 3856 3847 
3586 3847 3856 3857 3848 
3587 3848 3857 3858 3849 
3588 3849 3858 3859 3850 
3589 3850 3859 3860 3851 
3590 3851 3860 400 399 
3591 313 314 3861 3852 
3592 3852 3861 3862 3853 
3593 3853 3862 3863 3854 
3594 3854 3863 3864 3855 
3595 3855 3864 3865 3856 
3596 3856 3865 3866 3857 
3597 3857 3866 3867 3858 
3598 3858 3867 3868 3859 
3599 3859 3868 3869 3860 
3600 3860 3869 401 400 
3601 314 315 3870 3861 
3602 3861 3870 3871 3862 
3603 3862 3871 3872 3863 
3604 3863 3872 3873 3864 
3605 3864 3873 3874 3865 
3606 3865 3874 3875 3866 
3607 3866 3875 3876 3867 
3608 3867 3876 3877 3868 
3609 3868 3877 3878 3869 
3610 3869 3878 402 401 
3611 315 316 3879 3870 
3612 3870 3879 3880 3871 
3613 3871 3880 3881 3872 
3614 3872 3881 3882 3873 
3615 3873 3882 3883 3874 
3616 3874 3883 3884 3875 
3617 3875 3884 3885 3876 
3618 3876 3885 3886 3877 
3619 3877 3886 3887 3878 
3620 3878 3887 403 402 
3621 316 317 3888 3879 
3622 3879 3888 3889 3880 
3623 3880 3889 3890 3881 
3624 3881 3890 3891 3882 
3625 3882 3891 3892 3883 
3626 3883 3892 3893 3884 
3627 3884 3893 3894 3885 
3628 3885 3894 3895 3886 
3629 3886 3895 3896 3887 
3630 3887 3896 404 403 
3631 317 318 3897 3888 
3632 3888 3897 3898 3889 
3633 3889 3898 3899 3890 
3634 3890 3899 3900 3891 
3635 3891 3900 3901 3892 
3636 3892 3901 3902 3893 
3637 3893 3902 3903 3894 
3638 3894 3903 3904 3895 
3639 3895 3904 3905 3896 
3640 3896 3905 405 404 
3641 318 319 3906 3897 
3642 3897 3906 3907 3898 
3643 3898 3907 3908 3899 
3644 3899 3908 3909 3900 
3645 3900 3909 3910 3901 
3646 3901 3910 3911 3902 
3647 3902 3911 3912 3903 
3648 3903 3912 3913 3904 
3649 3904 3913 3914 3905 
3650 3905 3914 406 405 
3651 319 320 3915 3906 
3652 3906 3915 3916 3907 
3653 3907 3916 3917 3908 
3654 3908 3917 3918 3909 
3655 3909 3918 3919 3910 
3656 3910 3919 3920 3911 
3657 3911 3920 3921 3912 
3658 3912 3921 3922 3913 
3659 3913 3922 3923 3914 
3660 3914 3923 407 406 
3661 320 321 3924 3915 
3662 3915 3924 3925 3916 
3663 3916 3925 3926 3917 
3664 3917 3926 3927 3918 
3665 3918 3927 3928 3919 
3666 3919 3928 3929 3920 
3667 3920 3929 3930 3921 
3668 3921 3930 3931 3922 
3669 3922 3931 3932 3923 
3670 3923 3932 408 407 
3671 321 322 3933 3924 
3672 3924 3933 3934 3925 
3673 3925 3934 3935 3926 
3674 3926 3935 3936 3927 
3675 3927 3936 3937 3928 
3676 3928 3937 3938 3929 
3677 3929 3938 3939 3930 
3678 3930 3939 3940 3931 
3679 3931 3940 3941 3932 
3680 3932 3941 409 408 
3681 322 323 3942 3933 
3682 3933 3942 3943 3934 
3683 3934 3943 3944 3935 
3684 3935 3944 3945 3936 
3685 3936 3945 3946 3937 
3686 3937 3946 3947 3938 
3687 3938 3947 3948 3939 
3688 3939 3948 3949 3940 
3689 3940 3949 3950 3941 
3690 3941 3950 410 409 
3691 323 324 3951 3942 
3692 3942 3951 3952 3943 
3693 3943 3952 3953 3944 
3694 3944 3953 3954 3945 
3695 3945 3954 3955 3946 
3696 3946 3955 3956 3947 
3697 3947 3956 3957 3948 
3698 3948 3957 3958 3949 
3699 3949 3958 3959 3950 
3700 3950 3959 411 410 
3701 324 325 3960 3951 
3702 3951 3960 3961 3952 
3703 3952 3961 3962 3953 
3704 3953 3962 3963 3954 
3705 3954 3963 3964 3955 
3706 3955 3964 3965 3956 
3707 3956 3965 3966 3957 
3708 3957 3966 3967 3958 
3709 3958 3967 3968 3959 
3710 3959 3968 412 411 
3711 325 326 3969 3960 
3712 3960 3969 3970 3961 
3713 3961 3970 3971 3962 
3714 3962 3971 3972 3963 
3715 3963 3972 3973 3964 
3716 3964 3973 3974 3965 
3717 3965 3974 3975 3966 
3718 3966 3975 3976 3967 
3719 3967 3976 3977 3968 
3720 3968 3977 413 412 
3721 326 327 3978 3969 
3722 3969 3978 3979 3970 
3723 3970 3979 3980 3971 
3724 3971 3980 3981 3972 
3725 3972 3981 3982 3973 
3726 3973 3982 3983 3974 
3727 3974 3983 3984 3975 
3728 3975 3984 3985 3976 
3729 3976 3985 3986 3977 
3730 3977 3986 414 413 
3731 327 328 3987 3978 
3732 3978 3987 3988 3979 
3733 3979 3988 3989 3980 
3734 3980 3989 3990 3981 
3735 3981 3990 3991 3982 
3736 3982 3991 3992 3983 
3737 3983 3992 3993 3984 
3738 3984 3993 3994 3985 
3739 3985 3994 3995 3986 
3740 3986 3995 415 414 
3741 328 329 3996 3987 
3742 3987 3996 3997 3988 
3743 3988 3997 3998 3989 
3744 3989 3998 3999 3990 
3745 3990 3999 4000 3991 
3746 3991 4000 4001 3992 
3747 3992 4001 4002 3993 
3748 3993 4002 4003 3994 
3749 3994 4003 4004 3995 
3750 3995 4004 416 415 
3751 329 330 4005 3996 
3752 3996 4005 4006 3997 
3753 3997 4006 4007 3998 
3754 3998 4007 4008 3999 
3755 3999 4008 4009 4000 
3756 4000 4009 4010 4001 
3757 4001 4010 4011 4002 
3758 4002 4011 4012 4003 
3759 4003 4012 4013 4004 
3760 4004 4013 417 416 
3761 330 331 4014 4005 
3762 4005 4014 4015 4006 
3763 4006 4015 4016 4007 
3764 4007 4016 4017 4008 
3765 4008 4017 4018 4009 
3766 4009 4018 4019 4010 
3767 4010 4019 4020 4011 
3768 4011 4020 4021 4012 
3769 4012 4021 4022 4013 
3770 4013 4022 418 417 
3771 331 332 4023 4014 
3772 4014 4023 4024 4015 
3773 4015 4024 4025 4016 
3774 4016 4025 4026 4017 
3775 4017 4026 4027 4018 
3776 4018 4027 4028 4019 
3777 4019 4028 4029 4020 
3778 4020 4029 4030 4021 
3779 4021 4030 4031 4022 
3780 4022 4031 419 418 
3781 332 333 4032 4023 
3782 4023 4032 4033 4024 
3783 4024 4033 4034 4025 
3784 4025 4034 4035 4026 
3785 4026 4035 4036 4027 
3786 4027 4036 4037 4028 
3787 4028 4037 4038 4029 
3788 4029 4038 4039 4030 
3789 4030 4039 4040 4031 
3790 4031 4040 420 419 
3791 333 334 4041 4032 
3792 4032 4041 4042 4033 
3793 4033 4042 4043 4034 
3794 4034 4043 4044 4035 
3795 4035 4044 4045 4036 
3796 4036 4045 4046 4037 
3797 4037 4046 4047 4038 
3798 4038 4047 4048 4039 
3799 4039 4048 4049 4040 
3800 4040 4049 421 420 
3801 334 335 4050 4041 
3802 4041 4050 4051 4042 
3803 4042 4051 4052 4043 
3804 4043 4052 4053 4044 
3805 4044 4053 4054 4045 
3806 4045 4054 4055 4046 
3807 4046 4055 4056 4047 
3808 4047 4056 4057 4048 
3809 4048 4057 4058 4049 
3810 4049 4058 422 421 
3811 335 336 4059 4050 
3812 4050 4059 4060 4051 
3813 4051 4060 4061 4052 
3814 4052 4061 4062 4053 
3815 4053 4062 4063 4054 
3816 4054 4063 4064 4055 
3817 4055 4064 4065 4056 
3818 4056 4065 4066 4057 
3819 4057 4066 4067 4058 
3820 4058 4067 423 422 
3821 336 337 4068 4059 
3822 4059 4068 4069 4060 
3823 4060 4069 4070 4061 
3824 4061 4070 4071 4062 
3825 4062 4071 4072 4063 
3826 4063 4072 4073 4064 
3827 4064 4073 4074 4065 
3828 4065 4074 4075 4066 
3829 4066 4075 4076 4067 
3830 4067 4076 424 423 
3831 337 338 4077 4068 
3832 4068 4077 4078 4069 
3833 4069 4078 4079 4070 
3834 4070 4079 4080 4071 
3835 4071 4080 4081 4072 
3836 4072 4081 4082 4073 
3837 4073 4082 4083 4074 
3838 4074 4083 4084 4075 
3839 4075 4084 4085 4076 
3840 4076 4085 425 424 
3841 338 339 4086 4077 
3842 4077 4086 4087 4078 
3843 4078 4087 4088 4079 
3844 4079 4088 4089 4080 
3845 4080 4089 4090 4081 
3846 4081 4090 4091 4082 
3847 4082 4091 4092 4083 
3848 4083 4092 4093 4084 
3849 4084 4093 4094 4085 
3850 4085 4094 426 425 
3851 339 340 4095 4086 
3852 4086 4095 4096 4087 
3853 4087 4096 4097 4088 
3854 4088 4097 4098 4089 
3855 4089 4098 4099 4090 
3856 4090 4099 4100 4091 
3857 4091 4100 4101 4092 
3858 4092 4101 4102 4093 
3859 4093 4102 4103 4094 
3860 4094 4103 427 426 
3861 340 341 4104 4095 
3862 4095 4104 4105 4096 
3863 4096 4105 4106 4097 
3864 4097 4106 4107 4098 
3865 4098 4107 4108 4099 
3866 4099 4108 4109 4100 
3867 4100 4109 4110 4101 
3868 4101 4110 4111 4102 
3869 4102 4111 4112 4103 
3870 4103 4112 428 427 
3871 341 342 4113 4104 
3872 4104 4113 4114 4105 
3873 4105 4114 4115 4106 
3874 4106 4115 4116 4107 
3875 4107 4116 4117 4108 
3876 4108 4117 4118 4109 
3877 4109 4118 4119 4110 
3878 4110 4119 4120 4111 
3879 4111 4120 4121 4112 
3880 4112 4121 429 428 
3881 342 343 4122 4113 
3882 4113 4122 4123 4114 
3883 4114 4123 4124 4115 
3884 4115 4124 4125 4116 
3885 4116 4125 4126 4117 
3886 4117 4126 4127 4118 
3887 4118 4127 4128 4119 
3888 4119 4128 4129 4120 
3889 4120 4129 4130 4121 
3890 4121 4130 430 429 
3891 343 344 4131 4122 
3892 4122 4131 4132 4123 
3893 4123 4132 4133 4124 
3894 4124 4133 4134 4125 
3895 4125 4134 4135 4126 
3896 4126 4135 4136 4127 
3897 4127 4136 4137 4128 
3898 4128 4137 4138 4129 
3899 4129 4138 4139 4130 
3900 4130 4139 431 430 
3901 344 345 4140 4131 
3902 4131 4140 4141 4132 
3903 4132 4141 4142 4133 
3904 4133 4142 4143 4134 
3905 4134 4143 4144 4135 
3906 4135 4144 4145 4136 
3907 4136 4145 4146 4137 
3908 4137 4146 4147 4138 
3909 4138 4147 4148 4139 
3910 4139 4148 432 431 
3911 345 346 4149 4140 
3912 4140 4149 4150 4141 
3913 4141 4150 4151 4142 
3914 4142 4151 4152 4143 
3915 4143 4152 4153 4144 
3916 4144 4153 4154 4145 
3917 4145 4154 4155 4146 
3918 4146 4155 4156 4147 
3919 4147 4156 4157 4148 
3920 4148 4157 433 432 
3921 346 347 4158 4149 
3922 4149 4158 4159 4150 
3923 4150 4159 4160 4151 
3924 4151 4160 4161 4152 
3925 4152 4161 4162 4153 
3926 4153 4162 4163 4154 
3927 4154 4163 4164 4155 
3928 4155 4164 4165 4156 
3929 4156 4165 4166 4157 
3930 4157 4166 434 433 
3931 347 348 4167 4158 
3932 4158 4167 4168 4159 
3933 4159 4168 4169 4160 
3934 4160 4169 4170 4161 
3935 4161 4170 4171 4162 
3936 4162 4171 4172 4163 
3937 4163 4172 4173 4164 
3938 4164 4173 4174 4165 
3939 4165 4174 4175 4166 
3940 4166 4175 435 434 
3941 348 349 4176 4167 
3942 4167 4176 4177 4168 
3943 4168 4177 4178 4169 
3944 4169 4178 4179 4170 
3945 4170 4179 4180 4171 
3946 4171 4180 4181 4172 
3947 4172 4181 4182 4173 
3948 4173 4182 4183 4174 
3949 4174 4183 4184 4175 
3950 4175 4184 436 435 
3951 349 350 4185 4176 
3952 4176 4185 4186 4177 
3953 4177 4186 4187 4178 
3954 4178 4187 4188 4179 
3955 4179 4188 4189 4180 
3956 4180 4189 4190 4181 
3957 4181 4190 4191 4182 
3958 4182 4191 4192 4183 
3959 4183 4192 4193 4184 
3960 4184 4193 437 436 
3961 350 351 4194 4185 
3962 4185 4194 4195 4186 
3963 4186 4195 4196 4187 
3964 4187 4196 4197 4188 
3965 4188 4197 4198 4189 
3966 4189 4198 4199 4190 
3967 4190 4199 4200 4191 
3968 4191 4200 4201 4192 
3969 4192 4201 4202 4193 
3970 4193 4202 438 437 
3971 351 352 4203 4194 
3972 4194 4203 4204 4195 
3973 4195 4204 4205 4196 
3974 4196 4205 4206 4197 
3975 4197 4206 4207 4198 
3976 4198 4207 4208 4199 
3977 4199 4208 4209 4200 
3978 4200 4209 4210 4201 
3979 4201 4210 4211 4202 
3980 4202 4211 439 438 
3981 352 353 4212 4203 
3982 4203 4212 4213 4204 
3983 4204 4213 4214 4205 
3984 4205 4214 4215 4206 
3985 4206 4215 4216 4207 
3986 4207 4216 4217 4208 
3987 4208 4217 4218 4209 
3988 4209 4218 4219 4210 
3989 4210 4219 4220 4211 
3990 4211 4220 440 439 
3991 353 10 450 4212 
3992 4212 450 451 4213 
3993 4213 451 452 4214 
3994 4214 452 453 4215 
3995 4215 453 454 4216 
3996 4216 454 455 4217 
3997 4217 455 456 4218 
3998 4218 456 457 4219 
3999 4219 457 458 4220 
4000 4220 458 12 440 
2 6 3 1000
4001 11 392 4221 508 
4002 508 4221 4222 509 
4003 509 4222 4223 510 
4004 510 4223 4224 511 
4005 511 4224 4225 512 
4006 512 4225 4226 513 
4007 513 4226 4227 514 
4008 514 4227 4228 515 
4009 515 4228 4229 516 
4010 516 4229 4230 517 
4011 517 4230 4231 518 
4012 518 4231 4232 519 
4013 519 4232 4233 520 
4014 520 4233 4234 521 
4015 521 4234 4235 522 
4016 522 4235 4236 523 
4017 523 4236 4237 524 
4018 524 4237 4238 525 
4019 525 4238 4239 526 
4020 526 4239 459 13 
4021 392 393 4240 4221 
4022 4221 4240 4241 4222 
4023 4222 4241 4242 4223 
4024 4223 4242 4243 4224 
4025 4224 4243 4244 4225 
4026 4225 4244 4245 4226 
4027 4226 4245 4246 4227 
4028 4227 4246 4247 4228 
4029 4228 4247 4248 4229 
4030 4229 4248 4249 4230 
4031 4230 4249 4250 4231 
4032 4231 4250 4251 4232 
4033 4232 4251 4252 4233 
4034 4233 4252 4253 4234 
4035 4234 4253 4254 4235 
4036 4235 4254 4255 4236 
4037 4236 4255 4256 4237 
4038 4237 4256 4257 4238 
4039 4238 4257 4258 4239 
4040 4239 4258 460 459 
4041 393 394 4259 4240 
4042 4240 4259 4260 4241 
4043 4241 4260 4261 4242 
4044 4242 4261 4262 4243 
4045 4243 4262 4263 4244 
4046 4244 4263 4264 4245 
4047 4245 4264 4265 4246 
4048 4246 4265 4266 4247 
4049 4247 4266 4267 4248 
4050 4248 4267 4268 4249 
4051 4249 4268 4269 4250 
4052 4250 4269 4270 4251 
4053 4251 4270 4271 4252 
4054 4252 4271 4272 4253 
4055 4253 4272 4273 4254 
4056 4254 4273 4274 4255 
4057 4255 4274 4275 4256 
4058 4256 4275 4276 4257 
4059 4257 4276 4277 4258 
4060 4258 4277 461 460 
4061 394 395 4278 4259 
4062 4259 4278 4279 4260 
4063 4260 4279 4280 4261 
4064 4261 4280 4281 4262 
4065 4262 4281 4282 4263 
4066 4263 4282 4283 4264 
4067 4264 4283 4284 4265 
4068 4265 4284 4285 4266 
4069 4266 4285 4286 4267 
4070 4267 4286 4287 4268 
4071 4268 4287 4288 4269 
4072 4269 4288 4289 4270 
4073 4270 4289 4290 4271 
4074 4271 4290 4291 4272 
4075 4272 4291 4292 4273 
4076 4273 4292 4293 4274 
4077 4274 4293 4294 4275 
4078 4275 4294 4295 4276 
4079 4276 4295 4296 4277 
4080 4277 4296 462 461 
4081 395 396 4297 4278 
4082 4278 4297 4298 4279 
4083 4279 4298 4299 4280 
4084 4280 4299 4300 4281 
4085 4281 4300 4301 4282 
4086 4282 4301 4302 4283 
4087 4283 4302 4303 4284 
4088 4284 4303 4304 4285 
4089 4285 4304 4305 4286 
4090 4286 4305 4306 4287 
4091 4287 4306 4307 4288 
4092 4288 4307 4308 4289 
4093 4289 4308 4309 4290 
4094 4290 4309 4310 4291 
4095 4291 4310 4311 4292 
4096 4292 4311 4312 4293 
4097 4293 4312 4313 4294 
4098 4294 4313 4314 4295 
4099 4295 4314 4315 4296 
4100 4296 4315 463 462 
4101 396 397 4316 4297 
4102 4297 4316 4317 4298 
4103 4298 4317 4318 4299 
4104 4299 4318 4319 4300 
4105 4300 4319 4320 4301 
4106 4301 4320 4321 4302 
4107 4302 4321 4322 4303 
4108 4303 4322 4323 4304 
4109 4304 4323 4324 4305 
4110 4305 4324 4325 4306 
4111 4306 4325 4326 4307 
4112 4307 4326 4327 4308 
4113 4308 4327 4328 4309 
4114 4309 4328 4329 4310 
4115 4310 4329 4330 4311 
4116 4311 4330 4331 4312 
4117 4312 4331 4332 4313 
4118 4313 4332 4333 4314 
4119 4314 4333 4334 4315 
4120 4315 4334 464 463 
4121 397 398 4335 4316 
4122 4316 4335 4336 4317 
4123 4317 4336 4337 4318 
4124 4318 4337 4338 4319 
4125 4319 4338 4339 4320 
4126 4320 4339 4340 4321 
4127 4321 4340 4341 4322 
4128 4322 4341 4342 4323 
4129 4323 4342 4343 4324 
4130 4324 4343 4344 4325 
4131 4325 4344 4345 4326 
4132 4326 4345 4346 4327 
4133 4327 4346 4347 4328 
4134 4328 4347 4348 4329 
4135 4329 4348 4349 4330 
4136 4330 4349 4350 4331 
4137 4331 4350 4351 4332 
4138 4332 4351 4352 4333 
4139 4333 4352 4353 4334 
4140 4334 4353 465 464 
4141 398 399 4354 4335 
4142 4335 4354 4355 4336 
4143 4336 4355 4356 4337 
4144 4337 4356 4357 4338 
4145 4338 4357 4358 4339 
4146 4339 4358 4359 4340 
4147 4340 4359 4360 4341 
4148 4341 4360 4361 4342 
4149 4342 4361 4362 4343 
4150 4343 4362 4363 4344 
4151 4344 4363 4364 4345 
4152 4345 4364 4365 4346 
4153 4346 4365 4366 4347 
4154 4347 4366 4367 4348 
4155 4348 4367 4368 4349 
4156 4349 4368 4369 4350 
4157 4350 4369 4370 4351 
4158 4351 4370 4371 4352 
4159 4352 4371 4372 4353 
4160 4353 4372 466 465 
4161 399 400 4373 4354 
4162 4354 4373 4374 4355 
4163 4355 4374 4375 4356 
4164 4356 4375 4376 4357 
4165 4357 4376 4377 4358 
4166 4358 4377 4378 4359 
4167 4359 4378 4379 4360 
4168 4360 4379 4380 4361 
4169 4361 4380 4381 4362 
4170 4362 4381 4382 4363 
4171 4363 4382 4383 4364 
4172 4364 4383 4384 4365 
4173 4365 4384 4385 4366 
4174 4366 4385 4386 4367 
4175 4367 4386 4387 4368 
4176 4368 4387 4388 4369 
4177 4369 4388 4389 4370 
4178 4370 4389 4390 4371 
4179 4371 4390 4391 4372 
4180 4372 4391 467 466 
4181 400 401 4392 4373 
4182 4373 4392 4393 4374 
4183 4374 4393 4394 4375 
4184 4375 4394 4395 4376 
4185 4376 4395 4396 4377 
4186 4377 4396 4397 4378 
4187 4378 4397 4398 4379 
4188 4379 4398 4399 4380 
4189 4380 4399 4400 4381 
4190 4381 4400 4401 4382 
4191 4382 4401 4402 4383 
4192 4383 4402 4403 4384 
4193 4384 4403 4404 4385 
4194 4385 4404 4405 4386 
4195 4386 4405 4406 4387 
4196 4387 4406 4407 4388 
4197 4388 4407 4408 4389 
4198 4389 4408 4409 4390 
4199 4390 4409 4410 4391 
4200 4391 4410 468 467 
4201 401 402 4411 4392 
4202 4392 4411 4412 4393 
4203 4393 4412 4413 4394 
4204 4394 4413 4414 4395 
4205 4395 4414 4415 4396 
4206 4396 4415 4416 4397 
4207 4397 4416 4417 4398 
4208 4398 4417 4418 4399 
4209 4399 4418 4419 4400 
4210 4400 4419 4420 4401 
4211 4401 4420 4421 4402 
4212 4402 4421 4422 4403 
4213 4403 4422 4423 4404 
4214 4404 4423 4424 4405 
4215 4405 4424 4425 4406 
4216 4406 4425 4426 4407 
4217 4407 4426 4427 4408 
4218 4408 4427 4428 4409 
4219 4409 4428 4429 4410 
4220 4410 4429 469 468 
4221 402 403 4430 4411 
4222 4411 4430 4431 4412 
4223 4412 4431 4432 4413 
4224 4413 4432 4433 4414 
4225 4414 4433 4434 4415 
4226 4415 4434 4435 4416 
4227 4416 4435 4436 4417 
4228 4417 4436 4437 4418 
4229 4418 4437 4438 4419 
4230 4419 4438 4439 4420 
4231 4420 4439 4440 4421 
4232 4421 4440 4441 4422 
4233 4422 4441 4442 4423 
4234 4423 4442 4443 4424 
4235 4424 4443 4444 4425 
4236 4425 4444 4445 4426 
4237 4426 4445 4446 4427 
4238 4427 4446 4447 4428 
4239 4428 4447 4448 4429 
4240 4429 4448 470 469 
4241 403 404 4449 4430 
4242 4430 4449 4450 4431 
4243 4431 4450 4451 4432 
4244 4432 4451 4452 4433 
4245 4433 4452 4453 4434 
4246 4434 4453 4454 4435 
4247 4435 4454 4455 4436 
4248 4436 4455 4456 4437 
4249 4437 4456 4457 4438 
4250 4438 4457 4458 4439 
4251 4439 4458 4459 4440 
4252 4440 4459 4460 4441 
4253 4441 4460 4461 4442 
4254 4442 4461 4462 4443 
4255 4443 4462 4463 4444 
4256 4444 4463 4464 4445 
4257 4445 4464 4465 4446 
4258 4446 4465 4466 4447 
4259 4447 4466 4467 4448 
4260 4448 4467 471 470 
4261 404 405 4468 4449 
4262 4449 4468 4469 4450 
4263 4450 4469 4470 4451 
4264 4451 4470 4471 4452 
4265 4452 4471 4472 4453 
4266 4453 4472 4473 4454 
4267 4454 4473 4474 4455 
4268 4455 4474 4475 4456 
4269 4456 4475 4476 4457 
4270 4457 4476 4477 4458 
4271 4458 4477 4478 4459 
4272 4459 4478 4479 4460 
4273 4460 4479 4480 4461 
4274 4461 4480 4481 4462 
4275 4462 4481 4482 4463 
4276 4463 4482 4483 4464 
4277 4464 4483 4484 4465 
4278 4465 4484 4485 4466 
4279 4466 4485 4486 4467 
4280 4467 4486 472 471 
4281 405 406 4487 4468 
4282 4468 4487 4488 4469 
4283 4469 4488 4489 4470 
4284 4470 4489 4490 4471 
4285 4471 4490 4491 4472 
4286 4472 4491 4492 4473 
4287 4473 4492 4493 4474 
4288 4474 4493 4494 4475 
4289 4475 4494 4495 4476 
4290 4476 4495 4496 4477 
4291 4477 4496 4497 4478 
4292 4478 4497 4498 4479 
4293 4479 4498 4499 4480 
4294 4480 4499 4500 4481 
4295 4481 4500 4501 4482 
4296 4482 4501 4502 4483 
4297 4483 4502 4503 4484 
4298 4484 4503 4504 4485 
4299 4485 4504 4505 4486 
4300 4486 4505 473 472 
4301 406 407 4506 4487 
4302 4487 4506 4507 4488 
4303 4488 4507 4508 4489 
4304 4489 4508 4509 4490 
4305 4490 4509 4510 4491 
4306 4491 4510 4511 4492 
4307 4492 4511 4512 4493 
4308 4493 4512 4513 4494 
4309 4494 4513 4514 4495 
4310 4495 4514 4515 4496 
4311 4496 4515 4516 4497 
4312 4497 4516 4517 4498 
4313 4498 4517 4518 4499 
4314 4499 4518 4519 4500 
4315 4500 4519 4520 4501 
4316 4501 4520 4521 4502 
4317 4502 4521 4522 4503 
4318 4503 4522 4523 4504 
4319 4504 4523 4524 4505 
4320 4505 4524 474 473 
4321 407 408 4525 4506 
4322 4506 4525 4526 4507 
4323 4507 4526 4527 4508 
4324 4508 4527 4528 4509 
4325 4509 4528 4529 4510 
4326 4510 4529 4530 4511 
4327 4511 4530 4531 4512 
4328 4512 4531 4532 4513 
4329 4513 4532 4533 4514 
4330 4514 4533 4534 4515 
4331 4515 4534 4535 4516 
4332 4516 4535 4536 4517 
4333 4517 4536 4537 4518 
4334 4518 4537 4538 4519 
4335 4519 4538 4539 4520 
4336 4520 4539 4540 4521 
4337 4521 4540 4541 4522 
4338 4522 4541 4542 4523 
4339 4523 4542 4543 4524 
4340 4524 4543 475 474 
4341 408 409 4544 4525 
4342 4525 4544 4545 4526 
4343 4526 4545 4546 4527 
4344 4527 4546 4547 4528 
4345 4528 4547 4548 4529 
4346 4529 4548 4549 4530 
4347 4530 4549 4550 4531 
4348 4531 4550 4551 4532 
4349 4532 4551 4552 4533 
4350 4533 4552 4553 4534 
4351 4534 4553 4554 4535 
4352 4535 4554 4555 4536 
4353 4536 4555 4556 4537 
4354 4537 4556 4557 4538 
4355 4538 4557 4558 4539 
4356 4539 4558 4559 4540 
4357 4540 4559 4560 4541 
4358 4541 4560 4561 4542 
4359 4542 4561 4562 4543 
4360 4543 4562 476 475 
4361 409 410 4563 4544 
4362 4544 4563 4564 4545 
4363 4545 4564 4565 4546 
4364 4546 4565 4566 4547 
4365 4547 4566 4567 4548 
4366 4548 4567 4568 4549 
4367 4549 4568 4569 4550 
4368 4550 4569 4570 4551 
4369 4551 4570 4571 4552 
4370 4552 4571 4572 4553 
4371 4553 4572 4573 4554 
4372 4554 4573 4574 4555 
4373 4555 4574 4575 4556 
4374 4556 4575 4576 4557 
4375 4557 4576 4577 4558 
4376 4558 4577 4578 4559 
4377 4559 4578 4579 4560 
4378 4560 4579 4580 4561 
4379 4561 4580 4581 4562 
4380 4562 4581 477 476 
4381 410 411 4582 4563 
4382 4563 4582 4583 4564 
4383 4564 4583 4584 4565 
4384 4565 4584 4585 4566 
4385 4566 4585 4586 4567 
4386 4567 4586 4587 4568 
4387 4568 4587 4588 4569 
4388 4569 4588 4589 4570 
4389 4570 4589 4590 4571 
4390 4571 4590 4591 4572 
4391 4572 4591 4592 4573 
4392 4573 4592 4593 4574 
4393 4574 4593 4594 4575 
4394 4575 4594 4595 4576 
4395 4576 4595 4596 4577 
4396 4577 4596 4597 4578 
4397 4578 4597 4598 4579 
4398 4579 4598 4599 4580 
4399 4580 4599 4600 4581 
4400 4581 4600 478 477 
4401 411 412 4601 4582 
4402 4582 4601 4602 4583 
4403 4583 4602 4603 4584 
4404 4584 4603 4604 4585 
4405 4585 4604 4605 4586 
4406 4586 4605 4606 4587 
4407 4587 4606 4607 4588 
4408 4588 4607 4608 4589 
4409 4589 4608 4609 4590 
4410 4590 4609 4610 4591 
4411 4591 4610 4611 4592 
4412 4592 4611 4612 4593 
4413 4593 4612 4613 4594 
4414 4594 4613 4614 4595 
4415 4595 4614 4615 4596 
4416 4596 4615 4616 4597 
4417 4597 4616 4617 4598 
4418 4598 4617 4618 4599 
4419 4599 4618 4619 4600 
4420 4600 4619 479 478 
4421 412 413 4620 4601 
4422 4601 4620 4621 4602 
4423 4602 4621 4622 4603 
4424 4603 4622 4623 4604 
4425 4604 4623 4624 4605 
4426 4605 4624 4625 4606 
4427 4606 4625 4626 4607 
4428 4607 4626 4627 4608 
4429 4608 4627 4628 4609 
4430 4609 4628 4629 4610 
4431 4610 4629 4630 4611 
4432 4611 4630 4631 4612 
4433 4612 4631 4632 4613 
4434 4613 4632 4633 4614 
4435 4614 4633 4634 4615 
4436 4615 4634 4635 4616 
4437 4616 4635 4636 4617 
4438 4617 4636 4637 4618 
4439 4618 4637 4638 4619 
4440 4619 4638 480 479 
4441 413 414 4639 4620 
4442 4620 4639 4640 4621 
4443 4621 4640 4641 4622 
4444 4622 4641 4642 4623 
4445 4623 4642 4643 4624 
4446 4624 4643 4644 4625 
4447 4625 4644 4645 4626 
4448 4626 4645 4646 4627 
4449 4627 4646 4647 4628 
4450 4628 4647 4648 4629 
4451 4629 4648 4649 4630 
4452 4630 4649 4650 4631 
4453 4631 4650 4651 4632 
4454 4632 4651 4652 4633 
4455 4633 4652 4653 4634 
4456 4634 4653 4654 4635 
4457 4635 4654 4655 4636 
4458 4636 4655 4656 4637 
4459 4637 4656 4657 4638 
4460 4638 4657 481 480 
4461 414 415 4658 4639 
4462 4639 4658 4659 4640 
4463 4640 4659 4660 4641 
4464 4641 4660 4661 4642 
4465 4642 4661 4662 4643 
4466 4643 4662 4663 4644 
4467 4644 4663 4664 4645 
4468 4645 4664 4665 4646 
4469 4646 4665 4666 4647 
4470 4647 4666 4667 4648 
4471 4648 4667 4668 4649 
4472 4649 4668 4669 4650 
4473 4650 4669 4670 4651 
4474 4651 4670 4671 4652 
4475 4652 4671 4672 4653 
4476 4653 4672 4673 4654 
4477 4654 4673 4674 4655 
4478 4655 4674 4675 4656 
4479 4656 4675 4676 4657 
4480 4657 4676 482 481 
4481 415 416 4677 4658 
4482 4658 4677 4678 4659 
4483 4659 4678 4679 4660 
4484 4660 4679 4680 4661 
4485 4661 4680 4681 4662 
4486 4662 4681 4682 4663 
4487 4663 4682 4683 4664 
4488 4664 4683 4684 4665 
4489 4665 4684 4685 4666 
4490 4666 4685 4686 4667 
4491 4667 4686 4687 4668 
4492 4668 4687 4688 4669 
4493 4669 4688 4689 4670 
4494 4670 4689 4690 4671 
4495 4671 4690 4691 4672 
4496 4672 4691 4692 4673 
4497 4673 4692 4693 4674 
4498 4674 4693 4694 4675 
4499 4675 4694 4695 4676 
4500 4676 4695 483 482 
4501 416 417 4696 4677 
4502 4677 4696 4697 4678 
4503 4678 4697 4698 4679 
4504 4679 4698 4699 4680 
4505 4680 4699 4700 4681 
4506 4681 4700 4701 4682 
4507 4682 4701 4702 4683 
4508 4683 4702 4703 4684 
4509 4684 4703 4704 4685 
4510 4685 4704 4705 4686 
4511 4686 4705 4706 4687 
4512 4687 4706 4707 4688 
4513 4688 4707 4708 4689 
4514 4689 4708 4709 4690 
4515 4690 4709 4710 4691 
4516 4691 4710 4711 4692 
4517 4692 4711 4712 4693 
4518 4693 4712 4713 4694 
4519 4694 4713 4714 4695 
4520 4695 4714 484 483 
4521 417 418 4715 4696 
4522 4696 4715 4716 4697 
4523 4697 4716 4717 4698 
4524 4698 4717 4718 4699 
4525 4699 4718 4719 4700 
4526 4700 4719 4720 4701 
4527 4701 4720 4721 4702 
4528 4702 4721 4722 4703 
4529 4703 4722 4723 4704 
4530 4704 4723 4724 4705 
4531 4705 4724 4725 4706 
4532 4706 4725 4726 4707 
4533 4707 4726 4727 4708 
4534 4708 4727 4728 4709 
4535 4709 4728 4729 4710 
4536 4710 4729 4730 4711 
4537 4711 4730 4731 4712 
4538 4712 4731 4732 4713 
4539 4713 4732 4733 4714 
4540 4714 4733 485 484 
4541 418 419 4734 4715 
4542 4715 4734 4735 4716 
4543 4716 4735 4736 4717 
4544 4717 4736 4737 4718 
4545 4718 4737 4738 4719 
4546 4719 4738 4739 4720 
4547 4720 4739 4740 4721 
4548 4721 4740 4741 4722 
4549 4722 4741 4742 4723 
4550 4723 4742 4743 4724 
4551 4724 4743 4744 4725 
4552 4725 4744 4745 4726 
4553 4726 4745 4746 4727 
4554 4727 4746 4747 4728 
4555 4728 4747 4748 4729 
4556 4729 4748 4749 4730 
4557 4730 4749 4750 4731 
4558 4731 4750 4751 4732 
4559 4732 4751 4752 4733 
4560 4733 4752 486 485 
4561 419 420 4753 4734 
4562 4734 4753 4754 4735 
4563 4735 4754 4755 4736 
4564 4736 4755 4756 4737 
4565 4737 4756 4757 4738 
4566 4738 4757 4758 4739 
4567 4739 4758 4759 4740 
4568 4740 4759 4760 4741 
4569 4741 4760 4761 4742 
4570 4742 4761 4762 4743 
4571 4743 4762 4763 4744 
4572 4744 4763 4764 4745 
4573 4745 4764 4765 4746 
4574 4746 4765 4766 4747 
4575 4747 4766 4767 4748 
4576 4748 4767 4768 4749 
4577 4749 4768 4769 4750 
4578 4750 4769 4770 4751 
4579 4751 4770 4771 4752 
4580 4752 4771 487 486 
4581 420 421 4772 4753 
4582 4753 4772 4773 4754 
4583 4754 4773 4774 4755 
4584 4755 4774 4775 4756 
4585 4756 4775 4776 4757 
4586 4757 4776 4777 4758 
4587 4758 4777 4778 4759 
4588 4759 4778 4779 4760 
4589 4760 4779 4780 4761 
4590 4761 4780 4781 4762 
4591 4762 4781 4782 4763 
4592 4763 4782 4783 4764 
4593 4764 4783 4784 4765 
4594 4765 4784 4785 4766 
4595 4766 4785 4786 4767 
4596 4767 4786 4787 4768 
4597 4768 4787 4788 4769 
4598 4769 4788 4789 4770 
4599 4770 4789 4790 4771 
4600 4771 4790 488 487 
4601 421 422 4791 4772 
4602 4772 4791 4792 4773 
4603 4773 4792 4793 4774 
4604 4774 4793 4794 4775 
4605 4775 4794 4795 4776 
4606 4776 4795 4796 4777 
4607 4777 4796 4797 4778 
4608 4778 4797 4798 4779 
4609 4779 4798 4799 4780 
4610 4780 4799 4800 4781 
4611 4781 4800 4801 4782 
4612 4782 4801 4802 4783 
4613 4783 4802 4803 4784 
4614 4784 4803 4804 4785 
4615 4785 4804 4805 4786 
4616 4786 4805 4806 4787 
4617 4787 4806 4807 4788 
4618 4788 4807 4808 4789 
4619 4789 4808 4809 4790 
4620 4790 4809 489 488 
4621 422 423 4810 4791 
4622 4791 4810 4811 4792 
4623 4792 4811 4812 4793 
4624 4793 4812 4813 4794 
4625 4794 4813 4814 4795 
4626 4795 4814 4815 4796 
4627 4796 4815 4816 4797 
4628 4797 4816 4817 4798 
4629 4798 4817 4818 4799 
4630 4799 4818 4819 4800 
4631 4800 4819 4820 4801 
4632 4801 4820 4821 4802 
4633 4802 4821 4822 4803 
4634 4803 4822 4823 4804 
4635 4804 4823 4824 4805 
4636 4805 4824 4825 4806 
4637 4806 4825 4826 4807 
4638 4807 4826 4827 4808 
4639 4808 4827 4828 4809 
4640 4809 4828 490 489 
4641 423 424 4829 4810 
4642 4810 4829 4830 4811 
4643 4811 4830 4831 4812 
4644 4812 4831 4832 4813 
4645 4813 4832 4833 4814 
4646 4814 4833 4834 4815 
4647 4815 4834 4835 4816 
4648 4816 4835 4836 4817 
4649 4817 4836 4837 4818 
4650 4818 4837 4838 4819 
4651 4819 4838 4839 4820 
4652 4820 4839 4840 4821 
4653 4821 4840 4841 4822 
4654 4822 4841 4842 4823 
4655 4823 4842 4843 4824 
4656 4824 4843 4844 4825 
4657 4825 4844 4845 4826 
4658 4826 4845 4846 4827 
4659 4827 4846 4847 4828 
4660 4828 4847 491 490 
4661 424 425 4848 4829 
4662 4829 4848 4849 4830 
4663 4830 4849 4850 4831 
4664 4831 4850 4851 4832 
4665 4832 4851 4852 4833 
4666 4833 4852 4853 4834 
4667 4834 4853 4854 4835 
4668 4835 4854 4855 4836 
4669 4836 4855 4856 4837 
4670 4837 4856 4857 4838 
4671 4838 4857 4858 4839 
4672 4839 4858 4859 4840 
4673 4840 4859 4860 4841 
4674 4841 4860 4861 4842 
4675 4842 4861 4862 4843 
4676 4843 4862 4863 4844 
4677 4844 4863 4864 4845 
4678 4845 4864 4865 4846 
4679 4846 4865 4866 4847 
4680 4847 4866 492 491 
4681 425 426 4867 4848 
4682 4848 4867 4868 4849 
4683 4849 4868 4869 4850 
4684 4850 4869 4870 4851 
4685 4851 4870 4871 4852 
4686 4852 4871 4872 4853 
4687 4853 4872 4873 4854 
4688 4854 4873 4874 4855 
4689 4855 4874 4875 4856 
4690 4856 4875 4876 4857 
4691 4857 4876 4877 4858 
4692 4858 4877 4878 4859 
4693 4859 4878 4879 4860 
4694 4860 4879 4880 4861 
4695 4861 4880 4881 4862 
4696 4862 4881 4882 4863 
4697 4863 4882 4883 4864 
4698 4864 4883 4884 4865 
4699 4865 4884 4885 4866 
4700 4866 4885 493 492 
4701 426 427 4886 4867 
4702 4867 4886 4887 4868 
4703 4868 4887 4888 4869 
4704 4869 4888 4889 4870 
4705 4870 4889 4890 4871 
4706 4871 4890 4891 4872 
4707 4872 4891 4892 4873 
4708 4873 4892 4893 4874 
4709 4874 4893 4894 4875 
4710 4875 4894 4895 4876 
4711 4876 4895 4896 4877 
4712 4877 4896 4897 4878 
4713 4878 4897 4898 4879 
4714 4879 4898 4899 4880 
4715 4880 4899 4900 4881 
4716 4881 4900 4901 4882 
4717 4882 4901 4902 4883 
4718 4883 4902 4903 4884 
4719 4884 4903 4904 4885 
4720 4885 4904 494 493 
4721 427 428 4905 4886 
4722 4886 4905 4906 4887 
4723 4887 4906 4907 4888 
4724 4888 4907 4908 4889 
4725 4889 4908 4909 4890 
4726 4890 4909 4910 4891 
4727 4891 4910 4911 4892 
4728 4892 4911 4912 4893 
4729 4893 4912 4913 4894 
4730 4894 4913 4914 4895 
4731 4895 4914 4915 4896 
4732 4896 4915 4916 4897 
4733 4897 4916 4917 4898 
4734 4898 4917 4918 4899 
4735 4899 4918 4919 4900 
4736 4900 4919 4920 4901 
4737 4901 4920 4921 4902 
4738 4902 4921 4922 4903 
4739 4903 4922 4923 4904 
4740 4904 4923 495 494 
4741 428 429 4924 4905 
4742 4905 4924 4925 4906 
4743 4906 4925 4926 4907 
4744 4907 4926 4927 4908 
4745 4908 4927 4928 4909 
4746 4909 4928 4929 4910 
4747 4910 4929 4930 4911 
4748 4911 4930 4931 4912 
4749 4912 4931 4932 4913 
4750 4913 4932 4933 4914 
4751 4914 4933 4934 4915 
4752 4915 4934 4935 4916 
4753 4916 4935 4936 4917 
4754 4917 4936 4937 4918 
4755 4918 4937 4938 4919 
4756 4919 4938 4939 4920 
4757 4920 4939 4940 4921 
4758 4921 4940 4941 4922 
4759 4922 4941 4942 4923 
4760 4923 4942 496 495 
4761 429 430 4943 4924 
4762 4924 4943 4944 4925 
4763 4925 4944 4945 4926 
4764 4926 4945 4946 4927 
4765 4927 4946 4947 4928 
4766 4928 4947 4948 4929 
4767 4929 4948 4949 4930 
4768 4930 4949 4950 4931 
4769 4931 4950 4951 4932 
4770 4932 4951 4952 4933 
4771 4933 4952 4953 4934 
4772 4934 4953 4954 4935 
4773 4935 4954 4955 4936 
4774 4936 4955 4956 4937 
4775 4937 4956 4957 4938 
4776 4938 4957 4958 4939 
4777 4939 4958 4959 4940 
4778 4940 4959 4960 4941 
4779 4941 4960 4961 4942 
4780 4942 4961 497 496 
4781 430 431 4962 4943 
4782 4943 4962 4963 4944 
4783 4944 4963 4964 4945 
4784 4945 4964 4965 4946 
4785 4946 4965 4966 4947 
4786 4947 4966 4967 4948 
4787 4948 4967 4968 4949 
4788 4949 4968 4969 4950 
4789 4950 4969 4970 4951 
4790 4951 4970 4971 4952 
4791 4952 4971 4972 4953 
4792 4953 4972 4973 4954 
4793 4954 4973 4974 4955 
4794 4955 4974 4975 4956 
4795 4956 4975 4976 4957 
4796 4957 4976 4977 4958 
4797 4958 4977 4978 4959 
4798 4959 4978 4979 4960 
4799 4960 4979 4980 4961 
4800 4961 4980 498 497 
4801 431 432 4981 4962 
4802 4962 4981 4982 4963 
4803 4963 4982 4983 4964 
4804 4964 4983 4984 4965 
4805 4965 4984 4985 4966 
4806 4966 4985 4986 4967 
4807 4967 4986 4987 4968 
4808 4968 4987 4988 4969 
4809 4969 4988 4989 4970 
4810 4970 4989 4990 4971 
4811 4971 4990 4991 4972 
4812 4972 4991 4992 4973 
4813 4973 4992 4993 4974 
4814 4974 4993 4994 4975 
4815 4975 4994 4995 4976 
4816 4976 4995 4996 4977 
4817 4977 4996 4997 4978 
4818 4978 4997 4998 4979 
4819 4979 4998 4999 4980 
4820 4980 4999 499 498 
4821 432 433 5000 4981 
4822 4981 5000 5001 4982 
4823 4982 5001 5002 4983 
4824 4983 5002 5003 4984 
4825 4984 5003 5004 4985 
4826 4985 5004 5005 4986 
4827 4986 5005 5006 4987 
4828 4987 5006 5007 4988 
4829 4988 5007 5008 4989 
4830 4989 5008 5009 4990 
4831 4990 5009 5010 4991 
4832 4991 5010 5011 4992 
4833 4992 5011 5012 4993 
4834 4993 5012 5013 4994 
4835 4994 5013 5014 4995 
4836 4995 5014 5015 4996 
4837 4996 5015 5016 4997 
4838 4997 5016 5017 4998 
4839 4998 5017 5018 4999 
4840 4999 5018 500 499 
4841 433 434 5019 5000 
4842 5000 5019 5020 5001 
4843 5001 5020 5021 5002 
4844 5002 5021 5022 5003 
4845 5003 5022 5023 5004 
4846 5004 5023 5024 5005 
4847 5005 5024 5025 5006 
4848 5006 5025 5026 5007 
4849 5007 5026 5027 5008 
4850 5008 5027 5028 5009 
4851 5009 5028 5029 5010 
4852 5010 5029 5030 5011 
4853 5011 5030 5031 5012 
4854 5012 5031 5032 5013 
4855 5013 5032 5033 5014 
4856 5014 5033 5034 5015 
4857 5015 5034 5035 5016 
4858 5016 5035 5036 5017 
4859 5017 5036 5037 5018 
4860 5018 5037 501 500 
4861 434 435 5038 5019 
4862 5019 5038 5039 5020 
4863 5020 5039 5040 5021 
4864 5021 5040 5041 5022 
4865 5022 5041 5042 5023 
4866 5023 5042 5043 5024 
4867 5024 5043 5044 5025 
4868 5025 5044 5045 5026 
4869 5026 5045 5046 5027 
4870 5027 5046 5047 5028 
4871 5028 5047 5048 5029 
4872 5029 5048 5049 5030 
4873 5030 5049 5050 5031 
4874 5031 5050 5051 5032 
4875 5032 5051 5052 5033 
4876 5033 5052 5053 5034 
4877 5034 5053 5054 5035 
4878 5035 5054 5055 5036 
4879 5036 5055 5056 5037 
4880 5037 5056 502 501 
4881 435 436 5057 5038 
4882 5038 5057 5058 5039 
4883 5039 5058 5059 5040 
4884 5040 5059 5060 5041 
4885 5041 5060 5061 5042 
4886 5042 5061 5062 5043 
4887 5043 5062 5063 5044 
4888 5044 5063 5064 5045 
4889 5045 5064 5065 5046 
4890 5046 5065 5066 5047 
4891 5047 5066 5067 5048 
4892 5048 5067 5068 5049 
4893 5049 5068 5069 5050 
4894 5050 5069 5070 5051 
4895 5051 5070 5071 5052 
4896 5052 5071 5072 5053 
4897 5053 5072 5073 5054 
4898 5054 5073 5074 5055 
4899 5055 5074 5075 5056 
4900 5056 5075 503 502 
4901 436 437 5076 5057 
4902 5057 5076 5077 5058 
4903 5058 5077 5078 5059 
4904 5059 5078 5079 5060 
4905 5060 5079 5080 5061 
4906 5061 5080 5081 5062 
4907 5062 5081 5082 5063 
4908 5063 5082 5083 5064 
4909 5064 5083 5084 5065 
4910 5065 5084 5085 5066 
4911 5066 5085 5086 5067 
4912 5067 5086 5087 5068 
4913 5068 5087 5088 5069 
4914 5069 5088 5089 5070 
4915 5070 5089 5090 5071 
4916 5071 5090 5091 5072 
4917 5072 5091 5092 5073 
4918 5073 5092 5093 5074 
4919 5074 5093 5094 5075 
4920 5075 5094 504 503 
4921 437 438 5095 5076 
4922 5076 5095 5096 5077 
4923 5077 5096 5097 5078 
4924 5078 5097 5098 5079 
4925 5079 5098 5099 5080 
4926 5080 5099 5100 5081 
4927 5081 5100 5101 5082 
4928 5082 5101 5102 5083 
4929 5083 5102 5103 5084 
4930 5084 5103 5104 5085 
4931 5085 5104 5105 5086 
4932 5086 5105 5106 5087 
4933 5087 5106 5107 5088 
4934 5088 5107 5108 5089 
4935 5089 5108 5109 5090 
4936 5090 5109 5110 5091 
4937 5091 5110 5111 5092 
4938 5092 5111 5112 5093 
4939 5093 5112 5113 5094 
4940 5094 5113 505 504 
4941 438 439 5114 5095 
4942 5095 5114 5115 5096 
4943 5096 5115 5116 5097 
4944 5097 5116 5117 5098 
4945 5098 5117 5118 5099 
4946 5099 5118 5119 5100 
4947 5100 5119 5120 5101 
4948 5101 5120 5121 5102 
4949 5102 5121 5122 5103 
4950 5103 5122 5123 5104 
4951 5104 5123 5124 5105 
4952 5105 5124 5125 5106 
4953 5106 5125 5126 5107 
4954 5107 5126 5127 5108 
4955 5108 5127 5128 5109 
4956 5109 5128 5129 5110 
4957 5110 5129 5130 5111 
4958 5111 5130 5131 5112 
4959 5112 5131 5132 5113 
4960 5113 5132 506 505 
4961 439 440 5133 5114 
4962 5114 5133 5134 5115 
4963 5115 5134 5135 5116 
4964 5116 5135 5136 5117 
4965 5117 5136 5137 5118 
4966 5118 5137 5138 5119 
4967 5119 5138 5139 5120 
4968 5120 5139 5140 5121 
4969 5121 5140 5141 5122 
4970 5122 5141 5142 5123 
4971 5123 5142 5143 5124 
4972 5124 5143 5144 5125 
4973 5125 5144 5145 5126 
4974 5126 5145 5146 5127 
4975 5127 5146 5147 5128 
4976 5128 5147 5148 5129 
4977 5129 5148 5149 5130 
4978 5130 5149 5150 5131 
4979 5131 5150 5151 5132 
4980 5132 5151 507 506 
4981 440 12 527 5133 
4982 5133 527 528 5134 
4983 5134 528 529 5135 
4984 5135 529 530 5136 
4985 5136 530 531 5137 
4986 5137 531 532 5138 
4987 5138 532 533 5139 
4988 5139 533 534 5140 
4989 5140 534 535 5141 
4990 5141 535 536 5142 
4991 5142 536 537 5143 
4992 5143 537 538 5144 
4993 5144 538 539 5145 
4994 5145 539 540 5146 
4995 5146 540 541 5147 
4996 5147 541 542 5148 
4997 5148 542 543 5149 
4998 5149 543 544 5150 
4999 5150 544 545 5151 
5000 5151 545 14 507 
2 7 2 1
5001 1 113 354 
2 7 3 19
5002 113 114 355 354 
5003 114 115 356 355 
5004 115 116 357 356 
5005 116 117 358 357 
5006 117 118 359 358 
5007 118 119 360 359 
5008 119 120 361 360 
5009 120 121 362 361 
5010 121 122 363 362 
5011 122 123 364 363 
5012 123 124 365 364 
5013 124 125 366 365 
5014 125 126 367 366 
5015 126 127 368 367 
5016 127 128 369 368 
5017 128 129 370 369 
5018 129 130 371 370 
5019 130 131 372 371 
5020 131 3 9 372 
2 8 3 10
5021 3 200 441 9 
5022 200 201 442 441 
5023 201 202 443 442 
5024 202 203 444 443 
5025 203 204 445 444 
5026 204 205 446 445 
5027 205 206 447 446 
5028 206 207 448 447 
5029 207 208 449 448 
5030 208 5 11 449 
2 9 3 20
5031 5 267 508 11 
5032 267 268 509 508 
5033 268 269 510 509 
5034 269 270 511 510 
5035 270 271 512 511 
5036 271 272 513 512 
5037 272 273 514 513 
5038 273 274 515 514 
5039 274 275 516 515 
5040 275 276 517 516 
5041 276 277 518 517 
5042 277 278 519 518 
5043 278 279 520 519 
5044 279 280 521 520 
5045 280 281 522 521 
5046 281 282 523 522 
5047 282 283 524 523 
5048 283 284 525 524 
5049 284 285 526 525 
5050 285 7 13 526 
2 10 2 1
5051 2 132 373 
2 10 3 19
5052 132 133 374 373 
5053 133 134 375 374 
5054 134 135 376 375 
5055 135 136 377 376 
5056 136 137 378 377 
5057 137 138 379 378 
5058 138 139 380 379 
5059 139 140 381 380 
5060 140 141 382 381 
5061 141 142 383 382 
5062 142 143 384 383 
5063 143 144 385 384 
5064 144 145 386 385 
5065 145 146 387 386 
5066 146 147 388 387 
5067 147 148 389 388 
5068 148 149 390 389 
5069 149 150 391 390 
5070 150 4 10 391 
2 11 3 10
5071 4 209 450 10 
5072 209 210 451 450 
5073 210 211 452 451 
5074 211 212 453 452 
5075 212 213 454 453 
5076 213 214 455 454 
5077 214 215 456 455 
5078 215 216 457 456 
5079 216 217 458 457 
5080 217 6 12 458 
2 12 3 20
5081 6 286 527 12 
5082 286 287 528 527 
5083 287 288 529 528 
5084 288 289 530 529 
5085 289 290 531 530 
5086 290 291 532 531 
5087 291 292 533 532 
5088 292 293 534 533 
5089 293 294 535 534 
5090 294 295 536 535 
5091 295 296 537 536 
5092 296 297 538 537 
5093 297 298 539 538 
5094 298 299 540 539 
5095 299 300 541 540 
5096 300 301 542 541 
5097 301 302 543 542 
5098 302 303 544 543 
5099 303 304 545 544 
5100 304 8 14 545 
2 15 3 50
5101 7 218 459 13 
5102 218 219 460 459 
5103 219 220 461 460 
5104 220 221 462 461 
5105 221 222 463 462 
5106 222 223 464 463 
5107 223 224 465 464 
5108 224 225 466 465 
5109 225 226 467 466 
5110 226 227 468 467 
5111 227 228 469 468 
5112 228 229 470 469 
5113 229 230 471 470 
5114 230 231 472 471 
5115 231 232 473 472 
5116 232 233 474 473 
5117 233 234 475 474 
5118 234 235 476 475 
5119 235 236 477 476 
5120 236 237 478 477 
5121 237 238 479 478 
5122 238 239 480 479 
5123 239 240 481 480 
5124 240 241 482 481 
5125 241 242 483 482 
5126 242 243 484 483 
5127 243 244 485 484 
5128 244 245 486 485 
5129 245 246 487 486 
5130 246 247 488 487 
5131 247 248 489 488 
5132 248 249 490 489 
5133 249 250 491 490 
5134 250 251 492 491 
5135 251 252 493 492 
5136 252 253 494 493 
5137 253 254 495 494 
5138 254 255 496 495 
5139 255 256 497 496 
5140 256 257 498 497 
5141 257 258 499 498 
5142 258 259 500 499 
5143 259 260 501 500 
5144 260 261 502 501 
5145 261 262 503 502 
5146 262 263 504 503 
5147 263 264 505 504 
5148 264 265 506 505 
5149 265 266 507 506 
5150 266 8 14 507 
3 1 5 950
5151 113 114 355 354 546 547 2850 2849 
5152 546 547 2850 2849 565 566 2869 2868 
5153 565 566 2869 2868 584 585 2888 2887 
5154 584 585 2888 2887 603 604 2907 2906 
5155 603 604 2907 2906 622 623 2926 2925 
5156 622 623 2926 2925 641 642 2945 2944 
5157 641 642 2945 2944 660 661 2964 2963 
5158 660 661 2964 2963 679 680 2983 2982 
5159 679 680 2983 2982 698 699 3002 3001 
5160 698 699 3002 3001 717 718 3021 3020 
5161 717 718 3021 3020 736 737 3040 3039 
5162 736 737 3040 3039 755 756 3059 3058 
5163 755 756 3059 3058 774 775 3078 3077 
5164 774 775 3078 3077 793 794 3097 3096 
5165 793 794 3097 3096 812 813 3116 3115 
5166 812 813 3116 3115 831 832 3135 3134 
5167 831 832 3135 3134 850 851 3154 3153 
5168 850 851 3154 3153 869 870 3173 3172 
5169 869 870 3173 3172 888 889 3192 3191 
5170 888 889 3192 3191 907 908 3211 3210 
5171 907 908 3211 3210 926 927 3230 3229 
5172 926 927 3230 3229 945 946 3249 3248 
5173 945 946 3249 3248 964 965 3268 3267 
5174 964 965 3268 3267 983 984 3287 3286 
5175 983 984 3287 3286 1002 1003 3306 3305 
5176 1002 1003 3306 3305 1021 1022 3325 3324 
5177 1021 1022 3325 3324 1040 1041 3344 3343 
5178 1040 1041 3344 3343 1059 1060 3363 3362 
5179 1059 1060 3363 3362 1078 1079 3382 3381 
5180 1078 1079 3382 3381 1097 1098 3401 3400 
5181 1097 1098 3401 3400 1116 1117 3420 3419 
5182 1116 1117 3420 3419 1135 1136 3439 3438 
5183 1135 1136 3439 3438 1154 1155 3458 3457 
5184 1154 1155 3458 3457 1173 1174 3477 3476 
5185 1173 1174 3477 3476 1192 1193 3496 3495 
5186 1192 1193 3496 3495 1211 1212 3515 3514 
5187 1211 1212 3515 3514 1230 1231 3534 3533 
5188 1230 1231 3534 3533 1249 1250 3553 3552 
5189 1249 1250 3553 3552 1268 1269 3572 3571 
5190 1268 1269 3572 3571 1287 1288 3591 3590 
5191 1287 1288 3591 3590 1306 1307 3610 3609 
5192 1306 1307 3610 3609 1325 1326 3629 3628 
5193 1325 1326 3629 3628 1344 1345 3648 3647 
5194 1344 1345 3648 3647 1363 1364 3667 3666 
5195 1363 1364 3667 3666 1382 1383 3686 3685 
5196 1382 1383 3686 3685 1401 1402 3705 3704 
5197 1401 1402 3705 3704 1420 1421 3724 3723 
5198 1420 1421 3724 3723 1439 1440 3743 3742 
5199 1439 1440 3743 3742 1458 1459 3762 3761 
5200 1458 1459 3762 3761 132 133 374 373 
5201 114 115 356 355 547 548 2851 2850 
5202 547 548 2851 2850 566 567 2870 2869 
5203 566 567 2870 2869 585 586 2889 2888 
5204 585 586 2889 2888 604 605 2908 2907 
5205 604 605 2908 2907 623 624 2927 2926 
5206 623 624 2927 2926 642 643 2946 2945 
5207 642 643 2946 2945 661 662 2965 2964 
5208 661 662 2965 2964 680 681 2984 2983 
5209 680 681 2984 2983 699 700 3003 3002 
5210 699 700 3003 3002 718 719 3022 3021 
5211 718 719 3022 3021 737 738 3041 3040 
5212 737 738 3041 3040 756 757 3060 3059 
5213 756 757 3060 3059 775 776 3079 3078 
5214 775 776 3079 3078 794 795 3098 3097 
5215 794 795 3098 3097 813 814 3117 3116 
5216 813 814 3117 3116 832 833 3136 3135 
5217 832 833 3136 3135 851 852 3155 3154 
5218 851 852 3155 3154 870 871 3174 3173 
5219 870 871 3174 3173 889 890 3193 3192 
5220 889 890 3193 3192 908 909 3212 3211 
5221 908 909 3212 3211 927 928 3231 3230 
5222 927 928 3231 3230 946 947 3250 3249 
5223 946 947 3250 3249 965 966 3269 3268 
5224 965 966 3269 3268 984 985 3288 3287 
5225 984 985 3288 3287 1003 1004 3307 3306 
5226 1003 1004 3307 3306 1022 1023 3326 3325 
5227 1022 1023 3326 3325 1041 1042 3345 3344 
5228 1041 1042 3345 3344 1060 1061 3364 3363 
5229 1060 1061 3364 3363 1079 1080 3383 3382 
5230 1079 1080 3383 3382 1098 1099 3402 3401 
5231 1098 1099 3402 3401 1117 1118 3421 3420 
5232 1117 1118 3421 3420 1136 1137 3440 3439 
5233 1136 1137 3440 3439 1155 1156 3459 3458 
5234 1155 1156 3459 3458 1174 1175 3478 3477 
5235 1174 1175 3478 3477 1193 1194 3497 3496 
5236 1193 1194 3497 3496 1212 1213 3516 3515 
5237 1212 1213 3516 3515 1231 1232 3535 3534 
5238 1231 1232 3535 3534 1250 1251 3554 3553 
5239 1250 1251 3554 3553 1269 1270 3573 3572 
5240 1269 1270 3573 3572 1288 1289 3592 3591 
5241 1288 1289 3592 3591 1307 1308 3611 3610 
5242 1307 1308 3611 3610 1326 1327 3630 3629 
5243 1326 1327 3630 3629 1345 1346 3649 3648 
5244 1345 1346 3649 3648 1364 1365 3668 3667 
5245 1364 1365 3668 3667 1383 1384 3687 3686 
5246 1383 1384 3687 3686 1402 1403 3706 3705 
5247 1402 1403 3706 3705 1421 1422 3725 3724 
5248 1421 1422 3725 3724 1440 1441 3744 3743 
5249 1440 1441 3744 3743 1459 1460 3763 3762 
5250 1459 1460 3763 3762 133 134 375 374 
5251 115 116 357 356 548 549 2852 2851 
5252 548 549 2852 2851 567 568 2871 2870 
5253 567 568 2871 2870 586 587 2890 2889 
5254 586 587 2890 2889 605 606 2909 2908 
5255 605 606 2909 2908 624 625 2928 2927 
5256 624 625 2928 2927 643 644 2947 2946 
5257 643 644 2947 2946 662 663 2966 2965 
5258 662 663 2966 2965 681 682 2985 2984 
5259 681 682 2985 2984 700 701 3004 3003 
5260 700 701 3004 3003 719 720 3023 3022 
5261 719 720 3023 3022 738 739 3042 3041 
5262 738 739 3042 3041 757 758 3061 3060 
5263 757 758 3061 3060 776 777 3080 3079 
5264 776 777 3080 3079 795 796 3099 3098 
5265 795 796 3099 3098 814 815 3118 3117 
5266 814 815 3118 3117 833 834 3137 3136 
5267 833 834 3137 3136 852 853 3156 3155 
5268 852 853 3156 3155 871 872 3175 3174 
5269 871 872 3175 3174 890 891 3194 3193 
5270 890 891 3194 3193 909 910 3213 3212 
5271 909 910 3213 3212 928 929 3232 3231 
5272 928 929 3232 3231 947 948 3251 3250 
5273 947 948 3251 3250 966 967 3270 3269 
5274 966 967 3270 3269 985 986 3289 3288 
5275 985 986 3289 3288 1004 1005 3308 3307 
5276 1004 1005 3308 3307 1023 1024 3327 3326 
5277 1023 1024 3327 3326 1042 1043 3346 3345 
5278 1042 1043 3346 3345 1061 1062 3365 3364 
5279 1061 1062 3365 3364 1080 1081 3384 3383 
5280 1080 1081 3384 3383 1099 1100 3403 3402 
5281 1099 1100 3403 3402 1118 1119 3422 3421 
5282 1118 1119 3422 3421 1137 1138 3441 3440 
5283 1137 1138 3441 3440 1156 1157 3460 3459 
5284 1156 1157 3460 3459 1175 1176 3479 3478 
5285 1175 1176 3479 3478 1194 1195 3498 3497 
5286 1194 1195 3498 3497 1213 1214 3517 3516 
5287 1213 1214 3517 3516 1232 1233 3536 3535 
5288 1232 1233 3536 3535 1251 1252 3555 3554 
5289 1251 1252 3555 3554 1270 1271 3574 3573 
5290 1270 1271 3574 3573 1289 1290 3593 3592 
5291 1289 1290 3593 3592 1308 1309 3612 3611 
5292 1308 1309 3612 3611 1327 1328 3631 3630 
5293 1327 1328 3631 3630 1346 1347 3650 3649 
5294 1346 1347 3650 3649 1365 1366 3669 3668 
5295 1365 1366 3669 3668 1384 1385 3688 3687 
5296 1384 1385 3688 3687 1403 1404 3707 3706 
5297 1403 1404 3707 3706 1422 1423 3726 3725 
5298 1422 1423 3726 3725 1441 1442 3745 3744 
5299 1441 1442 3745 3744 1460 1461 3764 3763 
5300 1460 1461 3764 3763 134 135 376 375 
5301 116 117 358 357 549 550 2853 2852 
5302 549 550 2853 2852 568 569 2872 2871 
5303 568 569 2872 2871 587 588 2891 2890 
5304 587 588 2891 2890 606 607 2910 2909 
5305 606 607 2910 2909 625 626 2929 2928 
5306 625 626 2929 2928 644 645 2948 2947 
5307 644 645 2948 2947 663 664 2967 2966 
5308 663 664 2967 2966 682 683 2986 2985 
5309 682 683 2986 2985 701 702 3005 3004 
5310 701 702 3005 3004 720 721 3024 3023 
5311 720 721 3024 3023 739 740 3043 3042 
5312 739 740 3043 3042 758 759 3062 3061 
5313 758 759 3062 3061 777 778 3081 3080 
5314 777 778 3081 3080 796 797 3100 3099 
5315 796 797 3100 3099 815 816 3119 3118 
5316 815 816 3119 3118 834 835 3138 3137 
5317 834 835 3138 3137 853 854 3157 3156 
5318 853 854 3157 3156 872 873 3176 3175 
5319 872 873 3176 3175 891 892 3195 3194 
5320 891 892 3195 3194 910 911 3214 3213 
5321 910 911 3214 3213 929 930 3233 3232 
5322 929 930 3233 3232 948 949 3252 3251 
5323 948 949 3252 3251 967 968 3271 3270 
5324 967 968 3271 3270 986 987 3290 3289 
5325 986 987 3290 3289 1005 1006 3309 3308 
5326 1005 1006 3309 3308 1024 1025 3328 3327 
5327 1024 1025 3328 3327 1043 1044 3347 3346 
5328 1043 1044 3347 3346 1062 1063 3366 3365 
5329 1062 1063 3366 3365 1081 1082 3385 3384 
5330 1081 1082 3385 3384 1100 1101 3404 3403 
5331 1100 1101 3404 3403 1119 1120 3423 3422 
5332 1119 1120 3423 3422 1138 1139 3442 3441 
5333 1138 1139 3442 3441 1157 1158 3461 3460 
5334 1157 1158 3461 3460 1176 1177 3480 3479 
5335 1176 1177 3480 3479 1195 1196 3499 3498 
5336 1195 1196 3499 3498 1214 1215 3518 3517 
5337 1214 1215 3518 3517 1233 1234 3537 3536 
5338 1233 1234 3537 3536 1252 1253 3556 3555 
5339 1252 1253 3556 3555 1271 1272 3575 3574 
5340 1271 1272 3575 3574 1290 1291 3594 3593 
5341 1290 1291 3594 3593 1309 1310 3613 3612 
5342 1309 1310 3613 3612 1328 1329 3632 3631 
5343 1328 1329 3632 3631 1347 1348 3651 3650 
5344 1347 1348 3651 3650 1366 1367 3670 3669 
5345 1366 1367 3670 3669 1385 1386 3689 3688 
5346 1385 1386 3689 3688 1404 1405 3708 3707 
5347 1404 1405 3708 3707 1423 1424 3727 3726 
5348 1423 1424 3727 3726 1442 1443 3746 3745 
5349 1442 1443 3746 3745 1461 1462 3765 3764 
5350 1461 1462 3765 3764 135 136 377 376 
5351 117 118 359 358 550 551 2854 2853 
5352 550 551 2854 2853 569 570 2873 2872 
5353 569 570 2873 2872 588 589 2892 2891 
5354 588 589 2892 2891 607 608 2911 2910 
5355 607 608 2911 2910 626 627 2930 2929 
5356 626 627 2930 2929 645 646 2949 2948 
5357 645 646 2949 2948 664 665 2968 2967 
5358 664 665 2968 2967 683 684 2987 2986 
5359 683 684 2987 2986 702 703 3006 3005 
5360 702 703 3006 3005 721 722 3025 3024 
5361 721 722 3025 3024 740 741 3044 3043 
5362 740 741 3044 3043 759 760 3063 3062 
5363 759 760 3063 3062 778 779 3082 3081 
5364 778 779 3082 3081 797 798 3101 3100 
5365 797 798 3101 3100 816 817 3120 3119 
5366 816 817 3120 3119 835 836 3139 3138 
5367 835 836 3139 3138 854 855 3158 3157 
5368 854 855 3158 3157 873 874 3177 3176 
5369 873 874 3177 3176 892 893 3196 3195 
5370 892 893 3196 3195 911 912 3215 3214 
5371 911 912 3215 3214 930 931 3234 3233 
5372 930 931 3234 3233 949 950 3253 3252 
5373 949 950 3253 3252 968 969 3272 3271 
5374 968 969 3272 3271 987 988 3291 3290 
5375 987 988 3291 3290 1006 1007 3310 3309 
5376 1006 1007 3310 3309 1025 1026 3329 3328 
5377 1025 1026 3329 3328 1044 1045 3348 3347 
5378 1044 1045 3348 3347 1063 1064 3367 3366 
5379 1063 1064 3367 3366 1082 1083 3386 3385 
5380 1082 1083 3386 3385 1101 1102 3405 3404 
5381 1101 1102 3405 3404 1120 1121 3424 3423 
5382 1120 1121 3424 3423 1139 1140 3443 3442 
5383 1139 1140 3443 3442 1158 1159 3462 3461 
5384 1158 1159 3462 3461 1177 1178 3481 3480 
5385 1177 1178 3481 3480 1196 1197 3500 3499 
5386 1196 1197 3500 3499 1215 1216 3519 3518 
5387 1215 1216 3519 3518 1234 1235 3538 3537 
5388 1234 1235 3538 3537 1253 1254 3557 3556 
5389 1253 1254 3557 3556 1272 1273 3576 3575 
5390 1272 1273 3576 3575 1291 1292 3595 3594 
5391 1291 1292 3595 3594 1310 1311 3614 3613 
5392 1310 1311 3614 3613 1329 1330 3633 3632 
5393 1329 1330 3633 3632 1348 1349 3652 3651 
5394 1348 1349 3652 3651 1367 1368 3671 3670 
5395 1367 1368 3671 3670 1386 1387 3690 3689 
5396 1386 1387 3690 3689 1405 1406 3709 3708 
5397 1405 1406 3709 3708 1424 1425 3728 3727 
5398 1424 1425 3728 3727 1443 1444 3747 3746 
5399 1443 1444 3747 3746 1462 1463 3766 3765 
5400 1462 1463 3766 3765 136 137 378 377 
5401 118 119 360 359 551 552 2855 2854 
5402 551 552 2855 2854 570 571 2874 2873 
5403 570 571 2874 2873 589 590 2893 2892 
5404 589 590 2893 2892 608 609 2912 2911 
5405 608 609 2912 2911 627 628 2931 2930 
5406 627 628 2931 2930 646 647 2950 2949 
5407 646 647 2950 2949 665 666 2969 2968 
5408 665 666 2969 2968 684 685 2988 2987 
5409 684 685 2988 2987 703 704 3007 3006 
5410 703 704 3007 3006 722 723 3026 3025 
5411 722 723 3026 3025 741 742 3045 3044 
5412 741 742 3045 3044 760 761 3064 3063 
5413 760 761 3064 3063 779 780 3083 3082 
5414 779 780 3083 3082 798 799 3102 3101 
5415 798 799 3102 3101 817 818 3121 3120 
5416 817 818 3121 3120 836 837 3140 3139 
5417 836 837 3140 3139 855 856 3159 3158 
5418 855 856 3159 3158 874 875 3178 3177 
5419 874 875 3178 3177 893 894 3197 3196 
5420 893 894 3197 3196 912 913 3216 3215 
5421 912 913 3216 3215 931 932 3235 3234 
5422 931 932 3235 3234 950 951 3254 3253 
5423 950 951 3254 3253 969 970 3273 3272 
5424 969 970 3273 3272 988 989 3292 3291 
5425 988 989 3292 3291 1007 1008 3311 3310 
5426 1007 1008 3311 3310 1026 1027 3330 3329 
5427 1026 1027 3330 3329 1045 1046 3349 3348 
5428 1045 1046 3349 3348 1064 1065 3368 3367 
5429 1064 1065 3368 3367 1083 1084 3387 3386 
5430 1083 1084 3387 3386 1102 1103 3406 3405 
5431 1102 1103 3406 3405 1121 1122 3425 3424 
5432 1121 1122 3425 3424 1140 1141 3444 3443 
5433 1140 1141 3444 3443 1159 1160 3463 3462 
5434 1159 1160 3463 3462 1178 1179 3482 3481 
5435 1178 1179 3482 3481 1197 1198 3501 3500 
5436 1197 1198 3501 3500 1216 1217 3520 3519 
5437 1216 1217 3520 3519 1235 1236 3539 3538 
5438 1235 1236 3539 3538 1254 1255 3558 3557 
5439 1254 1255 3558 3557 1273 1274 3577 3576 
5440 1273 1274 3577 3576 1292 1293 3596 3595 
5441 1292 1293 3596 3595 1311 1312 3615 3614 
5442 1311 1312 3615 3614 1330 1331 3634 3633 
5443 1330 1331 3634 3633 1349 1350 3653 3652 
5444 1349 1350 3653 3652 1368 1369 3672 3671 
5445 1368 1369 3672 3671 1387 1388 3691 3690 
5446 1387 1388 3691 3690 1406 1407 3710 3709 
5447 1406 1407 3710 3709 1425 1426 3729 3728 
5448 1425 1426 3729 3728 1444 1445 3748 3747 
5449 1444 1445 3748 3747 1463 1464 3767 3766 
5450 1463 1464 3767 3766 137 138 379 378 
5451 119 120 361 360 552 553 2856 2855 
5452 552 553 2856 2855 571 572 2875 2874 
5453 571 572 2875 2874 590 591 2894 2893 
5454 590 591 2894 2893 609 610 2913 2912 
5455 609 610 2913 2912 628 629 2932 2931 
5456 628 629 2932 2931 647 648 2951 2950 
5457 647 648 2951 2950 666 667 2970 2969 
5458 666 667 2970 2969 685 686 2989 2988 
5459 685 686 2989 2988 704 705 3008 3007 
5460 704 705 3008 3007 723 724 3027 3026 
5461 723 724 3027 3026 742 743 3046 3045 
5462 742 743 3046 3045 761 762 3065 3064 
5463 761 762 3065 3064 780 781 3084 3083 
5464 780 781 3084 3083 799 800 3103 3102 
5465 799 800 3103 3102 818 819 3122 3121 
5466 818 819 3122 3121 837 838 3141 3140 
5467 837 838 3141 3140 856 857 3160 3159 
5468 856 857 3160 3159 875 876 3179 3178 
5469 875 876 3179 3178 894 895 3198 3197 
5470 894 895 3198 3197 913 914 3217 3216 
5471 913 914 3217 3216 932 933 3236 3235 
5472 932 933 3236 3235 951 952 3255 3254 
5473 951 952 3255 3254 970 971 3274 3273 
5474 970 971 3274 3273 989 990 3293 3292 
5475 989 990 3293 3292 1008 1009 3312 3311 
5476 1008 1009 3312 3311 1027 1028 3331 3330 
5477 1027 1028 3331 3330 1046 1047 3350 3349 
5478 1046 1047 3350 3349 1065 1066 3369 3368 
5479 1065 1066 3369 3368 1084 1085 3388 3387 
5480 1084 1085 3388 3387 1103 1104 3407 3406 
5481 1103 1104 3407 3406 1122 1123 3426 3425 
5482 1122 1123 3426 3425 1141 1142 3445 3444 
5483 1141 1142 3445 3444 1160 1161 3464 3463 
5484 1160 1161 3464 3463 1179 1180 3483 3482 
5485 1179 1180 3483 3482 1198 1199 3502 3501 
5486 1198 1199 3502 3501 1217 1218 3521 3520 
5487 1217 1218 3521 3520 1236 1237 3540 3539 
5488 1236 1237 3540 3539 1255 1256 3559 3558 
5489 1255 1256 3559 3558 1274 1275 3578 3577 
5490 1274 1275 3578 3577 1293 1294 3597 3596 
5491 1293 1294 3597 3596 1312 1313 3616 3615 
5492 1312 1313 3616 3615 1331 1332 3635 3634 
5493 1331 1332 3635 3634 1350 1351 3654 3653 
5494 1350 1351 3654 3653 1369 1370 3673 3672 
5495 1369 1370 3673 3672 1388 1389 3692 3691 
5496 1388 1389 3692 3691 1407 1408 3711 3710 
5497 1407 1408 3711 3710 1426 1427 3730 3729 
5498 1426 1427 3730 3729 1445 1446 3749 3748 
5499 1445 1446 3749 3748 1464 1465 3768 3767 
5500 1464 1465 3768 3767 138 139 380 379 
5501 120 121 362 361 553 554 2857 2856 
5502 553 554 2857 2856 572 573 2876 2875 
5503 572 573 2876 2875 591 592 2895 2894 
5504 591 592 2895 2894 610 611 2914 2913 
5505 610 611 2914 2913 629 630 2933 2932 
5506 629 630 2933 2932 648 649 2952 2951 
5507 648 649 2952 2951 667 668 2971 2970 
5508 667 668 2971 2970 686 687 2990 2989 
5509 686 687 2990 2989 705 706 3009 3008 
5510 705 706 3009 3008 724 725 3028 3027 
5511 724 725 3028 3027 743 744 3047 3046 
5512 743 744 3047 3046 762 763 3066 3065 
5513 762 763 3066 3065 781 782 3085 3084 
5514 781 782 3085 3084 800 801 3104 3103 
5515 800 801 3104 3103 819 820 3123 3122 
5516 819 820 3123 3122 838 839 3142 3141 
5517 838 839 3142 3141 857 858 3161 3160 
5518 857 858 3161 3160 876 877 3180 3179 
5519 876 877 3180 3179 895 896 3199 3198 
5520 895 896 3199 3198 914 915 3218 3217 
5521 914 915 3218 3217 933 934 3237 3236 
5522 933 934 3237 3236 952 953 3256 3255 
5523 952 953 3256 3255 971 972 3275 3274 
5524 971 972 3275 3274 990 991 3294 3293 
5525 990 991 3294 3293 1009 1010 3313 3312 
5526 1009 1010 3313 3312 1028 1029 3332 3331 
5527 1028 1029 3332 3331 1047 1048 3351 3350 
5528 1047 1048 3351 3350 1066 1067 3370 3369 
5529 1066 1067 3370 3369 1085 1086 3389 3388 
5530 1085 1086 3389 3388 1104 1105 3408 3407 
5531 1104 1105 3408 3407 1123 1124 3427 3426 
5532 1123 1124 3427 3426 1142 1143 3446 3445 
5533 1142 1143 3446 3445 1161 1162 3465 3464 
5534 1161 1162 3465 3464 1180 1181 3484 3483 
5535 1180 1181 3484 3483 1199 1200 3503 3502 
5536 1199 1200 3503 3502 1218 1219 3522 3521 
5537 1218 1219 3522 3521 1237 1238 3541 3540 
5538 1237 1238 3541 3540 1256 1257 3560 3559 
5539 1256 1257 3560 3559 1275 1276 3579 3578 
5540 1275 1276 3579 3578 1294 1295 3598 3597 
5541 1294 1295 3598 3597 1313 1314 3617 3616 
5542 1313 1314 3617 3616 1332 1333 3636 3635 
5543 1332 1333 3636 3635 1351 1352 3655 3654 
5544 1351 1352 3655 3654 1370 1371 3674 3673 
5545 1370 1371 3674 3673 1389 1390 3693 3692 
5546 1389 1390 3693 3692 1408 1409 3712 3711 
5547 1408 1409 3712 3711 1427 1428 3731 3730 
5548 1427 1428 3731 3730 1446 1447 3750 3749 
5549 1446 1447 3750 3749 1465 1466 3769 3768 
5550 1465 1466 3769 3768 139 140 381 380 
5551 121 122 363 362 554 555 2858 2857 
5552 554 555 2858 2857 573 574 2877 2876 
5553 573 574 2877 2876 592 593 2896 2895 
5554 592 593 2896 2895 611 612 2915 2914 
5555 611 612 2915 2914 630 631 2934 2933 
5556 630 631 2934 2933 649 650 2953 2952 
5557 649 650 2953 2952 668 669 2972 2971 
5558 668 669 2972 2971 687 688 2991 2990 
5559 687 688 2991 2990 706 707 3010 3009 
5560 706 707 3010 3009 725 726 3029 3028 
5561 725 726 3029 3028 744 745 3048 3047 
5562 744 745 3048 3047 763 764 3067 3066 
5563 763 764 3067 3066 782 783 3086 3085 
5564 782 783 3086 3085 801 802 3105 3104 
5565 801 802 3105 3104 820 821 3124 3123 
5566 820 821 3124 3123 839 840 3143 3142 
5567 839 840 3143 3142 858 859 3162 3161 
5568 858 859 3162 3161 877 878 3181 3180 
5569 877 878 3181 3180 896 897 3200 3199 
5570 896 897 3200 3199 915 916 3219 3218 
5571 915 916 3219 3218 934 935 3238 3237 
5572 934 935 3238 3237 953 954 3257 3256 
5573 953 954 3257 3256 972 973 3276 3275 
5574 972 973 3276 3275 991 992 3295 3294 
5575 991 992 3295 3294 1010 1011 3314 3313 
5576 1010 1011 3314 3313 1029 1030 3333 3332 
5577 1029 1030 3333 3332 1048 1049 3352 3351 
5578 1048 1049 3352 3351 1067 1068 3371 3370 
5579 1067 1068 3371 3370 1086 1087 3390 3389 
5580 1086 1087 3390 3389 1105 1106 3409 3408 
5581 1105 1106 3409 3408 1124 1125 3428 3427 
5582 1124 1125 3428 3427 1143 1144 3447 3446 
5583 1143 1144 3447 3446 1162 1163 3466 3465 
5584 1162 1163 3466 3465 1181 1182 3485 3484 
5585 1181 1182 3485 3484 1200 1201 3504 3503 
5586 1200 1201 3504 3503 1219 1220 3523 3522 
5587 1219 1220 3523 3522 1238 1239 3542 3541 
5588 1238 1239 3542 3541 1257 1258 3561 3560 
5589 1257 1258 3561 3560 1276 1277 3580 3579 
5590 1276 1277 3580 3579 1295 1296 3599 3598 
5591 1295 1296 3599 3598 1314 1315 3618 3617 
5592 1314 1315 3618 3617 1333 1334 3637 3636 
5593 1333 1334 3637 3636 1352 1353 3656 3655 
5594 1352 1353 3656 3655 1371 1372 3675 3674 
5595 1371 1372 3675 3674 1390 1391 3694 3693 
5596 1390 1391 3694 3693 1409 1410 3713 3712 
5597 1409 1410 3713 3712 1428 1429 3732 3731 
5598 1428 1429 3732 3731 1447 1448 3751 3750 
5599 1447 1448 3751 3750 1466 1467 3770 3769 
5600 1466 1467 3770 3769 140 141 382 381 
5601 122 123 364 363 555 556 2859 2858 
5602 555 556 2859 2858 574 575 2878 2877 
5603 574 575 2878 2877 593 594 2897 2896 
5604 593 594 2897 2896 612 613 2916 2915 
5605 612 613 2916 2915 631 632 2935 2934 
5606 631 632 2935 2934 650 651 2954 2953 
5607 650 651 2954 2953 669 670 2973 2972 
5608 669 670 2973 2972 688 689 2992 2991 
5609 688 689 2992 2991 707 708 3011 3010 
5610 707 708 3011 3010 726 727 3030 3029 
5611 726 727 3030 3029 745 746 3049 3048 
5612 745 746 3049 3048 764 765 3068 3067 
5613 764 765 3068 3067 783 784 3087 3086 
5614 783 784 3087 3086 802 803 3106 3105 
5615 802 803 3106 3105 821 822 3125 3124 
5616 821 822 3125 3124 840 841 3144 3143 
5617 840 841 3144 3143 859 860 3163 3162 
5618 859 860 3163 3162 878 879 3182 3181 
5619 878 879 3182 3181 897 898 3201 3200 
5620 897 898 3201 3200 916 917 3220 3219 
5621 916 917 3220 3219 935 936 3239 3238 
5622 935 936 3239 3238 954 955 3258 3257 
5623 954 955 3258 3257 973 974 3277 3276 
5624 973 974 3277 3276 992 993 3296 3295 
5625 992 993 3296 3295 1011 1012 3315 3314 
5626 1011 1012 3315 3314 1030 1031 3334 3333 
5627 1030 1031 3334 3333 1049 1050 3353 3352 
5628 1049 1050 3353 3352 1068 1069 3372 3371 
5629 1068 1069 3372 3371 1087 1088 3391 3390 
5630 1087 1088 3391 3390 1106 1107 3410 3409 
5631 1106 1107 3410 3409 1125 1126 3429 3428 
5632 1125 1126 3429 3428 1144 1145 3448 3447 
5633 1144 1145 3448 3447 1163 1164 3467 3466 
5634 1163 1164 3467 3466 1182 1183 3486 3485 
5635 1182 1183 3486 3485 1201 1202 3505 3504 
5636 1201 1202 3505 3504 1220 1221 3524 3523 
5637 1220 1221 3524 3523 1239 1240 3543 3542 
5638 1239 1240 3543 3542 1258 1259 3562 3561 
5639 1258 1259 3562 3561 1277 1278 3581 3580 
5640 1277 1278 3581 3580 1296 1297 3600 3599 
5641 1296 1297 3600 3599 1315 1316 3619 3618 
5642 1315 1316 3619 3618 1334 1335 3638 3637 
5643 1334 1335 3638 3637 1353 1354 3657 3656 
5644 1353 1354 3657 3656 1372 1373 3676 3675 
5645 1372 1373 3676 3675 1391 1392 3695 3694 
5646 1391 1392 3695 3694 1410 1411 3714 3713 
5647 1410 1411 3714 3713 1429 1430 3733 3732 
5648 1429 1430 3733 3732 1448 1449 3752 3751 
5649 1448 1449 3752 3751 1467 1468 3771 3770 
5650 1467 1468 3771 3770 141 142 383 382 
5651 123 124 365 364 556 557 2860 2859 
5652 556 557 2860 2859 575 576 2879 2878 
5653 575 576 2879 2878 594 595 2898 2897 
5654 594 595 2898 2897 613 614 2917 2916 
5655 613 614 2917 2916 632 633 2936 2935 
5656 632 633 2936 2935 651 652 2955 2954 
5657 651 652 2955 2954 670 671 2974 2973 
5658 670 671 2974 2973 689 690 2993 2992 
5659 689 690 2993 2992 708 709 3012 3011 
5660 708 709 3012 3011 727 728 3031 3030 
5661 727 728 3031 3030 746 747 3050 3049 
5662 746 747 3050 3049 765 766 3069 3068 
5663 765 766 3069 3068 784 785 3088 3087 
5664 784 785 3088 3087 803 804 3107 3106 
5665 803 804 3107 3106 822 823 3126 3125 
5666 822 823 3126 3125 841 842 3145 3144 
5667 841 842 3145 3144 860 861 3164 3163 
5668 860 861 3164 3163 879 880 3183 3182 
5669 879 880 3183 3182 898 899 3202 3201 
5670 898 899 3202 3201 917 918 3221 3220 
5671 917 918 3221 3220 936 937 3240 3239 
5672 936 937 3240 3239 955 956 3259 3258 
5673 955 956 3259 3258 974 975 3278 3277 
5674 974 975 3278 3277 993 994 3297 3296 
5675 993 994 3297 3296 1012 1013 3316 3315 
5676 1012 1013 3316 3315 1031 1032 3335 3334 
5677 1031 1032 3335 3334 1050 1051 3354 3353 
5678 1050 1051 3354 3353 1069 1070 3373 3372 
5679 1069 1070 3373 3372 1088 1089 3392 3391 
5680 1088 1089 3392 3391 1107 1108 3411 3410 
5681 1107 1108 3411 3410 1126 1127 3430 3429 
5682 1126 1127 3430 3429 1145 1146 3449 3448 
5683 1145 1146 3449 3448 1164 1165 3468 3467 
5684 1164 1165 3468 3467 1183 1184 3487 3486 
5685 1183 1184 3487 3486 1202 1203 3506 3505 
5686 1202 1203 3506 3505 1221 1222 3525 3524 
5687 1221 1222 3525 3524 1240 1241 3544 3543 
5688 1240 1241 3544 3543 1259 1260 3563 3562 
5689 1259 1260 3563 3562 1278 1279 3582 3581 
5690 1278 1279 3582 3581 1297 1298 3601 3600 
5691 1297 1298 3601 3600 1316 1317 3620 3619 
5692 1316 1317 3620 3619 1335 1336 3639 3638 
5693 1335 1336 3639 3638 1354 1355 3658 3657 
5694 1354 1355 3658 3657 1373 1374 3677 3676 
5695 1373 1374 3677 3676 1392 1393 3696 3695 
5696 1392 1393 3696 3695 1411 1412 3715 3714 
5697 1411 1412 3715 3714 1430 1431 3734 3733 
5698 1430 1431 3734 3733 1449 1450 3753 3752 
5699 1449 1450 3753 3752 1468 1469 3772 3771 
5700 1468 1469 3772 3771 142 143 384 383 
5701 124 125 366 365 557 558 2861 2860 
5702 557 558 2861 2860 576 577 2880 2879 
5703 576 577 2880 2879 595 596 2899 2898 
5704 595 596 2899 2898 614 615 2918 2917 
5705 614 615 2918 2917 633 634 2937 2936 
5706 633 634 2937 2936 652 653 2956 2955 
5707 652 653 2956 2955 671 672 2975 2974 
5708 671 672 2975 2974 690 691 2994 2993 
5709 690 691 2994 2993 709 710 3013 3012 
5710 709 710 3013 3012 728 729 3032 3031 
5711 728 729 3032 3031 747 748 3051 3050 
5712 747 748 3051 3050 766 767 3070 3069 
5713 766 767 3070 3069 785 786 3089 3088 
5714 785 786 3089 3088 804 805 3108 3107 
5715 804 805 3108 3107 823 824 3127 3126 
5716 823 824 3127 3126 842 843 3146 3145 
5717 842 843 3146 3145 861 862 3165 3164 
5718 861 862 3165 3164 880 881 3184 3183 
5719 880 881 3184 3183 899 900 3203 3202 
5720 899 900 3203 3202 918 919 3222 3221 
5721 918 919 3222 3221 937 938 3241 3240 
5722 937 938 3241 3240 956 957 3260 3259 
5723 956 957 3260 3259 975 976 3279 3278 
5724 975 976 3279 3278 994 995 3298 3297 
5725 994 995 3298 3297 1013 1014 3317 3316 
5726 1013 1014 3317 3316 1032 1033 3336 3335 
5727 1032 1033 3336 3335 1051 1052 3355 3354 
5728 1051 1052 3355 3354 1070 1071 3374 3373 
5729 1070 1071 3374 3373 1089 1090 3393 3392 
5730 1089 1090 3393 3392 1108 1109 3412 3411 
5731 1108 1109 3412 3411 1127 1128 3431 3430 
5732 1127 1128 3431 3430 1146 1147 3450 3449 
5733 1146 1147 3450 3449 1165 1166 3469 3468 
5734 1165 1166 3469 3468 1184 1185 3488 3487 
5735 1184 1185 3488 3487 1203 1204 3507 3506 
5736 1203 1204 3507 3506 1222 1223 3526 3525 
5737 1222 1223 3526 3525 1241 1242 3545 3544 
5738 1241 1242 3545 3544 1260 1261 3564 3563 
5739 1260 1261 3564 3563 1279 1280 3583 3582 
5740 1279 1280 3583 3582 1298 1299 3602 3601 
5741 1298 1299 3602 3601 1317 1318 3621 3620 
5742 1317 1318 3621 3620 1336 1337 3640 3639 
5743 1336 1337 3640 3639 1355 1356 3659 3658 
5744 1355 1356 3659 3658 1374 1375 3678 3677 
5745 1374 1375 3678 3677 1393 1394 3697 3696 
5746 1393 1394 3697 3696 1412 1413 3716 3715 
5747 1412 1413 3716 3715 1431 1432 3735 3734 
5748 1431 1432 3735 3734 1450 1451 3754 3753 
5749 1450 1451 3754 3753 1469 1470 3773 3772 
5750 1469 1470 3773 3772 143 144 385 384 
5751 125 126 367 366 558 559 2862 2861 
5752 558 559 2862 2861 577 578 2881 2880 
5753 577 578 2881 2880 596 597 2900 2899 
5754 596 597 2900 2899 615 616 2919 2918 
5755 615 616 2919 2918 634 635 2938 2937 
5756 634 635 2938 2937 653 654 2957 2956 
5757 653 654 2957 2956 672 673 2976 2975 
5758 672 673 2976 2975 691 692 2995 2994 
5759 691 692 2995 2994 710 711 3014 3013 
5760 710 711 3014 3013 729 730 3033 3032 
5761 729 730 3033 3032 748 749 3052 3051 
5762 748 749 3052 3051 767 768 3071 3070 
5763 767 768 3071 3070 786 787 3090 3089 
5764 786 787 3090 3089 805 806 3109 3108 
5765 805 806 3109 3108 824 825 3128 3127 
5766 824 825 3128 3127 843 844 3147 3146 
5767 843 844 3147 3146 862 863 3166 3165 
5768 862 863 3166 3165 881 882 3185 3184 
5769 881 882 3185 3184 900 901 3204 3203 
5770 900 901 3204 3203 919 920 3223 3222 
5771 919 920 3223 3222 938 939 3242 3241 
5772 938 939 3242 3241 957 958 3261 3260 
5773 957 958 3261 3260 976 977 3280 3279 
5774 976 977 3280 3279 995 996 3299 3298 
5775 995 996 3299 3298 1014 1015 3318 3317 
5776 1014 1015 3318 3317 1033 1034 3337 3336 
5777 1033 1034 3337 3336 1052 1053 3356 3355 
5778 1052 1053 3356 3355 1071 1072 3375 3374 
5779 1071 1072 3375 3374 1090 1091 3394 3393 
5780 1090 1091 3394 3393 1109 1110 3413 3412 
5781 1109 1110 3413 3412 1128 1129 3432 3431 
5782 1128 1129 3432 3431 1147 1148 3451 3450 
5783 1147 1148 3451 3450 1166 1167 3470 3469 
5784 1166 1167 3470 3469 1185 1186 3489 3488 
5785 1185 1186 3489 3488 1204 1205 3508 3507 
5786 1204 1205 3508 3507 1223 1224 3527 3526 
5787 1223 1224 3527 3526 1242 1243 3546 3545 
5788 1242 1243 3546 3545 1261 1262 3565 3564 
5789 1261 1262 3565 3564 1280 1281 3584 3583 
5790 1280 1281 3584 3583 1299 1300 3603 3602 
5791 1299 1300 3603 3602 1318 1319 3622 3621 
5792 1318 1319 3622 3621 1337 1338 3641 3640 
5793 1337 1338 3641 3640 1356 1357 3660 3659 
5794 1356 1357 3660 3659 1375 1376 3679 3678 
5795 1375 1376 3679 3678 1394 1395 3698 3697 
5796 1394 1395 3698 3697 1413 1414 3717 3716 
5797 1413 1414 3717 3716 1432 1433 3736 3735 
5798 1432 1433 3736 3735 1451 1452 3755 3754 
5799 1451 1452 3755 3754 1470 1471 3774 3773 
5800 1470 1471 3774 3773 144 145 386 385 
5801 126 127 368 367 559 560 2863 2862 
5802 559 560 2863 2862 578 579 2882 2881 
5803 578 579 2882 2881 597 598 2901 2900 
5804 597 598 2901 2900 616 617 2920 2919 
5805 616 617 2920 2919 635 636 2939 2938 
5806 635 636 2939 2938 654 655 2958 2957 
5807 654 655 2958 2957 673 674 2977 2976 
5808 673 674 2977 2976 692 693 2996 2995 
5809 692 693 2996 2995 711 712 3015 3014 
5810 711 712 3015 3014 730 731 3034 3033 
5811 730 731 3034 3033 749 750 3053 3052 
5812 749 750 3053 3052 768 769 3072 3071 
5813 768 769 3072 3071 787 788 3091 3090 
5814 787 788 3091 3090 806 807 3110 3109 
5815 806 807 3110 3109 825 826 3129 3128 
5816 825 826 3129 3128 844 845 3148 3147 
5817 844 845 3148 3147 863 864 3167 3166 
5818 863 864 3167 3166 882 883 3186 3185 
5819 882 883 3186 3185 901 902 3205 3204 
5820 901 902 3205 3204 920 921 3224 3223 
5821 920 921 3224 3223 939 940 3243 3242 
5822 939 940 3243 3242 958 959 3262 3261 
5823 958 959 3262 3261 977 978 3281 3280 
5824 977 978 3281 3280 996 997 3300 3299 
5825 996 997 3300 3299 1015 1016 3319 3318 
5826 1015 1016 3319 3318 1034 1035 3338 3337 
5827 1034 1035 3338 3337 1053 1054 3357 3356 
5828 1053 1054 3357 3356 1072 1073 3376 3375 
5829 1072 1073 3376 3375 1091 1092 3395 3394 
5830 1091 1092 3395 3394 1110 1111 3414 3413 
5831 1110 1111 3414 3413 1129 1130 3433 3432 
5832 1129 1130 3433 3432 1148 1149 3452 3451 
5833 1148 1149 3452 3451 1167 1168 3471 3470 
5834 1167 1168 3471 3470 1186 1187 3490 3489 
5835 1186 1187 3490 3489 1205 1206 3509 3508 
5836 1205 1206 3509 3508 1224 1225 3528 3527 
5837 1224 1225 3528 3527 1243 1244 3547 3546 
5838 1243 1244 3547 3546 1262 1263 3566 3565 
5839 1262 1263 3566 3565 1281 1282 3585 3584 
5840 1281 1282 3585 3584 1300 1301 3604 3603 
5841 1300 1301 3604 3603 1319 1320 3623 3622 
5842 1319 1320 3623 3622 1338 1339 3642 3641 
5843 1338 1339 3642 3641 1357 1358 3661 3660 
5844 1357 1358 3661 3660 1376 1377 3680 3679 
5845 1376 1377 3680 3679 1395 1396 3699 3698 
5846 1395 1396 3699 3698 1414 1415 3718 3717 
5847 1414 1415 3718 3717 1433 1434 3737 3736 
5848 1433 1434 3737 3736 1452 1453 3756 3755 
5849 1452 1453 3756 3755 1471 1472 3775 3774 
5850 1471 1472 3775 3774 145 146 387 386 
5851 127 128 369 368 560 561 2864 2863 
5852 560 561 2864 2863 579 580 2883 2882 
5853 579 580 2883 2882 598 599 2902 2901 
5854 598 599 2902 2901 617 618 2921 2920 
5855 617 618 2921 2920 636 637 2940 2939 
5856 636 637 2940 2939 655 656 2959 2958 
5857 655 656 2959 2958 674 675 2978 2977 
5858 674 675 2978 2977 693 694 2997 2996 
5859 693 694 2997 2996 712 713 3016 3015 
5860 712 713 3016 3015 731 732 3035 3034 
5861 731 732 3035 3034 750 751 3054 3053 
5862 750 751 3054 3053 769 770 3073 3072 
5863 769 770 3073 3072 788 789 3092 3091 
5864 788 789 3092 3091 807 808 3111 3110 
5865 807 808 3111 3110 826 827 3130 3129 
5866 826 827 3130 3129 845 846 3149 3148 
5867 845 846 3149 3148 864 865 3168 3167 
5868 864 865 3168 3167 883 884 3187 3186 
5869 883 884 3187 3186 902 903 3206 3205 
5870 902 903 3206 3205 921 922 3225 3224 
5871 921 922 3225 3224 940 941 3244 3243 
5872 940 941 3244 3243 959 960 3263 3262 
5873 959 960 3263 3262 978 979 3282 3281 
5874 978 979 3282 3281 997 998 3301 3300 
5875 997 998 3301 3300 1016 1017 3320 3319 
5876 1016 1017 3320 3319 1035 1036 3339 3338 
5877 1035 1036 3339 3338 1054 1055 3358 3357 
5878 1054 1055 3358 3357 1073 1074 3377 3376 
5879 1073 1074 3377 3376 1092 1093 3396 3395 
5880 1092 1093 3396 3395 1111 1112 3415 3414 
5881 1111 1112 3415 3414 1130 1131 3434 3433 
5882 1130 1131 3434 3433 1149 1150 3453 3452 
5883 1149 1150 3453 3452 1168 1169 3472 3471 
5884 1168 1169 3472 3471 1187 1188 3491 3490 
5885 1187 1188 3491 3490 1206 1207 3510 3509 
5886 1206 1207 3510 3509 1225 1226 3529 3528 
5887 1225 1226 3529 3528 1244 1245 3548 3547 
5888 1244 1245 3548 3547 1263 1264 3567 3566 
5889 1263 1264 3567 3566 1282 1283 3586 3585 
5890 1282 1283 3586 3585 1301 1302 3605 3604 
5891 1301 1302 3605 3604 1320 1321 3624 3623 
5892 1320 1321 3624 3623 1339 1340 3643 3642 
5893 1339 1340 3643 3642 1358 1359 3662 3661 
5894 1358 1359 3662 3661 1377 1378 3681 3680 
5895 1377 1378 3681 3680 1396 1397 3700 3699 
5896 1396 1397 3700 3699 1415 1416 3719 3718 
5897 1415 1416 3719 3718 1434 1435 3738 3737 
5898 1434 1435 3738 3737 1453 1454 3757 3756 
5899 1453 1454 3757 3756 1472 1473 3776 3775 
5900 1472 1473 3776 3775 146 147 388 387 
5901 128 129 370 369 561 562 2865 2864 
5902 561 562 2865 2864 580 581 2884 2883 
5903 580 581 2884 2883 599 600 2903 2902 
5904 599 600 2903 2902 618 619 2922 2921 
5905 618 619 2922 2921 637 638 2941 2940 
5906 637 638 2941 2940 656 657 2960 2959 
5907 656 657 2960 2959 675 676 2979 2978 
5908 675 676 2979 2978 694 695 2998 2997 
5909 694 695 2998 2997 713 714 3017 3016 
5910 713 714 3017 3016 732 733 3036 3035 
5911 732 733 3036 3035 751 752 3055 3054 
5912 751 752 3055 3054 770 771 3074 3073 
5913 770 771 3074 3073 789 790 3093 3092 
5914 789 790 3093 3092 808 809 3112 3111 
5915 808 809 3112 3111 827 828 3131 3130 
5916 827 828 3131 3130 846 847 3150 3149 
5917 846 847 3150 3149 865 866 3169 3168 
5918 865 866 3169 3168 884 885 3188 3187 
5919 884 885 3188 3187 903 904 3207 3206 
5920 903 904 3207 3206 922 923 3226 3225 
5921 922 923 3226 3225 941 942 3245 3244 
5922 941 942 3245 3244 960 961 3264 3263 
5923 960 961 3264 3263 979 980 3283 3282 
5924 979 980 3283 3282 998 999 3302 3301 
5925 998 999 3302 3301 1017 1018 3321 3320 
5926 1017 1018 3321 3320 1036 1037 3340 3339 
5927 1036 1037 3340 3339 1055 1056 3359 3358 
5928 1055 1056 3359 3358 1074 1075 3378 3377 
5929 1074 1075 3378 3377 1093 1094 3397 3396 
5930 1093 1094 3397 3396 1112 1113 3416 3415 
5931 1112 1113 3416 3415 1131 1132 3435 3434 
5932 1131 1132 3435 3434 1150 1151 3454 3453 
5933 1150 1151 3454 3453 1169 1170 3473 3472 
5934 1169 1170 3473 3472 1188 1189 3492 3491 
5935 1188 1189 3492 3491 1207 1208 3511 3510 
5936 1207 1208 3511 3510 1226 1227 3530 3529 
5937 1226 1227 3530 3529 1245 1246 3549 3548 
5938 1245 1246 3549 3548 1264 1265 3568 3567 
5939 1264 1265 3568 3567 1283 1284 3587 3586 
5940 1283 1284 3587 3586 1302 1303 3606 3605 
5941 1302 1303 3606 3605 1321 1322 3625 3624 
5942 1321 1322 3625 3624 1340 1341 3644 3643 
5943 1340 1341 3644 3643 1359 1360 3663 3662 
5944 1359 1360 3663 3662 1378 1379 3682 3681 
5945 1378 1379 3682 3681 1397 1398 3701 3700 
5946 1397 1398 3701 3700 1416 1417 3720 3719 
5947 1416 1417 3720 3719 1435 1436 3739 3738 
5948 1435 1436 3739 3738 1454 1455 3758 3757 
5949 1454 1455 3758 3757 1473 1474 3777 3776 
5950 1473 1474 3777 3776 147 148 389 388 
5951 129 130 371 370 562 563 2866 2865 
5952 562 563 2866 2865 581 582 2885 2884 
5953 581 582 2885 2884 600 601 2904 2903 
5954 600 601 2904 2903 619 620 2923 2922 
5955 619 620 2923 2922 638 639 2942 2941 
5956 638 639 2942 2941 657 658 2961 2960 
5957 657 658 2961 2960 676 677 2980 2979 
5958 676 677 2980 2979 695 696 2999 2998 
5959 695 696 2999 2998 714 715 3018 3017 
5960 714 715 3018 3017 733 734 3037 3036 
5961 733 734 3037 3036 752 753 3056 3055 
5962 752 753 3056 3055 771 772 3075 3074 
5963 771 772 3075 3074 790 791 3094 3093 
5964 790 791 3094 3093 809 810 3113 3112 
5965 809 810 3113 3112 828 829 3132 3131 
5966 828 829 3132 3131 847 848 3151 3150 
5967 847 848 3151 3150 866 867 3170 3169 
5968 866 867 3170 3169 885 886 3189 3188 
5969 885 886 3189 3188 904 905 3208 3207 
5970 904 905 3208 3207 923 924 3227 3226 
5971 923 924 3227 3226 942 943 3246 3245 
5972 942 943 3246 3245 961 962 3265 3264 
5973 961 962 3265 3264 980 981 3284 3283 
5974 980 981 3284 3283 999 1000 3303 3302 
5975 999 1000 3303 3302 1018 1019 3322 3321 
5976 1018 1019 3322 3321 1037 1038 3341 3340 
5977 1037 1038 3341 3340 1056 1057 3360 3359 
5978 1056 1057 3360 3359 1075 1076 3379 3378 
5979 1075 1076 3379 3378 1094 1095 3398 3397 
5980 1094 1095 3398 3397 1113 1114 3417 3416 
5981 1113 1114 3417 3416 1132 1133 3436 3435 
5982 1132 1133 3436 3435 1151 1152 3455 3454 
5983 1151 1152 3455 3454 1170 1171 3474 3473 
5984 1170 1171 3474 3473 1189 1190 3493 3492 
5985 1189 1190 3493 3492 1208 1209 3512 3511 
5986 1208 1209 3512 3511 1227 1228 3531 3530 
5987 1227 1228 3531 3530 1246 1247 3550 3549 
5988 1246 1247 3550 3549 1265 1266 3569 3568 
5989 1265 1266 3569 3568 1284 1285 3588 3587 
5990 1284 1285 3588 3587 1303 1304 3607 3606 
5991 1303 1304 3607 3606 1322 1323 3626 3625 
5992 1322 1323 3626 3625 1341 1342 3645 3644 
5993 1341 1342 3645 3644 1360 1361 3664 3663 
5994 1360 1361 3664 3663 1379 1380 3683 3682 
5995 1379 1380 3683 3682 1398 1399 3702 3701 
5996 1398 1399 3702 3701 1417 1418 3721 3720 
5997 1417 1418 3721 3720 1436 1437 3740 3739 
5998 1436 1437 3740 3739 1455 1456 3759 3758 
5999 1455 1456 3759 3758 1474 1475 3778 3777 
6000 1474 1475 3778 3777 148 149 390 389 
6001 130 131 372 371 563 564 2867 2866 
6002 563 564 2867 2866 582 583 2886 2885 
6003 582 583 2886 2885 601 602 2905 2904 
6004 601 602 2905 2904 620 621 2924 2923 
6005 620 621 2924 2923 639 640 2943 2942 
6006 639 640 2943 2942 658 659 2962 2961 
6007 658 659 2962 2961 677 678 2981 2980 
6008 677 678 2981 2980 696 697 3000 2999 
6009 696 697 3000 2999 715 716 3019 3018 
6010 715 716 3019 3018 734 735 3038 3037 
6011 734 735 3038 3037 753 754 3057 3056 
6012 753 754 3057 3056 772 773 3076 3075 
6013 772 773 3076 3075 791 792 3095 3094 
6014 791 792 3095 3094 810 811 3114 3113 
6015 810 811 3114 3113 829 830 3133 3132 
6016 829 830 3133 3132 848 849 3152 3151 
6017 848 849 3152 3151 867 868 3171 3170 
6018 867 868 3171 3170 886 887 3190 3189 
6019 886 887 3190 3189 905 906 3209 3208 
6020 905 906 3209 3208 924 925 3228 3227 
6021 924 925 3228 3227 943 944 3247 3246 
6022 943 944 3247 3246 962 963 3266 3265 
6023 962 963 3266 3265 981 982 3285 3284 
6024 981 982 3285 3284 1000 1001 3304 3303 
6025 1000 1001 3304 3303 1019 1020 3323 3322 
6026 1019 1020 3323 3322 1038 1039 3342 3341 
6027 1038 1039 3342 3341 1057 1058 3361 3360 
6028 1057 1058 3361 3360 1076 1077 3380 3379 
6029 1076 1077 3380 3379 1095 1096 3399 3398 
6030 1095 1096 3399 3398 1114 1115 3418 3417 
6031 1114 1115 3418 3417 1133 1134 3437 3436 
6032 1133 1134 3437 3436 1152 1153 3456 3455 
6033 1152 1153 3456 3455 1171 1172 3475 3474 
6034 1171 1172 3475 3474 1190 1191 3494 3493 
6035 1190 1191 3494 3493 1209 1210 3513 3512 
6036 1209 1210 3513 3512 1228 1229 3532 3531 
6037 1228 1229 3532 3531 1247 1248 3551 3550 
6038 1247 1248 3551 3550 1266 1267 3570 3569 
6039 1266 1267 3570 3569 1285 1286 3589 3588 
6040 1285 1286 3589 3588 1304 1305 3608 3607 
6041 1304 1305 3608 3607 1323 1324 3627 3626 
6042 1323 1324 3627 3626 1342 1343 3646 3645 
6043 1342 1343 3646 3645 1361 1362 3665 3664 
6044 1361 1362 3665 3664 1380 1381 3684 3683 
6045 1380 1381 3684 3683 1399 1400 3703 3702 
6046 1399 1400 3703 3702 1418 1419 3722 3721 
6047 1418 1419 3722 3721 1437 1438 3741 3740 
6048 1437 1438 3741 3740 1456 1457 3760 3759 
6049 1456 1457 3760 3759 1475 1476 3779 3778 
6050 1475 1476 3779 3778 149 150 391 390 
6051 131 3 9 372 564 64 305 2867 
6052 564 64 305 2867 583 65 306 2886 
6053 583 65 306 2886 602 66 307 2905 
6054 602 66 307 2905 621 67 308 2924 
6055 621 67 308 2924 640 68 309 2943 
6056 640 68 309 2943 659 69 310 2962 
6057 659 69 310 2962 678 70 311 2981 
6058 678 70 311 2981 697 71 312 3000 
6059 697 71 312 3000 716 72 313 3019 
6060 716 72 313 3019 735 73 314 3038 
6061 735 73 314 3038 754 74 315 3057 
6062 754 74 315 3057 773 75 316 3076 
6063 773 75 316 3076 792 76 317 3095 
6064 792 76 317 3095 811 77 318 3114 
6065 811 77 318 3114 830 78 319 3133 
6066 830 78 319 3133 849 79 320 3152 
6067 849 79 320 3152 868 80 321 3171 
6068 868 80 321 3171 887 81 322 3190 
6069 887 81 322 3190 906 82 323 3209 
6070 906 82 323 3209 925 83 324 3228 
6071 925 83 324 3228 944 84 325 3247 
6072 944 84 325 3247 963 85 326 3266 
6073 963 85 326 3266 982 86 327 3285 
6074 982 86 327 3285 1001 87 328 3304 
6075 1001 87 328 3304 1020 88 329 3323 
6076 1020 88 329 3323 1039 89 330 3342 
6077 1039 89 330 3342 1058 90 331 3361 
6078 1058 90 331 3361 1077 91 332 3380 
6079 1077 91 332 3380 1096 92 333 3399 
6080 1096 92 333 3399 1115 93 334 3418 
6081 1115 93 334 3418 1134 94 335 3437 
6082 1134 94 335 3437 1153 95 336 3456 
6083 1153 95 336 3456 1172 96 337 3475 
6084 1172 96 337 3475 1191 97 338 3494 
6085 1191 97 338 3494 1210 98 339 3513 
6086 1210 98 339 3513 1229 99 340 3532 
6087 1229 99 340 3532 1248 100 341 3551 
6088 1248 100 341 3551 1267 101 342 3570 
6089 1267 101 342 3570 1286 102 343 3589 
6090 1286 102 343 3589 1305 103 344 3608 
6091 1305 103 344 3608 1324 104 345 3627 
6092 1324 104 345 3627 1343 105 346 3646 
6093 1343 105 346 3646 1362 106 347 3665 
6094 1362 106 347 3665 1381 107 348 3684 
6095 1381 107 348 3684 1400 108 349 3703 
6096 1400 108 349 3703 1419 109 350 3722 
6097 1419 109 350 3722 1438 110 351 3741 
6098 1438 110 351 3741 1457 111 352 3760 
6099 1457 111 352 3760 1476 112 353 3779 
6100 1476 112 353 3779 150 4 10 391 
3 1 6 50
6101 1 113 354 15 546 2849 
6102 15 546 2849 16 565 2868 
6103 16 565 2868 17 584 2887 
6104 17 584 2887 18 603 2906 
6105 18 603 2906 19 622 2925 
6106 19 622 2925 20 641 2944 
6107 20 641 2944 21 660 2963 
6108 21 660 2963 22 679 2982 
6109 22 679 2982 23 698 3001 
6110 23 698 3001 24 717 3020 
6111 24 717 3020 25 736 3039 
6112 25 736 3039 26 755 3058 
6113 26 755 3058 27 774 3077 
6114 27 774 3077 28 793 3096 
6115 28 793 3096 29 812 3115 
6116 29 812 3115 30 831 3134 
6117 30 831 3134 31 850 3153 
6118 31 850 3153 32 869 3172 
6119 32 869 3172 33 888 3191 
6120 33 888 3191 34 907 3210 
6121 34 907 3210 35 926 3229 
6122 35 926 3229 36 945 3248 
6123 36 945 3248 37 964 3267 
6124 37 964 3267 38 983 3286 
6125 38 983 3286 39 1002 3305 
6126 39 1002 3305 40 1021 3324 
6127 40 1021 3324 41 1040 3343 
6128 41 1040 3343 42 1059 3362 
6129 42 1059 3362 43 1078 3381 
6130 43 1078 3381 44 1097 3400 
6131 44 1097 3400 45 1116 3419 
6132 45 1116 3419 46 1135 3438 
6133 46 1135 3438 47 1154 3457 
6134 47 1154 3457 48 1173 3476 
6135 48 1173 3476 49 1192 3495 
6136 49 1192 3495 50 1211 3514 
6137 50 1211 3514 51 1230 3533 
6138 51 1230 3533 52 1249 3552 
6139 52 1249 3552 53 1268 3571 
6140 53 1268 3571 54 1287 3590 
6141 54 1287 3590 55 1306 3609 
6142 55 1306 3609 56 1325 3628 
6143 56 1325 3628 57 1344 3647 
6144 57 1344 3647 58 1363 3666 
6145 58 1363 3666 59 1382 3685 
6146 59 1382 3685 60 1401 3704 
6147 60 1401 3704 61 1420 3723 
6148 61 1420 3723 62 1439 3742 
6149 62 1439 3742 63 1458 3761 
6150 63 1458 3761 2 132 373 
3 2 5 500
6151 3 64 1477 200 9 305 3780 441 
6152 200 1477 1478 201 441 3780 3781 442 
6153 201 1478 1479 202 442 3781 3782 443 
6154 202 1479 1480 203 443 3782 3783 444 
6155 203 1480 1481 204 444 3783 3784 445 
6156 204 1481 1482 205 445 3784 3785 446 
6157 205 1482 1483 206 446 3785 3786 447 
6158 206 1483 1484 207 447 3786 3787 448 
6159 207 1484 1485 208 448 3787 3788 449 
6160 208 1485 151 5 449 3788 392 11 
6161 64 65 1486 1477 305 306 3789 3780 
6162 1477 1486 1487 1478 3780 3789 3790 3781 
6163 1478 1487 1488 1479 3781 3790 3791 3782 
6164 1479 1488 1489 1480 3782 3791 3792 3783 
6165 1480 1489 1490 1481 3783 3792 3793 3784 
6166 1481 1490 1491 1482 3784 3793 3794 3785 
6167 1482 1491 1492 1483 3785 3794 3795 3786 
6168 1483 1492 1493 1484 3786 3795 3796 3787 
6169 1484 1493 1494 1485 3787 3796 3797 3788 
6170 1485 1494 152 151 3788 3797 393 392 
6171 65 66 1495 1486 306 307 3798 3789 
6172 1486 1495 1496 1487 3789 3798 3799 3790 
6173 1487 1496 1497 1488 3790 3799 3800 3791 
6174 1488 1497 1498 1489 3791 3800 3801 3792 
6175 1489 1498 1499 1490 3792 3801 3802 3793 
6176 1490 1499 1500 1491 3793 3802 3803 3794 
6177 1491 1500 1501 1492 3794 3803 3804 3795 
6178 1492 1501 1502 1493 3795 3804 3805 3796 
6179 1493 1502 1503 1494 3796 3805 3806 3797 
6180 1494 1503 153 152 3797 3806 394 393 
6181 66 67 1504 1495 307 308 3807 3798 
6182 1495 1504 1505 1496 3798 3807 3808 3799 
6183 1496 1505 1506 1497 3799 3808 3809 3800 
6184 1497 1506 1507 1498 3800 3809 3810 3801 
6185 1498 1507 1508 1499 3801 3810 3811 3802 
6186 1499 1508 1509 1500 3802 3811 3812 3803 
6187 1500 1509 1510 1501 3803 3812 3813 3804 
6188 1501 1510 1511 1502 3804 3813 3814 3805 
6189 1502 1511 1512 1503 3805 3814 3815 3806 
6190 1503 1512 154 153 3806 3815 395 394 
6191 67 68 1513 1504 308 309 3816 3807 
6192 1504 1513 1514 1505 3807 3816 3817 3808 
6193 1505 1514 1515 1506 3808 3817 3818 3809 
6194 1506 1515 1516 1507 3809 3818 3819 3810 
6195 1507 1516 1517 1508 3810 3819 3820 3811 
6196 1508 1517 1518 1509 3811 3820 3821 3812 
6197 1509 1518 1519 1510 3812 3821 3822 3813 
6198 1510 1519 1520 1511 3813 3822 3823 3814 
6199 1511 1520 1521 1512 3814 3823 3824 3815 
6200 1512 1521 155 154 3815 3824 396 395 
6201 68 69 1522 1513 309 310 3825 3816 
6202 1513 1522 1523 1514 3816 3825 3826 3817 
6203 1514 1523 1524 1515 3817 3826 3827 3818 
6204 1515 1524 1525 1516 3818 3827 3828 3819 
6205 1516 1525 1526 1517 3819 3828 3829 3820 
6206 1517 1526 1527 1518 3820 3829 3830 3821 
6207 1518 1527 1528 1519 3821 3830 3831 3822 
6208 1519 1528 1529 1520 3822 3831 3832 3823 
6209 1520 1529 1530 1521 3823 3832 3833 3824 
6210 1521 1530 156 155 3824 3833 397 396 
6211 69 70 1531 1522 310 311 3834 3825 
6212 1522 1531 1532 1523 3825 3834 3835 3826 
6213 1523 1532 1533 1524 3826 3835 3836 3827 
6214 1524 1533 1534 1525 3827 3836 3837 3828 
6215 1525 1534 1535 1526 3828 3837 3838 3829 
6216 1526 1535 1536 1527 3829 3838 3839 3830 
6217 1527 1536 1537 1528 3830 3839 3840 3831 
6218 1528 1537 1538 1529 3831 3840 3841 3832 
6219 1529 1538 1539 1530 3832 3841 3842 3833 
6220 1530 1539 157 156 3833 3842 398 397 
6221 70 71 1540 1531 311 312 3843 3834 
6222 1531 1540 1541 1532 3834 3843 3844 3835 
6223 1532 1541 1542 1533 3835 3844 3845 3836 
6224 1533 1542 1543 1534 3836 3845 3846 3837 
6225 1534 1543 1544 1535 3837 3846 3847 3838 
6226 1535 1544 1545 1536 3838 3847 3848 3839 
6227 1536 1545 1546 1537 3839 3848 3849 3840 
6228 1537 1546 1547 1538 3840 3849 3850 3841 
6229 1538 1547 1548 1539 3841 3850 3851 3842 
6230 1539 1548 158 157 3842 3851 399 398 
6231 71 72 1549 1540 312 313 3852 3843 
6232 1540 1549 1550 1541 3843 3852 3853 3844 
6233 1541 1550 1551 1542 3844 3853 3854 3845 
6234 1542 1551 1552 1543 3845 3854 3855 3846 
6235 1543 1552 1553 1544 3846 3855 3856 3847 
6236 1544 1553 1554 1545 3847 3856 3857 3848 
6237 1545 1554 1555 1546 3848 3857 3858 3849 
6238 1546 1555 1556 1547 3849 3858 3859 3850 
6239 1547 1556 1557 1548 3850 3859 3860 3851 
6240 1548 1557 159 158 3851 3860 400 399 
6241 72 73 1558 1549 313 314 3861 3852 
6242 1549 1558 1559 1550 3852 3861 3862 3853 
6243 1550 1559 1560 1551 3853 3862 3863 3854 
6244 1551 1560 1561 1552 3854 3863 3864 3855 
6245 1552 1561 1562 1553 3855 3864 3865 3856 
6246 1553 1562 1563 1554 3856 3865 3866 3857 
6247 1554 1563 1564 1555 3857 3866 3867 3858 
6248 1555 1564 1565 1556 3858 3867 3868 3859 
6249 1556 1565 1566 1557 3859 3868 3869 3860 
6250 1557 1566 160 159 3860 3869 401 400 
6251 73 74 1567 1558 314 315 3870 3861 
6252 1558 1567 1568 1559 3861 3870 3871 3862 
6253 1559 1568 1569 1560 3862 3871 3872 3863 
6254 1560 1569 1570 1561 3863 3872 3873 3864 
6255 1561 1570 1571 1562 3864 3873 3874 3865 
6256 1562 1571 1572 1563 3865 3874 3875 3866 
6257 1563 1572 1573 1564 3866 3875 3876 3867 
6258 1564 1573 1574 1565 3867 3876 3877 3868 
6259 1565 1574 1575 1566 3868 3877 3878 3869 
6260 1566 1575 161 160 3869 3878 402 401 
6261 74 75 1576 1567 315 316 3879 3870 
6262 1567 1576 1577 1568 3870 3879 3880 3871 
6263 1568 1577 1578 1569 3871 3880 3881 3872 
6264 1569 1578 1579 1570 3872 3881 3882 3873 
6265 1570 1579 1580 1571 3873 3882 3883 3874 
6266 1571 1580 1581 1572 3874 3883 3884 3875 
6267 1572 1581 1582 1573 3875 3884 3885 3876 
6268 1573 1582 1583 1574 3876 3885 3886 3877 
6269 1574 1583 1584 1575 3877 3886 3887 3878 
6270 1575 1584 162 161 3878 3887 403 402 
6271 75 76 1585 1576 316 317 3888 3879 
6272 1576 1585 1586 1577 3879 3888 3889 3880 
6273 1577 1586 1587 1578 3880 3889 3890 3881 
6274 1578 1587 1588 1579 3881 3890 3891 3882 
6275 1579 1588 1589 1580 3882 3891 3892 3883 
6276 1580 1589 1590 1581 3883 3892 3893 3884 
6277 1581 1590 1591 1582 3884 3893 3894 3885 
6278 1582 1591 1592 1583 3885 3894 3895 3886 
6279 1583 1592 1593 1584 3886 3895 3896 3887 
6280 1584 1593 163 162 3887 3896 404 403 
6281 76 77 1594 1585 317 318 3897 3888 
6282 1585 1594 1595 1586 3888 3897 3898 3889 
6283 1586 1595 1596 1587 3889 3898 3899 3890 
6284 1587 1596 1597 1588 3890 3899 3900 3891 
6285 1588 1597 1598 1589 3891 3900 3901 3892 
6286 1589 1598 1599 1590 3892 3901 3902 3893 
6287 1590 1599 1600 1591 3893 3902 3903 3894 
6288 1591 1600 1601 1592 3894 3903 3904 3895 
6289 1592 1601 1602 1593 3895 3904 3905 3896 
6290 1593 1602 164 163 3896 3905 405 404 
6291 77 78 1603 1594 318 319 3906 3897 
6292 1594 1603 1604 1595 3897 3906 3907 3898 
6293 1595 1604 1605 1596 3898 3907 3908 3899 
6294 1596 1605 1606 1597 3899 3908 3909 3900 
6295 1597 1606 1607 1598 3900 3909 3910 3901 
6296 1598 1607 1608 1599 3901 3910 3911 3902 
6297 1599 1608 1609 1600 3902 3911 3912 3903 
6298 1600 1609 1610 1601 3903 3912 3913 3904 
6299 1601 1610 1611 1602 3904 3913 3914 3905 
6300 1602 1611 165 164 3905 3914 406 405 
6301 78 79 1612 1603 319 320 3915 3906 
6302 1603 1612 1613 1604 3906 3915 3916 3907 
6303 1604 1613 1614 1605 3907 3916 3917 3908 
6304 1605 1614 1615 1606 3908 3917 3918 3909 
6305 1606 1615 1616 1607 3909 3918 3919 3910 
6306 1607 1616 1617 1608 3910 3919 3920 3911 
6307 1608 1617 1618 1609 3911 3920 3921 3912 
6308 1609 1618 1619 1610 3912 3921 3922 3913 
6309 1610 1619 1620 1611 3913 3922 3923 3914 
6310 1611 1620 166 165 3914 3923 407 406 
6311 79 80 1621 1612 320 321 3924 3915 
6312 1612 1621 1622 1613 3915 3924 3925 3916 
6313 1613 1622 1623 1614 3916 3925 3926 3917 
6314 1614 1623 1624 1615 3917 3926 3927 3918 
6315 1615 1624 1625 1616 3918 3927 3928 3919 
6316 1616 1625 1626 1617 3919 3928 3929 3920 
6317 1617 1626 1627 1618 3920 3929 3930 3921 
6318 1618 1627 1628 1619 3921 3930 3931 3922 
6319 1619 1628 1629 1620 3922 3931 3932 3923 
6320 1620 1629 167 166 3923 3932 408 407 
6321 80 81 1630 1621 321 322 3933 3924 
6322 1621 1630 1631 1622 3924 3933 3934 3925 
6323 1622 1631 1632 1623 3925 3934 3935 3926 
6324 1623 1632 1633 1624 3926 3935 3936 3927 
6325 1624 1633 1634 1625 3927 3936 3937 3928 
6326 1625 1634 1635 1626 3928 3937 3938 3929 
6327 1626 1635 1636 1627 3929 3938 3939 3930 
6328 1627 1636 1637 1628 3930 3939 3940 3931 
6329 1628 1637 1638 1629 3931 3940 3941 3932 
6330 1629 1638 168 167 3932 3941 409 408 
6331 81 82 1639 1630 322 323 3942 3933 
6332 1630 1639 1640 1631 3933 3942 3943 3934 
6333 1631 1640 1641 1632 3934 3943 3944 3935 
6334 1632 1641 1642 1633 3935 3944 3945 3936 
6335 1633 1642 1643 1634 3936 3945 3946 3937 
6336 1634 1643 1644 1635 3937 3946 3947 3938 
6337 1635 1644 1645 1636 3938 3947 3948 3939 
6338 1636 1645 1646 1637 3939 3948 3949 3940 
6339 1637 1646 1647 1638 3940 3949 3950 3941 
6340 1638 1647 169 168 3941 3950 410 409 
6341 82 83 1648 1639 323 324 3951 3942 
6342 1639 1648 1649 1640 3942 3951 3952 3943 
6343 1640 1649 1650 1641 3943 3952 3953 3944 
6344 1641 1650 1651 1642 3944 3953 3954 3945 
6345 1642 1651 1652 1643 3945 3954 3955 3946 
6346 1643 1652 1653 1644 3946 3955 3956 3947 
6347 1644 1653 1654 1645 3947 3956 3957 3948 
6348 1645 1654 1655 1646 3948 3957 3958 3949 
6349 1646 1655 1656 1647 3949 3958 3959 3950 
6350 1647 1656 170 169 3950 3959 411 410 
6351 83 84 1657 1648 324 325 3960 3951 
6352 1648 1657 1658 1649 3951 3960 3961 3952 
6353 1649 1658 1659 1650 3952 3961 3962 3953 
6354 1650 1659 1660 1651 3953 3962 3963 3954 
6355 1651 1660 1661 1652 3954 3963 3964 3955 
6356 1652 1661 1662 1653 3955 3964 3965 3956 
6357 1653 1662 1663 1654 3956 3965 3966 3957 
6358 1654 1663 1664 1655 3957 3966 3967 3958 
6359 1655 1664 1665 1656 3958 3967 3968 3959 
6360 1656 1665 171 170 3959 3968 412 411 
6361 84 85 1666 1657 325 326 3969 3960 
6362 1657 1666 1667 1658 3960 3969 3970 3961 
6363 1658 1667 1668 1659 3961 3970 3971 3962 
6364 1659 1668 1669 1660 3962 3971 3972 3963 
6365 1660 1669 1670 1661 3963 3972 3973 3964 
6366 1661 1670 1671 1662 3964 3973 3974 3965 
6367 1662 1671 1672 1663 3965 3974 3975 3966 
6368 1663 1672 1673 1664 3966 3975 3976 3967 
6369 1664 1673 1674 1665 3967 3976 3977 3968 
6370 1665 1674 172 171 3968 3977 413 412 
6371 85 86 1675 1666 326 327 3978 3969 
6372 1666 1675 1676 1667 3969 3978 3979 3970 
6373 1667 1676 1677 1668 3970 3979 3980 3971 
6374 1668 1677 1678 1669 3971 3980 3981 3972 
6375 1669 1678 1679 1670 3972 3981 3982 3973 
6376 1670 1679 1680 1671 3973 3982 3983 3974 
6377 1671 1680 1681 1672 3974 3983 3984 3975 
6378 1672 1681 1682 1673 3975 3984 3985 3976 
6379 1673 1682 1683 1674 3976 3985 3986 3977 
6380 1674 1683 173 172 3977 3986 414 413 
6381 86 87 1684 1675 327 328 3987 3978 
6382 1675 1684 1685 1676 3978 3987 3988 3979 
6383 1676 1685 1686 1677 3979 3988 3989 3980 
6384 1677 1686 1687 1678 3980 3989 3990 3981 
6385 1678 1687 1688 1679 3981 3990 3991 3982 
6386 1679 1688 1689 1680 3982 3991 3992 3983 
6387 1680 1689 1690 1681 3983 3992 3993 3984 
6388 1681 1690 1691 1682 3984 3993 3994 3985 
6389 1682 1691 1692 1683 3985 3994 3995 3986 
6390 1683 1692 174 173 3986 3995 415 414 
6391 87 88 1693 1684 328 329 3996 3987 
6392 1684 1693 1694 1685 3987 3996 3997 3988 
6393 1685 1694 1695 1686 3988 3997 3998 3989 
6394 1686 1695 1696 1687 3989 3998 3999 3990 
6395 1687 1696 1697 1688 3990 3999 4000 3991 
6396 1688 1697 1698 1689 3991 4000 4001 3992 
6397 1689 1698 1699 1690 3992 4001 4002 3993 
6398 1690 1699 1700 1691 3993 4002 4003 3994 
6399 1691 1700 1701 1692 3994 4003 4004 3995 
6400 1692 1701 175 174 3995 4004 416 415 
6401 88 89 1702 1693 329 330 4005 3996 
6402 1693 1702 1703 1694 3996 4005 4006 3997 
6403 1694 1703 1704 1695 3997 4006 4007 3998 
6404 1695 1704 1705 1696 3998 4007 4008 3999 
6405 1696 1705 1706 1697 3999 4008 4009 4000 
6406 1697 1706 1707 1698 4000 4009 4010 4001 
6407 1698 1707 1708 1699 4001 4010 4011 4002 
6408 1699 1708 1709 1700 4002 4011 4012 4003 
6409 1700 1709 1710 1701 4003 4012 4013 4004 
6410 1701 1710 176 175 4004 4013 417 416 
6411 89 90 1711 1702 330 331 4014 4005 
6412 1702 1711 1712 1703 4005 4014 4015 4006 
6413 1703 1712 1713 1704 4006 4015 4016 4007 
6414 1704 1713 1714 1705 4007 4016 4017 4008 
6415 1705 1714 1715 1706 4008 4017 4018 4009 
6416 1706 1715 1716 1707 4009 4018 4019 4010 
6417 1707 1716 1717 1708 4010 4019 4020 4011 
6418 1708 1717 1718 1709 4011 4020 4021 4012 
6419 1709 1718 1719 1710 4012 4021 4022 4013 
6420 1710 1719 177 176 4013 4022 418 417 
6421 90 91 1720 1711 331 332 4023 4014 
6422 1711 1720 1721 1712 4014 4023 4024 4015 
6423 1712 1721 1722 1713 4015 4024 4025 4016 
6424 1713 1722 1723 1714 4016 4025 4026 4017 
6425 1714 1723 1724 1715 4017 4026 4027 4018 
6426 1715 1724 1725 1716 4018 4027 4028 4019 
6427 1716 1725 1726 1717 4019 4028 4029 4020 
6428 1717 1726 1727 1718 4020 4029 4030 4021 
6429 1718 1727 1728 1719 4021 4030 4031 4022 
6430 1719 1728 178 177 4022 4031 419 418 
6431 91 92 1729 1720 332 333 4032 4023 
6432 1720 1729 1730 1721 4023 4032 4033 4024 
6433 1721 1730 1731 1722 4024 4033 4034 4025 
6434 1722 1731 1732 1723 4025 4034 4035 4026 
6435 1723 1732 1733 1724 4026 4035 4036 4027 
6436 1724 1733 1734 1725 4027 4036 4037 4028 
6437 1725 1734 1735 1726 4028 4037 4038 4029 
6438 1726 1735 1736 1727 4029 4038 4039 4030 
6439 1727 1736 1737 1728 4030 4039 4040 4031 
6440 1728 1737 179 178 4031 4040 420 419 
6441 92 93 1738 1729 333 334 4041 4032 
6442 1729 1738 1739 1730 4032 4041 4042 4033 
6443 1730 1739 1740 1731 4033 4042 4043 4034 
6444 1731 1740 1741 1732 4034 4043 4044 4035 
6445 1732 1741 1742 1733 4035 4044 4045 4036 
6446 1733 1742 1743 1734 4036 4045 4046 4037 
6447 1734 1743 1744 1735 4037 4046 4047 4038 
6448 1735 1744 1745 1736 4038 4047 4048 4039 
6449 1736 1745 1746 1737 4039 4048 4049 4040 
6450 1737 1746 180 179 4040 4049 421 420 
6451 93 94 1747 1738 334 335 4050 4041 
6452 1738 1747 1748 1739 4041 4050 4051 4042 
6453 1739 1748 1749 1740 4042 4051 4052 4043 
6454 1740 1749 1750 1741 4043 4052 4053 4044 
6455 1741 1750 1751 1742 4044 4053 4054 4045 
6456 1742 1751 1752 1743 4045 4054 4055 4046 
6457 1743 1752 1753 1744 4046 4055 4056 4047 
6458 1744 1753 1754 1745 4047 4056 4057 4048 
6459 1745 1754 1755 1746 4048 4057 4058 4049 
6460 1746 1755 181 180 4049 4058 422 421 
6461 94 95 1756 1747 335 336 4059 4050 
6462 1747 1756 1757 1748 4050 4059 4060 4051 
6463 1748 1757 1758 1749 4051 4060 4061 4052 
6464 1749 1758 1759 1750 4052 4061 4062 4053 
6465 1750 1759 1760 1751 4053 4062 4063 4054 
6466 1751 1760 1761 1752 4054 4063 4064 4055 
6467 1752 1761 1762 1753 4055 4064 4065 4056 
6468 1753 1762 1763 1754 4056 4065 4066 4057 
6469 1754 1763 1764 1755 4057 4066 4067 4058 
6470 1755 1764 182 181 4058 4067 423 422 
6471 95 96 1765 1756 336 337 4068 4059 
6472 1756 1765 1766 1757 4059 4068 4069 4060 
6473 1757 1766 1767 1758 4060 4069 4070 4061 
6474 1758 1767 1768 1759 4061 4070 4071 4062 
6475 1759 1768 1769 1760 4062 4071 4072 4063 
6476 1760 1769 1770 1761 4063 4072 4073 4064 
6477 1761 1770 1771 1762 4064 4073 4074 4065 
6478 1762 1771 1772 1763 4065 4074 4075 4066 
6479 1763 1772 1773 1764 4066 4075 4076 4067 
6480 1764 1773 183 182 4067 4076 424 423 
6481 96 97 1774 1765 337 338 4077 4068 
6482 1765 1774 1775 1766 4068 4077 4078 4069 
6483 1766 1775 1776 1767 4069 4078 4079 4070 
6484 1767 1776 1777 1768 4070 4079 4080 4071 
6485 1768 1777 1778 1769 4071 4080 4081 4072 
6486 1769 1778 1779 1770 4072 4081 4082 4073 
6487 1770 1779 1780 1771 4073 4082 4083 4074 
6488 1771 1780 1781 1772 4074 4083 4084 4075 
6489 1772 1781 1782 1773 4075 4084 4085 4076 
6490 1773 1782 184 183 4076 4085 425 424 
6491 97 98 1783 1774 338 339 4086 4077 
6492 1774 1783 1784 1775 4077 4086 4087 4078 
6493 1775 1784 1785 1776 4078 4087 4088 4079 
6494 1776 1785 1786 1777 4079 4088 4089 4080 
6495 1777 1786 1787 1778 4080 4089 4090 4081 
6496 1778 1787 1788 1779 4081 4090 4091 4082 
6497 1779 1788 1789 1780 4082 4091 4092 4083 
6498 1780 1789 1790 1781 4083 4092 4093 4084 
6499 1781 1790 1791 1782 4084 4093 4094 4085 
6500 1782 1791 185 184 4085 4094 426 425 
6501 98 99 1792 1783 339 340 4095 4086 
6502 1783 1792 1793 1784 4086 4095 4096 4087 
6503 1784 1793 1794 1785 4087 4096 4097 4088 
6504 1785 1794 1795 1786 4088 4097 4098 4089 
6505 1786 1795 1796 1787 4089 4098 4099 4090 
6506 1787 1796 1797 1788 4090 4099 4100 4091 
6507 1788 1797 1798 1789 4091 4100 4101 4092 
6508 1789 1798 1799 1790 4092 4101 4102 4093 
6509 1790 1799 1800 1791 4093 4102 4103 4094 
6510 1791 1800 186 185 4094 4103 427 426 
6511 99 100 1801 1792 340 341 4104 4095 
6512 1792 1801 1802 1793 4095 4104 4105 4096 
6513 1793 1802 1803 1794 4096 4105 4106 4097 
6514 1794 1803 1804 1795 4097 4106 4107 4098 
6515 1795 1804 1805 1796 4098 4107 4108 4099 
6516 1796 1805 1806 1797 4099 4108 4109 4100 
6517 1797 1806 1807 1798 4100 4109 4110 4101 
6518 1798 1807 1808 1799 4101 4110 4111 4102 
6519 1799 1808 1809 1800 4102 4111 4112 4103 
6520 1800 1809 187 186 4103 4112 428 427 
6521 100 101 1810 1801 341 342 4113 4104 
6522 1801 1810 1811 1802 4104 4113 4114 4105 
6523 1802 1811 1812 1803 4105 4114 4115 4106 
6524 1803 1812 1813 1804 4106 4115 4116 4107 
6525 1804 1813 1814 1805 4107 4116 4117 4108 
6526 1805 1814 1815 1806 4108 4117 4118 4109 
6527 1806 1815 1816 1807 4109 4118 4119 4110 
6528 1807 1816 1817 1808 4110 4119 4120 4111 
6529 1808 1817 1818 1809 4111 4120 4121 4112 
6530 1809 1818 188 187 4112 4121 429 428 
6531 101 102 1819 1810 342 343 4122 4113 
6532 1810 1819 1820 1811 4113 4122 4123 4114 
6533 1811 1820 1821 1812 4114 4123 4124 4115 
6534 1812 1821 1822 1813 4115 4124 4125 4116 
6535 1813 1822 1823 1814 4116 4125 4126 4117 
6536 1814 1823 1824 1815 4117 4126 4127 4118 
6537 1815 1824 1825 1816 4118 4127 4128 4119 
6538 1816 1825 1826 1817 4119 4128 4129 4120 
6539 1817 1826 1827 1818 4120 4129 4130 4121 
6540 1818 1827 189 188 4121 4130 430 429 
6541 102 103 1828 1819 343 344 4131 4122 
6542 1819 1828 1829 1820 4122 4131 4132 4123 
6543 1820 1829 1830 1821 4123 4132 4133 4124 
6544 1821 1830 1831 1822 4124 4133 4134 4125 
6545 1822 1831 1832 1823 4125 4134 4135 4126 
6546 1823 1832 1833 1824 4126 4135 4136 4127 
6547 1824 1833 1834 1825 4127 4136 4137 4128 
6548 1825 1834 1835 1826 4128 4137 4138 4129 
6549 1826 1835 1836 1827 4129 4138 4139 4130 
6550 1827 1836 190 189 4130 4139 431 430 
6551 103 104 1837 1828 344 345 4140 4131 
6552 1828 1837 1838 1829 4131 4140 4141 4132 
6553 1829 1838 1839 1830 4132 4141 4142 4133 
6554 1830 1839 1840 1831 4133 4142 4143 4134 
6555 1831 1840 1841 1832 4134 4143 4144 4135 
6556 1832 1841 1842 1833 4135 4144 4145 4136 
6557 1833 1842 1843 1834 4136 4145 4146 4137 
6558 1834 1843 1844 1835 4137 4146 4147 4138 
6559 1835 1844 1845 1836 4138 4147 4148 4139 
6560 1836 1845 191 190 4139 4148 432 431 
6561 104 105 1846 1837 345 346 4149 4140 
6562 1837 1846 1847 1838 4140 4149 4150 4141 
6563 1838 1847 1848 1839 4141 4150 4151 4142 
6564 1839 1848 1849 1840 4142 4151 4152 4143 
6565 1840 1849 1850 1841 4143 4152 4153 4144 
6566 1841 1850 1851 1842 4144 4153 4154 4145 
6567 1842 1851 1852 1843 4145 4154 4155 4146 
6568 1843 1852 1853 1844 4146 4155 4156 4147 
6569 1844 1853 1854 1845 4147 4156 4157 4148 
6570 1845 1854 192 191 4148 4157 433 432 
6571 105 106 1855 1846 346 347 4158 4149 
6572 1846 1855 1856 1847 4149 4158 4159 4150 
6573 1847 1856 1857 1848 4150 4159 4160 4151 
6574 1848 1857 1858 1849 4151 4160 4161 4152 
6575 1849 1858 1859 1850 4152 4161 4162 4153 
6576 1850 1859 1860 1851 4153 4162 4163 4154 
6577 1851 1860 1861 1852 4154 4163 4164 4155 
6578 1852 1861 1862 1853 4155 4164 4165 4156 
6579 1853 1862 1863 1854 4156 4165 4166 4157 
6580 1854 1863 193 192 4157 4166 434 433 
6581 106 107 1864 1855 347 348 4167 4158 
6582 1855 1864 1865 1856 4158 4167 4168 4159 
6583 1856 1865 1866 1857 4159 4168 4169 4160 
6584 1857 1866 1867 1858 4160 4169 4170 4161 
6585 1858 1867 1868 1859 4161 4170 4171 4162 
6586 1859 1868 1869 1860 4162 4171 4172 4163 
6587 1860 1869 1870 1861 4163 4172 4173 4164 
6588 1861 1870 1871 1862 4164 4173 4174 4165 
6589 1862 1871 1872 1863 4165 4174 4175 4166 
6590 1863 1872 194 193 4166 4175 435 434 
6591 107 108 1873 1864 348 349 4176 4167 
6592 1864 1873 1874 1865 4167 4176 4177 4168 
6593 1865 1874 1875 1866 4168 4177 4178 4169 
6594 1866 1875 1876 1867 4169 4178 4179 4170 
6595 1867 1876 1877 1868 4170 4179 4180 4171 
6596 1868 1877 1878 1869 4171 4180 4181 4172 
6597 1869 1878 1879 1870 4172 4181 4182 4173 
6598 1870 1879 1880 1871 4173 4182 4183 4174 
6599 1871 1880 1881 1872 4174 4183 4184 4175 
6600 1872 1881 195 194 4175 4184 436 435 
6601 108 109 1882 1873 349 350 4185 4176 
6602 1873 1882 1883 1874 4176 4185 4186 4177 
6603 1874 1883 1884 1875 4177 4186 4187 4178 
6604 1875 1884 1885 1876 4178 4187 4188 4179 
6605 1876 1885 1886 1877 4179 4188 4189 4180 
6606 1877 1886 1887 1878 4180 4189 4190 4181 
6607 1878 1887 1888 1879 4181 4190 4191 4182 
6608 1879 1888 1889 1880 4182 4191 4192 4183 
6609 1880 1889 1890 1881 4183 4192 4193 4184 
6610 1881 1890 196 195 4184 4193 437 436 
6611 109 110 1891 1882 350 351 4194 4185 
6612 1882 1891 1892 1883 4185 4194 4195 4186 
6613 1883 1892 1893 1884 4186 4195 4196 4187 
6614 1884 1893 1894 1885 4187 4196 4197 4188 
6615 1885 1894 1895 1886 4188 4197 4198 4189 
6616 1886 1895 1896 1887 4189 4198 4199 4190 
6617 1887 1896 1897 1888 4190 4199 4200 4191 
6618 1888 1897 1898 1889 4191 4200 4201 4192 
6619 1889 1898 1899 1890 4192 4201 4202 4193 
6620 1890 1899 197 196 4193 4202 438 437 
6621 110 111 1900 1891 351 352 4203 4194 
6622 1891 1900 1901 1892 4194 4203 4204 4195 
6623 1892 1901 1902 1893 4195 4204 4205 4196 
6624 1893 1902 1903 1894 4196 4205 4206 4197 
6625 1894 1903 1904 1895 4197 4206 4207 4198 
6626 1895 1904 1905 1896 4198 4207 4208 4199 
6627 1896 1905 1906 1897 4199 4208 4209 4200 
6628 1897 1906 1907 1898 4200 4209 4210 4201 
6629 1898 1907 1908 1899 4201 4210 4211 4202 
6630 1899 1908 198 197 4202 4211 439 438 
6631 111 112 1909 1900 352 353 4212 4203 
6632 1900 1909 1910 1901 4203 4212 4213 4204 
6633 1901 1910 1911 1902 4204 4213 4214 4205 
6634 1902 1911 1912 1903 4205 4214 4215 4206 
6635 1903 1912 1913 1904 4206 4215 4216 4207 
6636 1904 1913 1914 1905 4207 4216 4217 4208 
6637 1905 1914 1915 1906 4208 4217 4218 4209 
6638 1906 1915 1916 1907 4209 4218 4219 4210 
6639 1907 1916 1917 1908 4210 4219 4220 4211 
6640 1908 1917 199 198 4211 4220 440 439 
6641 112 4 209 1909 353 10 450 4212 
6642 1909 209 210 1910 4212 450 451 4213 
6643 1910 210 211 1911 4213 451 452 4214 
6644 1911 211 212 1912 4214 452 453 4215 
6645 1912 212 213 1913 4215 453 454 4216 
6646 1913 213 214 1914 4216 454 455 4217 
6647 1914 214 215 1915 4217 455 456 4218 
6648 1915 215 216 1916 4218 456 457 4219 
6649 1916 216 217 1917 4219 457 458 4220 
6650 1917 217 6 199 4220 458 12 440 
3 3 5 1000
6651 5 151 1918 267 11 392 4221 508 
6652 267 1918 1919 268 508 4221 4222 509 
6653 268 1919 1920 269 509 4222 4223 510 
6654 269 1920 1921 270 510 4223 4224 511 
6655 270 1921 1922 271 511 4224 4225 512 
6656 271 1922 1923 272 512 4225 4226 513 
6657 272 1923 1924 273 513 4226 4227 514 
6658 273 1924 1925 274 514 4227 4228 515 
6659 274 1925 1926 275 515 4228 4229 516 
6660 275 1926 1927 276 516 4229 4230 517 
6661 276 1927 1928 277 517 4230 4231 518 
6662 277 1928 1929 278 518 4231 4232 519 
6663 278 1929 1930 279 519 4232 4233 520 
6664 279 1930 1931 280 520 4233 4234 521 
6665 280 1931 1932 281 521 4234 4235 522 
6666 281 1932 1933 282 522 4235 4236 523 
6667 282 1933 1934 283 523 4236 4237 524 
6668 283 1934 1935 284 524 4237 4238 525 
6669 284 1935 1936 285 525 4238 4239 526 
6670 285 1936 218 7 526 4239 459 13 
6671 151 152 1937 1918 392 393 4240 4221 
6672 1918 1937 1938 1919 4221 4240 4241 4222 
6673 1919 1938 1939 1920 4222 4241 4242 4223 
6674 1920 1939 1940 1921 4223 4242 4243 4224 
6675 1921 1940 1941 1922 4224 4243 4244 4225 
6676 1922 1941 1942 1923 4225 4244 4245 4226 
6677 1923 1942 1943 1924 4226 4245 4246 4227 
6678 1924 1943 1944 1925 4227 4246 4247 4228 
6679 1925 1944 1945 1926 4228 4247 4248 4229 
6680 1926 1945 1946 1927 4229 4248 4249 4230 
6681 1927 1946 1947 1928 4230 4249 4250 4231 
6682 1928 1947 1948 1929 4231 4250 4251 4232 
6683 1929 1948 1949 1930 4232 4251 4252 4233 
6684 1930 1949 1950 1931 4233 4252 4253 4234 
6685 1931 1950 1951 1932 4234 4253 4254 4235 
6686 1932 1951 1952 1933 4235 4254 4255 4236 
6687 1933 1952 1953 1934 4236 4255 4256 4237 
6688 1934 1953 1954 1935 4237 4256 4257 4238 
6689 1935 1954 1955 1936 4238 4257 4258 4239 
6690 1936 1955 219 218 4239 4258 460 459 
6691 152 153 1956 1937 393 394 4259 4240 
6692 1937 1956 1957 1938 4240 4259 4260 4241 
6693 1938 1957 1958 1939 4241 4260 4261 4242 
6694 1939 1958 1959 1940 4242 4261 4262 4243 
6695 1940 1959 1960 1941 4243 4262 4263 4244 
6696 1941 1960 1961 1942 4244 4263 4264 4245 
6697 1942 1961 1962 1943 4245 4264 4265 4246 
6698 1943 1962 1963 1944 4246 4265 4266 4247 
6699 1944 1963 1964 1945 4247 4266 4267 4248 
6700 1945 1964 1965 1946 4248 4267 4268 4249 
6701 1946 1965 1966 1947 4249 4268 4269 4250 
6702 1947 1966 1967 1948 4250 4269 4270 4251 
6703 1948 1967 1968 1949 4251 4270 4271 4252 
6704 1949 1968 1969 1950 4252 4271 4272 4253 
6705 1950 1969 1970 1951 4253 4272 4273 4254 
6706 1951 1970 1971 1952 4254 4273 4274 4255 
6707 1952 1971 1972 1953 4255 4274 4275 4256 
6708 1953 1972 1973 1954 4256 4275 4276 4257 
6709 1954 1973 1974 1955 4257 4276 4277 4258 
6710 1955 1974 220 219 4258 4277 461 460 
6711 153 154 1975 1956 394 395 4278 4259 
6712 1956 1975 1976 1957 4259 4278 4279 4260 
6713 1957 1976 1977 1958 4260 4279 4280 4261 
6714 1958 1977 1978 1959 4261 4280 4281 4262 
6715 1959 1978 1979 1960 4262 4281 4282 4263 
6716 1960 1979 1980 1961 4263 4282 4283 4264 
6717 1961 1980 1981 1962 4264 4283 4284 4265 
6718 1962 1981 1982 1963 4265 4284 4285 4266 
6719 1963 1982 1983 1964 4266 4285 4286 4267 
6720 1964 1983 1984 1965 4267 4286 4287 4268 
6721 1965 1984 1985 1966 4268 4287 4288 4269 
6722 1966 1985 1986 1967 4269 4288 4289 4270 
6723 1967 1986 1987 1968 4270 4289 4290 4271 
6724 1968 1987 1988 1969 4271 4290 4291 4272 
6725 1969 1988 1989 1970 4272 4291 4292 4273 
6726 1970 1989 1990 1971 4273 4292 4293 4274 
6727 1971 1990 1991 1972 4274 4293 4294 4275 
6728 1972 1991 1992 1973 4275 4294 4295 4276 
6729 1973 1992 1993 1974 4276 4295 4296 4277 
6730 1974 1993 221 220 4277 4296 462 461 
6731 154 155 1994 1975 395 396 4297 4278 
6732 1975 1994 1995 1976 4278 4297 4298 4279 
6733 1976 1995 1996 1977 4279 4298 4299 4280 
6734 1977 1996 1997 1978 4280 4299 4300 4281 
6735 1978 1997 1998 1979 4281 4300 4301 4282 
6736 1979 1998 1999 1980 4282 4301 4302 4283 
6737 1980 1999 2000 1981 4283 4302 4303 4284 
6738 1981 2000 2001 1982 4284 4303 4304 4285 
6739 1982 2001 2002 1983 4285 4304 4305 4286 
6740 1983 2002 2003 1984 4286 4305 4306 4287 
6741 1984 2003 2004 1985 4287 4306 4307 4288 
6742 1985 2004 2005 1986 4288 4307 4308 4289 
6743 1986 2005 2006 1987 4289 4308 4309 4290 
6744 1987 2006 2007 1988 4290 4309 4310 4291 
6745 1988 2007 2008 1989 4291 4310 4311 4292 
6746 1989 2008 2009 1990 4292 4311 4312 4293 
6747 1990 2009 2010 1991 4293 4312 4313 4294 
6748 1991 2010 2011 1992 4294 4313 4314 4295 
6749 1992 2011 2012 1993 4295 4314 4315 4296 
6750 1993 2012 222 221 4296 4315 463 462 
6751 155 156 2013 1994 396 397 4316 4297 
6752 1994 2013 2014 1995 4297 4316 4317 4298 
6753 1995 2014 2015 1996 4298 4317 4318 4299 
6754 1996 2015 2016 1997 4299 4318 4319 4300 
6755 1997 2016 2017 1998 4300 4319 4320 4301 
6756 1998 2017 2018 1999 4301 4320 4321 4302 
6757 1999 2018 2019 2000 4302 4321 4322 4303 
6758 2000 2019 2020 2001 4303 4322 4323 4304 
6759 2001 2020 2021 2002 4304 4323 4324 4305 
6760 2002 2021 2022 2003 4305 4324 4325 4306 
6761 2003 2022 2023 2004 4306 4325 4326 4307 
6762 2004 2023 2024 2005 4307 4326 4327 4308 
6763 2005 2024 2025 2006 4308 4327 4328 4309 
6764 2006 2025 2026 2007 4309 4328 4329 4310 
6765 2007 2026 2027 2008 4310 4329 4330 4311 
6766 2008 2027 2028 2009 4311 4330 4331 4312 
6767 2009 2028 2029 2010 4312 4331 4332 4313 
6768 2010 2029 2030 2011 4313 4332 4333 4314 
6769 2011 2030 2031 2012 4314 4333 4334 4315 
6770 2012 2031 223 222 4315 4334 464 463 
6771 156 157 2032 2013 397 398 4335 4316 
6772 2013 2032 2033 2014 4316 4335 4336 4317 
6773 2014 2033 2034 2015 4317 4336 4337 4318 
6774 2015 2034 2035 2016 4318 4337 4338 4319 
6775 2016 2035 2036 2017 4319 4338 4339 4320 
6776 2017 2036 2037 2018 4320 4339 4340 4321 
6777 2018 2037 2038 2019 4321 4340 4341 4322 
6778 2019 2038 2039 2020 4322 4341 4342 4323 
6779 2020 2039 2040 2021 4323 4342 4343 4324 
6780 2021 2040 2041 2022 4324 4343 4344 4325 
6781 2022 2041 2042 2023 4325 4344 4345 4326 
6782 2023 2042 2043 2024 4326 4345 4346 4327 
6783 2024 2043 2044 2025 4327 4346 4347 4328 
6784 2025 2044 2045 2026 4328 4347 4348 4329 
6785 2026 2045 2046 2027 4329 4348 4349 4330 
6786 2027 2046 2047 2028 4330 4349 4350 4331 
6787 2028 2047 2048 2029 4331 4350 4351 4332 
6788 2029 2048 2049 2030 4332 4351 4352 4333 
6789 2030 2049 2050 2031 4333 4352 4353 4334 
6790 2031 2050 224 223 4334 4353 465 464 
6791 157 158 2051 2032 398 399 4354 4335 
6792 2032 2051 2052 2033 4335 4354 4355 4336 
6793 2033 2052 2053 2034 4336 4355 4356 4337 
6794 2034 2053 2054 2035 4337 4356 4357 4338 
6795 2035 2054 2055 2036 4338 4357 4358 4339 
6796 2036 2055 2056 2037 4339 4358 4359 4340 
6797 2037 2056 2057 2038 4340 4359 4360 4341 
6798 2038 2057 2058 2039 4341 4360 4361 4342 
6799 2039 2058 2059 2040 4342 4361 4362 4343 
6800 2040 2059 2060 2041 4343 4362 4363 4344 
6801 2041 2060 2061 2042 4344 4363 4364 4345 
6802 2042 2061 2062 2043 4345 4364 4365 4346 
6803 2043 2062 2063 2044 4346 4365 4366 4347 
6804 2044 2063 2064 2045 4347 4366 4367 4348 
6805 2045 2064 2065 2046 4348 4367 4368 4349 
6806 2046 2065 2066 2047 4349 4368 4369 4350 
6807 2047 2066 2067 2048 4350 4369 4370 4351 
6808 2048 2067 2068 2049 4351 4370 4371 4352 
6809 2049 2068 2069 2050 4352 4371 4372 4353 
6810 2050 2069 225 224 4353 4372 466 465 
6811 158 159 2070 2051 399 400 4373 4354 
6812 2051 2070 2071 2052 4354 4373 4374 4355 
6813 2052 2071 2072 2053 4355 4374 4375 4356 
6814 2053 2072 2073 2054 4356 4375 4376 4357 
6815 2054 2073 2074 2055 4357 4376 4377 4358 
6816 2055 2074 2075 2056 4358 4377 4378 4359 
6817 2056 2075 2076 2057 4359 4378 4379 4360 
6818 2057 2076 2077 2058 4360 4379 4380 4361 
6819 2058 2077 2078 2059 4361 4380 4381 4362 
6820 2059 2078 2079 2060 4362 4381 4382 4363 
6821 2060 2079 2080 2061 4363 4382 4383 4364 
6822 2061 2080 2081 2062 4364 4383 4384 4365 
6823 2062 2081 2082 2063 4365 4384 4385 4366 
6824 2063 2082 2083 2064 4366 4385 4386 4367 
6825 2064 2083 2084 2065 4367 4386 4387 4368 
6826 2065 2084 2085 2066 4368 4387 4388 4369 
6827 2066 2085 2086 2067 4369 4388 4389 4370 
6828 2067 2086 2087 2068 4370 4389 4390 4371 
6829 2068 2087 2088 2069 4371 4390 4391 4372 
6830 2069 2088 226 225 4372 4391 467 466 
6831 159 160 2089 2070 400 401 4392 4373 
6832 2070 2089 2090 2071 4373 4392 4393 4374 
6833 2071 2090 2091 2072 4374 4393 4394 4375 
6834 2072 2091 2092 2073 4375 4394 4395 4376 
6835 2073 2092 2093 2074 4376 4395 4396 4377 
6836 2074 2093 2094 2075 4377 4396 4397 4378 
6837 2075 2094 2095 2076 4378 4397 4398 4379 
6838 2076 2095 2096 2077 4379 4398 4399 4380 
6839 2077 2096 2097 2078 4380 4399 4400 4381 
6840 2078 2097 2098 2079 4381 4400 4401 4382 
6841 2079 2098 2099 2080 4382 4401 4402 4383 
6842 2080 2099 2100 2081 4383 4402 4403 4384 
6843 2081 2100 2101 2082 4384 4403 4404 4385 
6844 2082 2101 2102 2083 4385 4404 4405 4386 
6845 2083 2102 2103 2084 4386 4405 4406 4387 
6846 2084 2103 2104 2085 4387 4406 4407 4388 
6847 2085 2104 2105 2086 4388 4407 4408 4389 
6848 2086 2105 2106 2087 4389 4408 4409 4390 
6849 2087 2106 2107 2088 4390 4409 4410 4391 
6850 2088 2107 227 226 4391 4410 468 467 
6851 160 161 2108 2089 401 402 4411 4392 
6852 2089 2108 2109 2090 4392 4411 4412 4393 
6853 2090 2109 2110 2091 4393 4412 4413 4394 
6854 2091 2110 2111 2092 4394 4413 4414 4395 
6855 2092 2111 2112 2093 4395 4414 4415 4396 
6856 2093 2112 2113 2094 4396 4415 4416 4397 
6857 2094 2113 2114 2095 4397 4416 4417 4398 
6858 2095 2114 2115 2096 4398 4417 4418 4399 
6859 2096 2115 2116 2097 4399 4418 4419 4400 
6860 2097 2116 2117 2098 4400 4419 4420 4401 
6861 2098 2117 2118 2099 4401 4420 4421 4402 
6862 2099 2118 2119 2100 4402 4421 4422 4403 
6863 2100 2119 2120 2101 4403 4422 4423 4404 
6864 2101 2120 2121 2102 4404 4423 4424 4405 
6865 2102 2121 2122 2103 4405 4424 4425 4406 
6866 2103 2122 2123 2104 4406 4425 4426 4407 
6867 2104 2123 2124 2105 4407 4426 4427 4408 
6868 2105 2124 2125 2106 4408 4427 4428 4409 
6869 2106 2125 2126 2107 4409 4428 4429 4410 
6870 2107 2126 228 227 4410 4429 469 468 
6871 161 162 2127 2108 402 403 4430 4411 
6872 2108 2127 2128 2109 4411 4430 4431 4412 
6873 2109 2128 2129 2110 4412 4431 4432 4413 
6874 2110 2129 2130 2111 4413 4432 4433 4414 
6875 2111 2130 2131 2112 4414 4433 4434 4415 
6876 2112 2131 2132 2113 4415 4434 4435 4416 
6877 2113 2132 2133 2114 4416 4435 4436 4417 
6878 2114 2133 2134 2115 4417 4436 4437 4418 
6879 2115 2134 2135 2116 4418 4437 4438 4419 
6880 2116 2135 2136 2117 4419 4438 4439 4420 
6881 2117 2136 2137 2118 4420 4439 4440 4421 
6882 2118 2137 2138 2119 4421 4440 4441 4422 
6883 2119 2138 2139 2120 4422 4441 4442 4423 
6884 2120 2139 2140 2121 4423 4442 4443 4424 
6885 2121 2140 2141 2122 4424 4443 4444 4425 
6886 2122 2141 2142 2123 4425 4444 4445 4426 
6887 2123 2142 2143 2124 4426 4445 4446 4427 
6888 2124 2143 2144 2125 4427 4446 4447 4428 
6889 2125 2144 2145 2126 4428 4447 4448 4429 
6890 2126 2145 229 228 4429 4448 470 469 
6891 162 163 2146 2127 403 404 4449 4430 
6892 2127 2146 2147 2128 4430 4449 4450 4431 
6893 2128 2147 2148 2129 4431 4450 4451 4432 
6894 2129 2148 2149 2130 4432 4451 4452 4433 
6895 2130 2149 2150 2131 4433 4452 4453 4434 
6896 2131 2150 2151 2132 4434 4453 4454 4435 
6897 2132 2151 2152 2133 4435 4454 4455 4436 
6898 2133 2152 2153 2134 4436 4455 4456 4437 
6899 2134 2153 2154 2135 4437 4456 4457 4438 
6900 2135 2154 2155 2136 4438 4457 4458 4439 
6901 2136 2155 2156 2137 4439 4458 4459 4440 
6902 2137 2156 2157 2138 4440 4459 4460 4441 
6903 2138 2157 2158 2139 4441 4460 4461 4442 
6904 2139 2158 2159 2140 4442 4461 4462 4443 
6905 2140 2159 2160 2141 4443 4462 4463 4444 
6906 2141 2160 2161 2142 4444 4463 4464 4445 
6907 2142 2161 2162 2143 4445 4464 4465 4446 
6908 2143 2162 2163 2144 4446 4465 4466 4447 
6909 2144 2163 2164 2145 4447 4466 4467 4448 
6910 2145 2164 230 229 4448 4467 471 470 
6911 163 164 2165 2146 404 405 4468 4449 
6912 2146 2165 2166 2147 4449 4468 4469 4450 
6913 2147 2166 2167 2148 4450 4469 4470 4451 
6914 2148 2167 2168 2149 4451 4470 4471 4452 
6915 2149 2168 2169 2150 4452 4471 4472 4453 
6916 2150 2169 2170 2151 4453 4472 4473 4454 
6917 2151 2170 2171 2152 4454 4473 4474 4455 
6918 2152 2171 2172 2153 4455 4474 4475 4456 
6919 2153 2172 2173 2154 4456 4475 4476 4457 
6920 2154 2173 2174 2155 4457 4476 4477 4458 
6921 2155 2174 2175 2156 4458 4477 4478 4459 
6922 2156 2175 2176 2157 4459 4478 4479 4460 
6923 2157 2176 2177 2158 4460 4479 4480 4461 
6924 2158 2177 2178 2159 4461 4480 4481 4462 
6925 2159 2178 2179 2160 4462 4481 4482 4463 
6926 2160 2179 2180 2161 4463 4482 4483 4464 
6927 2161 2180 2181 2162 4464 4483 4484 4465 
6928 2162 2181 2182 2163 4465 4484 4485 4466 
6929 2163 2182 2183 2164 4466 4485 4486 4467 
6930 2164 2183 231 230 4467 4486 472 471 
6931 164 165 2184 2165 405 406 4487 4468 
6932 2165 2184 2185 2166 4468 4487 4488 4469 
6933 2166 2185 2186 2167 4469 4488 4489 4470 
6934 2167 2186 2187 2168 4470 4489 4490 4471 
6935 2168 2187 2188 2169 4471 4490 4491 4472 
6936 2169 2188 2189 2170 4472 4491 4492 4473 
6937 2170 2189 2190 2171 4473 4492 4493 4474 
6938 2171 2190 2191 2172 4474 4493 4494 4475 
6939 2172 2191 2192 2173 4475 4494 4495 4476 
6940 2173 2192 2193 2174 4476 4495 4496 4477 
6941 2174 2193 2194 2175 4477 4496 4497 4478 
6942 2175 2194 2195 2176 4478 4497 4498 4479 
6943 2176 2195 2196 2177 4479 4498 4499 4480 
6944 2177 2196 2197 2178 4480 4499 4500 4481 
6945 2178 2197 2198 2179 4481 4500 4501 4482 
6946 2179 2198 2199 2180 4482 4501 4502 4483 
6947 2180 2199 2200 2181 4483 4502 4503 4484 
6948 2181 2200 2201 2182 4484 4503 4504 4485 
6949 2182 2201 2202 2183 4485 4504 4505 4486 
6950 2183 2202 232 231 4486 4505 473 472 
6951 165 166 2203 2184 406 407 4506 4487 
6952 2184 2203 2204 2185 4487 4506 4507 4488 
6953 2185 2204 2205 2186 4488 4507 4508 4489 
6954 2186 2205 2206 2187 4489 4508 4509 4490 
6955 2187 2206 2207 2188 4490 4509 4510 4491 
6956 2188 2207 2208 2189 4491 4510 4511 4492 
6957 2189 2208 2209 2190 4492 4511 4512 4493 
6958 2190 2209 2210 2191 4493 4512 4513 4494 
6959 2191 2210 2211 2192 4494 4513 4514 4495 
6960 2192 2211 2212 2193 4495 4514 4515 4496 
6961 2193 2212 2213 2194 4496 4515 4516 4497 
6962 2194 2213 2214 2195 4497 4516 4517 4498 
6963 2195 2214 2215 2196 4498 4517 4518 4499 
6964 2196 2215 2216 2197 4499 4518 4519 4500 
6965 2197 2216 2217 2198 4500 4519 4520 4501 
6966 2198 2217 2218 2199 4501 4520 4521 4502 
6967 2199 2218 2219 2200 4502 4521 4522 4503 
6968 2200 2219 2220 2201 4503 4522 4523 4504 
6969 2201 2220 2221 2202 4504 4523 4524 4505 
6970 2202 2221 233 232 4505 4524 474 473 
6971 166 167 2222 2203 407 408 4525 4506 
6972 2203 2222 2223 2204 4506 4525 4526 4507 
6973 2204 2223 2224 2205 4507 4526 4527 4508 
6974 2205 2224 2225 2206 4508 4527 4528 4509 
6975 2206 2225 2226 2207 4509 4528 4529 4510 
6976 2207 2226 2227 2208 4510 4529 4530 4511 
6977 2208 2227 2228 2209 4511 4530 4531 4512 
6978 2209 2228 2229 2210 4512 4531 4532 4513 
6979 2210 2229 2230 2211 4513 4532 4533 4514 
6980 2211 2230 2231 2212 4514 4533 4534 4515 
6981 2212 2231 2232 2213 4515 4534 4535 4516 
6982 2213 2232 2233 2214 4516 4535 4536 4517 
6983 2214 2233 2234 2215 4517 4536 4537 4518 
6984 2215 2234 2235 2216 4518 4537 4538 4519 
6985 2216 2235 2236 2217 4519 4538 4539 4520 
6986 2217 2236 2237 2218 4520 4539 4540 4521 
6987 2218 2237 2238 2219 4521 4540 4541 4522 
6988 2219 2238 2239 2220 4522 4541 4542 4523 
6989 2220 2239 2240 2221 4523 4542 4543 4524 
6990 2221 2240 234 233 4524 4543 475 474 
6991 167 168 2241 2222 408 409 4544 4525 
6992 2222 2241 2242 2223 4525 4544 4545 4526 
6993 2223 2242 2243 2224 4526 4545 4546 4527 
6994 2224 2243 2244 2225 4527 4546 4547 4528 
6995 2225 2244 2245 2226 4528 4547 4548 4529 
6996 2226 2245 2246 2227 4529 4548 4549 4530 
6997 2227 2246 2247 2228 4530 4549 4550 4531 
6998 2228 2247 2248 2229 4531 4550 4551 4532 
6999 2229 2248 2249 2230 4532 4551 4552 4533 
7000 2230 2249 2250 2231 4533 4552 4553 4534 
7001 2231 2250 2251 2232 4534 4553 4554 4535 
7002 2232 2251 2252 2233 4535 4554 4555 4536 
7003 2233 2252 2253 2234 4536 4555 4556 4537 
7004 2234 2253 2254 2235 4537 4556 4557 4538 
7005 2235 2254 2255 2236 4538 4557 4558 4539 
7006 2236 2255 2256 2237 4539 4558 4559 4540 
7007 2237 2256 2257 2238 4540 4559 4560 4541 
7008 2238 2257 2258 2239 4541 4560 4561 4542 
7009 2239 2258 2259 2240 4542 4561 4562 4543 
7010 2240 2259 235 234 4543 4562 476 475 
7011 168 169 2260 2241 409 410 4563 4544 
7012 2241 2260 2261 2242 4544 4563 4564 4545 
7013 2242 2261 2262 2243 4545 4564 4565 4546 
7014 2243 2262 2263 2244 4546 4565 4566 4547 
7015 2244 2263 2264 2245 4547 4566 4567 4548 
7016 2245 2264 2265 2246 4548 4567 4568 4549 
7017 2246 2265 2266 2247 4549 4568 4569 4550 
7018 2247 2266 2267 2248 4550 4569 4570 4551 
7019 2248 2267 2268 2249 4551 4570 4571 4552 
7020 2249 2268 2269 2250 4552 4571 4572 4553 
7021 2250 2269 2270 2251 4553 4572 4573 4554 
7022 2251 2270 2271 2252 4554 4573 4574 4555 
7023 2252 2271 2272 2253 4555 4574 4575 4556 
7024 2253 2272 2273 2254 4556 4575 4576 4557 
7025 2254 2273 2274 2255 4557 4576 4577 4558 
7026 2255 2274 2275 2256 4558 4577 4578 4559 
7027 2256 2275 2276 2257 4559 4578 4579 4560 
7028 2257 2276 2277 2258 4560 4579 4580 4561 
7029 2258 2277 2278 2259 4561 4580 4581 4562 
7030 2259 2278 236 235 4562 4581 477 476 
7031 169 170 2279 2260 410 411 4582 4563 
7032 2260 2279 2280 2261 4563 4582 4583 4564 
7033 2261 2280 2281 2262 4564 4583 4584 4565 
7034 2262 2281 2282 2263 4565 4584 4585 4566 
7035 2263 2282 2283 2264 4566 4585 4586 4567 
7036 2264 2283 2284 2265 4567 4586 4587 4568 
7037 2265 2284 2285 2266 4568 4587 4588 4569 
7038 2266 2285 2286 2267 4569 4588 4589 4570 
7039 2267 2286 2287 2268 4570 4589 4590 4571 
7040 2268 2287 2288 2269 4571 4590 4591 4572 
7041 2269 2288 2289 2270 4572 4591 4592 4573 
7042 2270 2289 2290 2271 4573 4592 4593 4574 
7043 2271 2290 2291 2272 4574 4593 4594 4575 
7044 2272 2291 2292 2273 4575 4594 4595 4576 
7045 2273 2292 2293 2274 4576 4595 4596 4577 
7046 2274 2293 2294 2275 4577 4596 4597 4578 
7047 2275 2294 2295 2276 4578 4597 4598 4579 
7048 2276 2295 2296 2277 4579 4598 4599 4580 
7049 2277 2296 2297 2278 4580 4599 4600 4581 
7050 2278 2297 237 236 4581 4600 478 477 
7051 170 171 2298 2279 411 412 4601 4582 
7052 2279 2298 2299 2280 4582 4601 4602 4583 
7053 2280 2299 2300 2281 4583 4602 4603 4584 
7054 2281 2300 2301 2282 4584 4603 4604 4585 
7055 2282 2301 2302 2283 4585 4604 4605 4586 
7056 2283 2302 2303 2284 4586 4605 4606 4587 
7057 2284 2303 2304 2285 4587 4606 4607 4588 
7058 2285 2304 2305 2286 4588 4607 4608 4589 
7059 2286 2305 2306 2287 4589 4608 4609 4590 
7060 2287 2306 2307 2288 4590 4609 4610 4591 
7061 2288 2307 2308 2289 4591 4610 4611 4592 
7062 2289 2308 2309 2290 4592 4611 4612 4593 
7063 2290 2309 2310 2291 4593 4612 4613 4594 
7064 2291 2310 2311 2292 4594 4613 4614 4595 
7065 2292 2311 2312 2293 4595 4614 4615 4596 
7066 2293 2312 2313 2294 4596 4615 4616 4597 
7067 2294 2313 2314 2295 4597 4616 4617 4598 
7068 2295 2314 2315 2296 4598 4617 4618 4599 
7069 2296 2315 2316 2297 4599 4618 4619 4600 
7070 2297 2316 238 237 4600 4619 479 478 
7071 171 172 2317 2298 412 413 4620 4601 
7072 2298 2317 2318 2299 4601 4620 4621 4602 
7073 2299 2318 2319 2300 4602 4621 4622 4603 
7074 2300 2319 2320 2301 4603 4622 4623 4604 
7075 2301 2320 2321 2302 4604 4623 4624 4605 
7076 2302 2321 2322 2303 4605 4624 4625 4606 
7077 2303 2322 2323 2304 4606 4625 4626 4607 
7078 2304 2323 2324 2305 4607 4626 4627 4608 
7079 2305 2324 2325 2306 4608 4627 4628 4609 
7080 2306 2325 2326 2307 4609 4628 4629 4610 
7081 2307 2326 2327 2308 4610 4629 4630 4611 
7082 2308 2327 2328 2309 4611 4630 4631 4612 
7083 2309 2328 2329 2310 4612 4631 4632 4613 
7084 2310 2329 2330 2311 4613 4632 4633 4614 
7085 2311 2330 2331 2312 4614 4633 4634 4615 
7086 2312 2331 2332 2313 4615 4634 4635 4616 
7087 2313 2332 2333 2314 4616 4635 4636 4617 
7088 2314 2333 2334 2315 4617 4636 4637 4618 
7089 2315 2334 2335 2316 4618 4637 4638 4619 
7090 2316 2335 239 238 4619 4638 480 479 
7091 172 173 2336 2317 413 414 4639 4620 
7092 2317 2336 2337 2318 4620 4639 4640 4621 
7093 2318 2337 2338 2319 4621 4640 4641 4622 
7094 2319 2338 2339 2320 4622 4641 4642 4623 
7095 2320 2339 2340 2321 4623 4642 4643 4624 
7096 2321 2340 2341 2322 4624 4643 4644 4625 
7097 2322 2341 2342 2323 4625 4644 4645 4626 
7098 2323 2342 2343 2324 4626 4645 4646 4627 
7099 2324 2343 2344 2325 4627 4646 4647 4628 
7100 2325 2344 2345 2326 4628 4647 4648 4629 
7101 2326 2345 2346 2327 4629 4648 4649 4630 
7102 2327 2346 2347 2328 4630 4649 4650 4631 
7103 2328 2347 2348 2329 4631 4650 4651 4632 
7104 2329 2348 2349 2330 4632 4651 4652 4633 
7105 2330 2349 2350 2331 4633 4652 4653 4634 
7106 2331 2350 2351 2332 4634 4653 4654 4635 
7107 2332 2351 2352 2333 4635 4654 4655 4636 
7108 2333 2352 2353 2334 4636 4655 4656 4637 
7109 2334 2353 2354 2335 4637 4656 4657 4638 
7110 2335 2354 240 239 4638 4657 481 480 
7111 173 174 2355 2336 414 415 4658 4639 
7112 2336 2355 2356 2337 4639 4658 4659 4640 
7113 2337 2356 2357 2338 4640 4659 4660 4641 
7114 2338 2357 2358 2339 4641 4660 4661 4642 
7115 2339 2358 2359 2340 4642 4661 4662 4643 
7116 2340 2359 2360 2341 4643 4662 4663 4644 
7117 2341 2360 2361 2342 4644 4663 4664 4645 
7118 2342 2361 2362 2343 4645 4664 4665 4646 
7119 2343 2362 2363 2344 4646 4665 4666 4647 
7120 2344 2363 2364 2345 4647 4666 4667 4648 
7121 2345 2364 2365 2346 4648 4667 4668 4649 
7122 2346 2365 2366 2347 4649 4668 4669 4650 
7123 2347 2366 2367 2348 4650 4669 4670 4651 
7124 2348 2367 2368 2349 4651 4670 4671 4652 
7125 2349 2368 2369 2350 4652 4671 4672 4653 
7126 2350 2369 2370 2351 4653 4672 4673 4654 
7127 2351 2370 2371 2352 4654 4673 4674 4655 
7128 2352 2371 2372 2353 4655 4674 4675 4656 
7129 2353 2372 2373 2354 4656 4675 4676 4657 
7130 2354 2373 241 240 4657 4676 482 481 
7131 174 175 2374 2355 415 416 4677 4658 
7132 2355 2374 2375 2356 4658 4677 4678 4659 
7133 2356 2375 2376 2357 4659 4678 4679 4660 
7134 2357 2376 2377 2358 4660 4679 4680 4661 
7135 2358 2377 2378 2359 4661 4680 4681 4662 
7136 2359 2378 2379 2360 4662 4681 4682 4663 
7137 2360 2379 2380 2361 4663 4682 4683 4664 
7138 2361 2380 2381 2362 4664 4683 4684 4665 
7139 2362 2381 2382 2363 4665 4684 4685 4666 
7140 2363 2382 2383 2364 4666 4685 4686 4667 
7141 2364 2383 2384 2365 4667 4686 4687 4668 
7142 2365 2384 2385 2366 4668 4687 4688 4669 
7143 2366 2385 2386 2367 4669 4688 4689 4670 
7144 2367 2386 2387 2368 4670 4689 4690 4671 
7145 2368 2387 2388 2369 4671 4690 4691 4672 
7146 2369 2388 2389 2370 4672 4691 4692 4673 
7147 2370 2389 2390 2371 4673 4692 4693 4674 
7148 2371 2390 2391 2372 4674 4693 4694 4675 
7149 2372 2391 2392 2373 4675 4694 4695 4676 
7150 2373 2392 242 241 4676 4695 483 482 
7151 175 176 2393 2374 416 417 4696 4677 
7152 2374 2393 2394 2375 4677 4696 4697 4678 
7153 2375 2394 2395 2376 4678 4697 4698 4679 
7154 2376 2395 2396 2377 4679 4698 4699 4680 
7155 2377 2396 2397 2378 4680 4699 4700 4681 
7156 2378 2397 2398 2379 4681 4700 4701 4682 
7157 2379 2398 2399 2380 4682 4701 4702 4683 
7158 2380 2399 2400 2381 4683 4702 4703 4684 
7159 2381 2400 2401 2382 4684 4703 4704 4685 
7160 2382 2401 2402 2383 4685 4704 4705 4686 
7161 2383 2402 2403 2384 4686 4705 4706 4687 
7162 2384 2403 2404 2385 4687 4706 4707 4688 
7163 2385 2404 2405 2386 4688 4707 4708 4689 
7164 2386 2405 2406 2387 4689 4708 4709 4690 
7165 2387 2406 2407 2388 4690 4709 4710 4691 
7166 2388 2407 2408 2389 4691 4710 4711 4692 
7167 2389 2408 2409 2390 4692 4711 4712 4693 
7168 2390 2409 2410 2391 4693 4712 4713 4694 
7169 2391 2410 2411 2392 4694 4713 4714 4695 
7170 2392 2411 243 242 4695 4714 484 483 
7171 176 177 2412 2393 417 418 4715 4696 
7172 2393 2412 2413 2394 4696 4715 4716 4697 
7173 2394 2413 2414 2395 4697 4716 4717 4698 
7174 2395 2414 2415 2396 4698 4717 4718 4699 
7175 2396 2415 2416 2397 4699 4718 4719 4700 
7176 2397 2416 2417 2398 4700 4719 4720 4701 
7177 2398 2417 2418 2399 4701 4720 4721 4702 
7178 2399 2418 2419 2400 4702 4721 4722 4703 
7179 2400 2419 2420 2401 4703 4722 4723 4704 
7180 2401 2420 2421 2402 4704 4723 4724 4705 
7181 2402 2421 2422 2403 4705 4724 4725 4706 
7182 2403 2422 2423 2404 4706 4725 4726 4707 
7183 2404 2423 2424 2405 4707 4726 4727 4708 
7184 2405 2424 2425 2406 4708 4727 4728 4709 
7185 2406 2425 2426 2407 4709 4728 4729 4710 
7186 2407 2426 2427 2408 4710 4729 4730 4711 
7187 2408 2427 2428 2409 4711 4730 4731 4712 
7188 2409 2428 2429 2410 4712 4731 4732 4713 
7189 2410 2429 2430 2411 4713 4732 4733 4714 
7190 2411 2430 244 243 4714 4733 485 484 
7191 177 178 2431 2412 418 419 4734 4715 
7192 2412 2431 2432 2413 4715 4734 4735 4716 
7193 2413 2432 2433 2414 4716 4735 4736 4717 
7194 2414 2433 2434 2415 4717 4736 4737 4718 
7195 2415 2434 2435 2416 4718 4737 4738 4719 
7196 2416 2435 2436 2417 4719 4738 4739 4720 
7197 2417 2436 2437 2418 4720 4739 4740 4721 
7198 2418 2437 2438 2419 4721 4740 4741 4722 
7199 2419 2438 2439 2420 4722 4741 4742 4723 
7200 2420 2439 2440 2421 4723 4742 4743 4724 
7201 2421 2440 2441 2422 4724 4743 4744 4725 
7202 2422 2441 2442 2423 4725 4744 4745 4726 
7203 2423 2442 2443 2424 4726 4745 4746 4727 
7204 2424 2443 2444 2425 4727 4746 4747 4728 
7205 2425 2444 2445 2426 4728 4747 4748 4729 
7206 2426 2445 2446 2427 4729 4748 4749 4730 
7207 2427 2446 2447 2428 4730 4749 4750 4731 
7208 2428 2447 2448 2429 4731 4750 4751 4732 
7209 2429 2448 2449 2430 4732 4751 4752 4733 
7210 2430 2449 245 244 4733 4752 486 485 
7211 178 179 2450 2431 419 420 4753 4734 
7212 2431 2450 2451 2432 4734 4753 4754 4735 
7213 2432 2451 2452 2433 4735 4754 4755 4736 
7214 2433 2452 2453 2434 4736 4755 4756 4737 
7215 2434 2453 2454 2435 4737 4756 4757 4738 
7216 2435 2454 2455 2436 4738 4757 4758 4739 
7217 2436 2455 2456 2437 4739 4758 4759 4740 
7218 2437 2456 2457 2438 4740 4759 4760 4741 
7219 2438 2457 2458 2439 4741 4760 4761 4742 
7220 2439 2458 2459 2440 4742 4761 4762 4743 
7221 2440 2459 2460 2441 4743 4762 4763 4744 
7222 2441 2460 2461 2442 4744 4763 4764 4745 
7223 2442 2461 2462 2443 4745 4764 4765 4746 
7224 2443 2462 2463 2444 4746 4765 4766 4747 
7225 2444 2463 2464 2445 4747 4766 4767 4748 
7226 2445 2464 2465 2446 4748 4767 4768 4749 
7227 2446 2465 2466 2447 4749 4768 4769 4750 
7228 2447 2466 2467 2448 4750 4769 4770 4751 
7229 2448 2467 2468 2449 4751 4770 4771 4752 
7230 2449 2468 246 245 4752 4771 487 486 
7231 179 180 2469 2450 420 421 4772 4753 
7232 2450 2469 2470 2451 4753 4772 4773 4754 
7233 2451 2470 2471 2452 4754 4773 4774 4755 
7234 2452 2471 2472 2453 4755 4774 4775 4756 
7235 2453 2472 2473 2454 4756 4775 4776 4757 
7236 2454 2473 2474 2455 4757 4776 4777 4758 
7237 2455 2474 2475 2456 4758 4777 4778 4759 
7238 2456 2475 2476 2457 4759 4778 4779 4760 
7239 2457 2476 2477 2458 4760 4779 4780 4761 
7240 2458 2477 2478 2459 4761 4780 4781 4762 
7241 2459 2478 2479 2460 4762 4781 4782 4763 
7242 2460 2479 2480 2461 4763 4782 4783 4764 
7243 2461 2480 2481 2462 4764 4783 4784 4765 
7244 2462 2481 2482 2463 4765 4784 4785 4766 
7245 2463 2482 2483 2464 4766 4785 4786 4767 
7246 2464 2483 2484 2465 4767 4786 4787 4768 
7247 2465 2484 2485 2466 4768 4787 4788 4769 
7248 2466 2485 2486 2467 4769 4788 4789 4770 
7249 2467 2486 2487 2468 4770 4789 4790 4771 
7250 2468 2487 247 246 4771 4790 488 487 
7251 180 181 2488 2469 421 422 4791 4772 
7252 2469 2488 2489 2470 4772 4791 4792 4773 
7253 2470 2489 2490 2471 4773 4792 4793 4774 
7254 2471 2490 2491 2472 4774 4793 4794 4775 
7255 2472 2491 2492 2473 4775 4794 4795 4776 
7256 2473 2492 2493 2474 4776 4795 4796 4777 
7257 2474 2493 2494 2475 4777 4796 4797 4778 
7258 2475 2494 2495 2476 4778 4797 4798 4779 
7259 2476 2495 2496 2477 4779 4798 4799 4780 
7260 2477 2496 2497 2478 4780 4799 4800 4781 
7261 2478 2497 2498 2479 4781 4800 4801 4782 
7262 2479 2498 2499 2480 4782 4801 4802 4783 
7263 2480 2499 2500 2481 4783 4802 4803 4784 
7264 2481 2500 2501 2482 4784 4803 4804 4785 
7265 2482 2501 2502 2483 4785 4804 4805 4786 
7266 2483 2502 2503 2484 4786 4805 4806 4787 
7267 2484 2503 2504 2485 4787 4806 4807 4788 
7268 2485 2504 2505 2486 4788 4807 4808 4789 
7269 2486 2505 2506 2487 4789 4808 4809 4790 
7270 2487 2506 248 247 4790 4809 489 488 
7271 181 182 2507 2488 422 423 4810 4791 
7272 2488 2507 2508 2489 4791 4810 4811 4792 
7273 2489 2508 2509 2490 4792 4811 4812 4793 
7274 2490 2509 2510 2491 4793 4812 4813 4794 
7275 2491 2510 2511 2492 4794 4813 4814 4795 
7276 2492 2511 2512 2493 4795 4814 4815 4796 
7277 2493 2512 2513 2494 4796 4815 4816 4797 
7278 2494 2513 2514 2495 4797 4816 4817 4798 
7279 2495 2514 2515 2496 4798 4817 4818 4799 
7280 2496 2515 2516 2497 4799 4818 4819 4800 
7281 2497 2516 2517 2498 4800 4819 4820 4801 
7282 2498 2517 2518 2499 4801 4820 4821 4802 
7283 2499 2518 2519 2500 4802 4821 4822 4803 
7284 2500 2519 2520 2501 4803 4822 4823 4804 
7285 2501 2520 2521 2502 4804 4823 4824 4805 
7286 2502 2521 2522 2503 4805 4824 4825 4806 
7287 2503 2522 2523 2504 4806 4825 4826 4807 
7288 2504 2523 2524 2505 4807 4826 4827 4808 
7289 2505 2524 2525 2506 4808 4827 4828 4809 
7290 2506 2525 249 248 4809 4828 490 489 
7291 182 183 2526 2507 423 424 4829 4810 
7292 2507 2526 2527 2508 4810 4829 4830 4811 
7293 2508 2527 2528 2509 4811 4830 4831 4812 
7294 2509 2528 2529 2510 4812 4831 4832 4813 
7295 2510 2529 2530 2511 4813 4832 4833 4814 
7296 2511 2530 2531 2512 4814 4833 4834 4815 
7297 2512 2531 2532 2513 4815 4834 4835 4816 
7298 2513 2532 2533 2514 4816 4835 4836 4817 
7299 2514 2533 2534 2515 4817 4836 4837 4818 
7300 2515 2534 2535 2516 4818 4837 4838 4819 
7301 2516 2535 2536 2517 4819 4838 4839 4820 
7302 2517 2536 2537 2518 4820 4839 4840 4821 
7303 2518 2537 2538 2519 4821 4840 4841 4822 
7304 2519 2538 2539 2520 4822 4841 4842 4823 
7305 2520 2539 2540 2521 4823 4842 4843 4824 
7306 2521 2540 2541 2522 4824 4843 4844 4825 
7307 2522 2541 2542 2523 4825 4844 4845 4826 
7308 2523 2542 2543 2524 4826 4845 4846 4827 
7309 2524 2543 2544 2525 4827 4846 4847 4828 
7310 2525 2544 250 249 4828 4847 491 490 
7311 183 184 2545 2526 424 425 4848 4829 
7312 2526 2545 2546 2527 4829 4848 4849 4830 
7313 2527 2546 2547 2528 4830 4849 4850 4831 
7314 2528 2547 2548 2529 4831 4850 4851 4832 
7315 2529 2548 2549 2530 4832 4851 4852 4833 
7316 2530 2549 2550 2531 4833 4852 4853 4834 
7317 2531 2550 2551 2532 4834 4853 4854 4835 
7318 2532 2551 2552 2533 4835 4854 4855 4836 
7319 2533 2552 2553 2534 4836 4855 4856 4837 
7320 2534 2553 2554 2535 4837 4856 4857 4838 
7321 2535 2554 2555 2536 4838 4857 4858 4839 
7322 2536 2555 2556 2537 4839 4858 4859 4840 
7323 2537 2556 2557 2538 4840 4859 4860 4841 
7324 2538 2557 2558 2539 4841 4860 4861 4842 
7325 2539 2558 2559 2540 4842 4861 4862 4843 
7326 2540 2559 2560 2541 4843 4862 4863 4844 
7327 2541 2560 2561 2542 4844 4863 4864 4845 
7328 2542 2561 2562 2543 4845 4864 4865 4846 
7329 2543 2562 2563 2544 4846 4865 4866 4847 
7330 2544 2563 251 250 4847 4866 492 491 
7331 184 185 2564 2545 425 426 4867 4848 
7332 2545 2564 2565 2546 4848 4867 4868 4849 
7333 2546 2565 2566 2547 4849 4868 4869 4850 
7334 2547 2566 2567 2548 4850 4869 4870 4851 
7335 2548 2567 2568 2549 4851 4870 4871 4852 
7336 2549 2568 2569 2550 4852 4871 4872 4853 
7337 2550 2569 2570 2551 4853 4872 4873 4854 
7338 2551 2570 2571 2552 4854 4873 4874 4855 
7339 2552 2571 2572 2553 4855 4874 4875 4856 
7340 2553 2572 2573 2554 4856 4875 4876 4857 
7341 2554 2573 2574 2555 4857 4876 4877 4858 
7342 2555 2574 2575 2556 4858 4877 4878 4859 
7343 2556 2575 2576 2557 4859 4878 4879 4860 
7344 2557 2576 2577 2558 4860 4879 4880 4861 
7345 2558 2577 2578 2559 4861 4880 4881 4862 
7346 2559 2578 2579 2560 4862 4881 4882 4863 
7347 2560 2579 2580 2561 4863 4882 4883 4864 
7348 2561 2580 2581 2562 4864 4883 4884 4865 
7349 2562 2581 2582 2563 4865 4884 4885 4866 
7350 2563 2582 252 251 4866 4885 493 492 
7351 185 186 2583 2564 426 427 4886 4867 
7352 2564 2583 2584 2565 4867 4886 4887 4868 
7353 2565 2584 2585 2566 4868 4887 4888 4869 
7354 2566 2585 2586 2567 4869 4888 4889 4870 
7355 2567 2586 2587 2568 4870 4889 4890 4871 
7356 2568 2587 2588 2569 4871 4890 4891 4872 
7357 2569 2588 2589 2570 4872 4891 4892 4873 
7358 2570 2589 2590 2571 4873 4892 4893 4874 
7359 2571 2590 2591 2572 4874 4893 4894 4875 
7360 2572 2591 2592 2573 4875 4894 4895 4876 
7361 2573 2592 2593 2574 4876 4895 4896 4877 
7362 2574 2593 2594 2575 4877 4896 4897 4878 
7363 2575 2594 2595 2576 4878 4897 4898 4879 
7364 2576 2595 2596 2577 4879 4898 4899 4880 
7365 2577 2596 2597 2578 4880 4899 4900 4881 
7366 2578 2597 2598 2579 4881 4900 4901 4882 
7367 2579 2598 2599 2580 4882 4901 4902 4883 
7368 2580 2599 2600 2581 4883 4902 4903 4884 
7369 2581 2600 2601 2582 4884 4903 4904 4885 
7370 2582 2601 253 252 4885 4904 494 493 
7371 186 187 2602 2583 427 428 4905 4886 
7372 2583 2602 2603 2584 4886 4905 4906 4887 
7373 2584 2603 2604 2585 4887 4906 4907 4888 
7374 2585 2604 2605 2586 4888 4907 4908 4889 
7375 2586 2605 2606 2587 4889 4908 4909 4890 
7376 2587 2606 2607 2588 4890 4909 4910 4891 
7377 2588 2607 2608 2589 4891 4910 4911 4892 
7378 2589 2608 2609 2590 4892 4911 4912 4893 
7379 2590 2609 2610 2591 4893 4912 4913 4894 
7380 2591 2610 2611 2592 4894 4913 4914 4895 
7381 2592 2611 2612 2593 4895 4914 4915 4896 
7382 2593 2612 2613 2594 4896 4915 4916 4897 
7383 2594 2613 2614 2595 4897 4916 4917 4898 
7384 2595 2614 2615 2596 4898 4917 4918 4899 
7385 2596 2615 2616 2597 4899 4918 4919 4900 
7386 2597 2616 2617 2598 4900 4919 4920 4901 
7387 2598 2617 2618 2599 4901 4920 4921 4902 
7388 2599 2618 2619 2600 4902 4921 4922 4903 
7389 2600 2619 2620 2601 4903 4922 4923 4904 
7390 2601 2620 254 253 4904 4923 495 494 
7391 187 188 2621 2602 428 429 4924 4905 
7392 2602 2621 2622 2603 4905 4924 4925 4906 
7393 2603 2622 2623 2604 4906 4925 4926 4907 
7394 2604 2623 2624 2605 4907 4926 4927 4908 
7395 2605 2624 2625 2606 4908 4927 4928 4909 
7396 2606 2625 2626 2607 4909 4928 4929 4910 
7397 2607 2626 2627 2608 4910 4929 4930 4911 
7398 2608 2627 2628 2609 4911 4930 4931 4912 
7399 2609 2628 2629 2610 4912 4931 4932 4913 
7400 2610 2629 2630 2611 4913 4932 4933 4914 
7401 2611 2630 2631 2612 4914 4933 4934 4915 
7402 2612 2631 2632 2613 4915 4934 4935 4916 
7403 2613 2632 2633 2614 4916 4935 4936 4917 
7404 2614 2633 2634 2615 4917 4936 4937 4918 
7405 2615 2634 2635 2616 4918 4937 4938 4919 
7406 2616 2635 2636 2617 4919 4938 4939 4920 
7407 2617 2636 2637 2618 4920 4939 4940 4921 
7408 2618 2637 2638 2619 4921 4940 4941 4922 
7409 2619 2638 2639 2620 4922 4941 4942 4923 
7410 2620 2639 255 254 4923 4942 496 495 
7411 188 189 2640 2621 429 430 4943 4924 
7412 2621 2640 2641 2622 4924 4943 4944 4925 
7413 2622 2641 2642 2623 4925 4944 4945 4926 
7414 2623 2642 2643 2624 4926 4945 4946 4927 
7415 2624 2643 2644 2625 4927 4946 4947 4928 
7416 2625 2644 2645 2626 4928 4947 4948 4929 
7417 2626 2645 2646 2627 4929 4948 4949 4930 
7418 2627 2646 2647 2628 4930 4949 4950 4931 
7419 2628 2647 2648 2629 4931 4950 4951 4932 
7420 2629 2648 2649 2630 4932 4951 4952 4933 
7421 2630 2649 2650 2631 4933 4952 4953 4934 
7422 2631 2650 2651 2632 4934 4953 4954 4935 
7423 2632 2651 2652 2633 4935 4954 4955 4936 
7424 2633 2652 2653 2634 4936 4955 4956 4937 
7425 2634 2653 2654 2635 4937 4956 4957 4938 
7426 2635 2654 2655 2636 4938 4957 4958 4939 
7427 2636 2655 2656 2637 4939 4958 4959 4940 
7428 2637 2656 2657 2638 4940 4959 4960 4941 
7429 2638 2657 2658 2639 4941 4960 4961 4942 
7430 2639 2658 256 255 4942 4961 497 496 
7431 189 190 2659 2640 430 431 4962 4943 
7432 2640 2659 2660 2641 4943 4962 4963 4944 
7433 2641 2660 2661 2642 4944 4963 4964 4945 
7434 2642 2661 2662 2643 4945 4964 4965 4946 
7435 2643 2662 2663 2644 4946 4965 4966 4947 
7436 2644 2663 2664 2645 4947 4966 4967 4948 
7437 2645 2664 2665 2646 4948 4967 4968 4949 
7438 2646 2665 2666 2647 4949 4968 4969 4950 
7439 2647 2666 2667 2648 4950 4969 4970 4951 
7440 2648 2667 2668 2649 4951 4970 4971 4952 
7441 2649 2668 2669 2650 4952 4971 4972 4953 
7442 2650 2669 2670 2651 4953 4972 4973 4954 
7443 2651 2670 2671 2652 4954 4973 4974 4955 
7444 2652 2671 2672 2653 4955 4974 4975 4956 
7445 2653 2672 2673 2654 4956 4975 4976 4957 
7446 2654 2673 2674 2655 4957 4976 4977 4958 
7447 2655 2674 2675 2656 4958 4977 4978 4959 
7448 2656 2675 2676 2657 4959 4978 4979 4960 
7449 2657 2676 2677 2658 4960 4979 4980 4961 
7450 2658 2677 257 256 4961 4980 498 497 
7451 190 191 2678 2659 431 432 4981 4962 
7452 2659 2678 2679 2660 4962 4981 4982 4963 
7453 2660 2679 2680 2661 4963 4982 4983 4964 
7454 2661 2680 2681 2662 4964 4983 4984 4965 
7455 2662 2681 2682 2663 4965 4984 4985 4966 
7456 2663 2682 2683 2664 4966 4985 4986 4967 
7457 2664 2683 2684 2665 4967 4986 4987 4968 
7458 2665 2684 2685 2666 4968 4987 4988 4969 
7459 2666 2685 2686 2667 4969 4988 4989 4970 
7460 2667 2686 2687 2668 4970 4989 4990 4971 
7461 2668 2687 2688 2669 4971 4990 4991 4972 
7462 2669 2688 2689 2670 4972 4991 4992 4973 
7463 2670 2689 2690 2671 4973 4992 4993 4974 
7464 2671 2690 2691 2672 4974 4993 4994 4975 
7465 2672 2691 2692 2673 4975 4994 4995 4976 
7466 2673 2692 2693 2674 4976 4995 4996 4977 
7467 2674 2693 2694 2675 4977 4996 4997 4978 
7468 2675 2694 2695 2676 4978 4997 4998 4979 
7469 2676 2695 2696 2677 4979 4998 4999 4980 
7470 2677 2696 258 257 4980 4999 499 498 
7471 191 192 2697 2678 432 433 5000 4981 
7472 2678 2697 2698 2679 4981 5000 5001 4982 
7473 2679 2698 2699 2680 4982 5001 5002 4983 
7474 2680 2699 2700 2681 4983 5002 5003 4984 
7475 2681 2700 2701 2682 4984 5003 5004 4985 
7476 2682 2701 2702 2683 4985 5004 5005 4986 
7477 2683 2702 2703 2684 4986 5005 5006 4987 
7478 2684 2703 2704 2685 4987 5006 5007 4988 
7479 2685 2704 2705 2686 4988 5007 5008 4989 
7480 2686 2705 2706 2687 4989 5008 5009 4990 
7481 2687 2706 2707 2688 4990 5009 5010 4991 
7482 2688 2707 2708 2689 4991 5010 5011 4992 
7483 2689 2708 2709 2690 4992 5011 5012 4993 
7484 2690 2709 2710 2691 4993 5012 5013 4994 
7485 2691 2710 2711 2692 4994 5013 5014 4995 
7486 2692 2711 2712 2693 4995 5014 5015 4996 
7487 2693 2712 2713 2694 4996 5015 5016 4997 
7488 2694 2713 2714 2695 4997 5016 5017 4998 
7489 2695 2714 2715 2696 4998 5017 5018 4999 
7490 2696 2715 259 258 4999 5018 500 499 
7491 192 193 2716 2697 433 434 5019 5000 
7492 2697 2716 2717 2698 5000 5019 5020 5001 
7493 2698 2717 2718 2699 5001 5020 5021 5002 
7494 2699 2718 2719 2700 5002 5021 5022 5003 
7495 2700 2719 2720 2701 5003 5022 5023 5004 
7496 2701 2720 2721 2702 5004 5023 5024 5005 
7497 2702 2721 2722 2703 5005 5024 5025 5006 
7498 2703 2722 2723 2704 5006 5025 5026 5007 
7499 2704 2723 2724 2705 5007 5026 5027 5008 
7500 2705 2724 2725 2706 5008 5027 5028 5009 
7501 2706 2725 2726 2707 5009 5028 5029 5010 
7502 2707 2726 2727 2708 5010 5029 5030 5011 
7503 2708 2727 2728 2709 5011 5030 5031 5012 
7504 2709 2728 2729 2710 5012 5031 5032 5013 
7505 2710 2729 2730 2711 5013 5032 5033 5014 
7506 2711 2730 2731 2712 5014 5033 5034 5015 
7507 2712 2731 2732 2713 5015 5034 5035 5016 
7508 2713 2732 2733 2714 5016 5035 5036 5017 
7509 2714 2733 2734 2715 5017 5036 5037 5018 
7510 2715 2734 260 259 5018 5037 501 500 
7511 193 194 2735 2716 434 435 5038 5019 
7512 2716 2735 2736 2717 5019 5038 5039 5020 
7513 2717 2736 2737 2718 5020 5039 5040 5021 
7514 2718 2737 2738 2719 5021 5040 5041 5022 
7515 2719 2738 2739 2720 5022 5041 5042 5023 
7516 2720 2739 2740 2721 5023 5042 5043 5024 
7517 2721 2740 2741 2722 5024 5043 5044 5025 
7518 2722 2741 2742 2723 5025 5044 5045 5026 
7519 2723 2742 2743 2724 5026 5045 5046 5027 
7520 2724 2743 2744 2725 5027 5046 5047 5028 
7521 2725 2744 2745 2726 5028 5047 5048 5029 
7522 2726 2745 2746 2727 5029 5048 5049 5030 
7523 2727 2746 2747 2728 5030 5049 5050 5031 
7524 2728 2747 2748 2729 5031 5050 5051 5032 
7525 2729 2748 2749 2730 5032 5051 5052 5033 
7526 2730 2749 2750 2731 5033 5052 5053 5034 
7527 2731 2750 2751 2732 5034 5053 5054 5035 
7528 2732 2751 2752 2733 5035 5054 5055 5036 
7529 2733 2752 2753 2734 5036 5055 5056 5037 
7530 2734 2753 261 260 5037 5056 502 501 
7531 194 195 2754 2735 435 436 5057 5038 
7532 2735 2754 2755 2736 5038 5057 5058 5039 
7533 2736 2755 2756 2737 5039 5058 5059 5040 
7534 2737 2756 2757 2738 5040 5059 5060 5041 
7535 2738 2757 2758 2739 5041 5060 5061 5042 
7536 2739 2758 2759 2740 5042 5061 5062 5043 
7537 2740 2759 2760 2741 5043 5062 5063 5044 
7538 2741 2760 2761 2742 5044 5063 5064 5045 
7539 2742 2761 2762 2743 5045 5064 5065 5046 
7540 2743 2762 2763 2744 5046 5065 5066 5047 
7541 2744 2763 2764 2745 5047 5066 5067 5048 
7542 2745 2764 2765 2746 5048 5067 5068 5049 
7543 2746 2765 2766 2747 5049 5068 5069 5050 
7544 2747 2766 2767 2748 5050 5069 5070 5051 
7545 2748 2767 2768 2749 5051 5070 5071 5052 
7546 2749 2768 2769 2750 5052 5071 5072 5053 
7547 2750 2769 2770 2751 5053 5072 5073 5054 
7548 2751 2770 2771 2752 5054 5073 5074 5055 
7549 2752 2771 2772 2753 5055 5074 5075 5056 
7550 2753 2772 262 261 5056 5075 503 502 
7551 195 196 2773 2754 436 437 5076 5057 
7552 2754 2773 2774 2755 5057 5076 5077 5058 
7553 2755 2774 2775 2756 5058 5077 5078 5059 
7554 2756 2775 2776 2757 5059 5078 5079 5060 
7555 2757 2776 2777 2758 5060 5079 5080 5061 
7556 2758 2777 2778 2759 5061 5080 5081 5062 
7557 2759 2778 2779 2760 5062 5081 5082 5063 
7558 2760 2779 2780 2761 5063 5082 5083 5064 
7559 2761 2780 2781 2762 5064 5083 5084 5065 
7560 2762 2781 2782 2763 5065 5084 5085 5066 
7561 2763 2782 2783 2764 5066 5085 5086 5067 
7562 2764 2783 2784 2765 5067 5086 5087 5068 
7563 2765 2784 2785 2766 5068 5087 5088 5069 
7564 2766 2785 2786 2767 5069 5088 5089 5070 
7565 2767 2786 2787 2768 5070 5089 5090 5071 
7566 2768 2787 2788 2769 5071 5090 5091 5072 
7567 2769 2788 2789 2770 5072 5091 5092 5073 
7568 2770 2789 2790 2771 5073 5092 5093 5074 
7569 2771 2790 2791 2772 5074 5093 5094 5075 
7570 2772 2791 263 262 5075 5094 504 503 
7571 196 197 2792 2773 437 438 5095 5076 
7572 2773 2792 2793 2774 5076 5095 5096 5077 
7573 2774 2793 2794 2775 5077 5096 5097 5078 
7574 2775 2794 2795 2776 5078 5097 5098 5079 
7575 2776 2795 2796 2777 5079 5098 5099 5080 
7576 2777 2796 2797 2778 5080 5099 5100 5081 
7577 2778 2797 2798 2779 5081 5100 5101 5082 
7578 2779 2798 2799 2780 5082 5101 5102 5083 
7579 2780 2799 2800 2781 5083 5102 5103 5084 
7580 2781 2800 2801 2782 5084 5103 5104 5085 
7581 2782 2801 2802 2783 5085 5104 5105 5086 
7582 2783 2802 2803 2784 5086 5105 5106 5087 
7583 2784 2803 2804 2785 5087 5106 5107 5088 
7584 2785 2804 2805 2786 5088 5107 5108 5089 
7585 2786 2805 2806 2787 5089 5108 5109 5090 
7586 2787 2806 2807 2788 5090 5109 5110 5091 
7587 2788 2807 2808 2789 5091 5110 5111 5092 
7588 2789 2808 2809 2790 5092 5111 5112 5093 
7589 2790 2809 2810 2791 5093 5112 5113 5094 
7590 2791 2810 264 263 5094 5113 505 504 
7591 197 198 2811 2792 438 439 5114 5095 
7592 2792 2811 2812 2793 5095 5114 5115 5096 
7593 2793 2812 2813 2794 5096 5115 5116 5097 
7594 2794 2813 2814 2795 5097 5116 5117 5098 
7595 2795 2814 2815 2796 5098 5117 5118 5099 
7596 2796 2815 2816 2797 5099 5118 5119 5100 
7597 2797 2816 2817 2798 5100 5119 5120 5101 
7598 2798 2817 2818 2799 5101 5120 5121 5102 
7599 2799 2818 2819 2800 5102 5121 5122 5103 
7600 2800 2819 2820 2801 5103 5122 5123 5104 
7601 2801 2820 2821 2802 5104 5123 5124 5105 
7602 2802 2821 2822 2803 5105 5124 5125 5106 
7603 2803 2822 2823 2804 5106 5125 5126 5107 
7604 2804 2823 2824 2805 5107 5126 5127 5108 
7605 2805 2824 2825 2806 5108 5127 5128 5109 
7606 2806 2825 2826 2807 5109 5128 5129 5110 
7607 2807 2826 2827 2808 5110 5129 5130 5111 
7608 2808 2827 2828 2809 5111 5130 5131 5112 
7609 2809 2828 2829 2810 5112 5131 5132 5113 
7610 2810 2829 265 264 5113 5132 506 505 
7611 198 199 2830 2811 439 440 5133 5114 
7612 2811 2830 2831 2812 5114 5133 5134 5115 
7613 2812 2831 2832 2813 5115 5134 5135 5116 
7614 2813 2832 2833 2814 5116 5135 5136 5117 
7615 2814 2833 2834 2815 5117 5136 5137 5118 
7616 2815 2834 2835 2816 5118 5137 5138 5119 
7617 2816 2835 2836 2817 5119 5138 5139 5120 
7618 2817 2836 2837 2818 5120 5139 5140 5121 
7619 2818 2837 2838 2819 5121 5140 5141 5122 
7620 2819 2838 2839 2820 5122 5141 5142 5123 
7621 2820 2839 2840 2821 5123 5142 5143 5124 
7622 2821 2840 2841 2822 5124 5143 5144 5125 
7623 2822 2841 2842 2823 5125 5144 5145 5126 
7624 2823 2842 2843 2824 5126 5145 5146 5127 
7625 2824 2843 2844 2825 5127 5146 5147 5128 
7626 2825 2844 2845 2826 5128 5147 5148 5129 
7627 2826 2845 2846 2827 5129 5148 5149 5130 
7628 2827 2846 2847 2828 5130 5149 5150 5131 
7629 2828 2847 2848 2829 5131 5150 5151 5132 
7630 2829 2848 266 265 5132 5151 507 506 
7631 199 6 286 2830 440 12 527 5133 
7632 2830 286 287 2831 5133 527 528 5134 
7633 2831 287 288 2832 5134 528 529 5135 
7634 2832 288 289 2833 5135 529 530 5136 
7635 2833 289 290 2834 5136 530 531 5137 
7636 2834 290 291 2835 5137 531 532 5138 
7637 2835 291 292 2836 5138 532 533 5139 
7638 2836 292 293 2837 5139 533 534 5140 
7639 2837 293 294 2838 5140 534 535 5141 
7640 2838 294 295 2839 5141 535 536 5142 
7641 2839 295 296 2840 5142 536 537 5143 
7642 2840 296 297 2841 5143 537 538 5144 
7643 2841 297 298 2842 5144 538 539 5145 
7644 2842 298 299 2843 5145 539 540 5146 
7645 2843 299 300 2844 5146 540 541 5147 
7646 2844 300 301 2845 5147 541 542 5148 
7647 2845 301 302 2846 5148 542 543 5149 
7648 2846 302 303 2847 5149 543 544 5150 
7649 2847 303 304 2848 5150 544 545 5151 
7650 2848 304 8 266 5151 545 14 507 
$EndElements
