/*--------------------------------*- C++ -*----------------------------------*\
| =========                 |                                                 |
| \\      /  F ield         | OpenFOAM: The Open Source CFD Toolbox           |
|  \\    /   O peration     | Version:  2312                                  |
|   \\  /    A nd           | Website:  www.openfoam.com                      |
|    \\/     M anipulation  |                                                 |
\*---------------------------------------------------------------------------*/
FoamFile
{
    version     2.0;
    format      ascii;
    arch        "LSB;label=32;scalar=64";
    class       faceList;
    location    "constant/polyMesh";
    object      faces;
}
// * * * * * * * * * * * * * * * * * * * * * * * * * * * * * * * * * * * * * //


8140
(
4(1 52 1123 1072)
4(51 1122 1123 52)
4(2 53 1124 1073)
4(52 1123 1124 53)
4(3 54 1125 1074)
4(53 1124 1125 54)
4(4 55 1126 1075)
4(54 1125 1126 55)
4(5 56 1127 1076)
4(55 1126 1127 56)
4(6 57 1128 1077)
4(56 1127 1128 57)
4(7 58 1129 1078)
4(57 1128 1129 58)
4(8 59 1130 1079)
4(58 1129 1130 59)
4(9 60 1131 1080)
4(59 1130 1131 60)
4(10 61 1132 1081)
4(60 1131 1132 61)
4(11 62 1133 1082)
4(61 1132 1133 62)
4(12 63 1134 1083)
4(62 1133 1134 63)
4(13 64 1135 1084)
4(63 1134 1135 64)
4(14 65 1136 1085)
4(64 1135 1136 65)
4(15 66 1137 1086)
4(65 1136 1137 66)
4(16 67 1138 1087)
4(66 1137 1138 67)
4(17 68 1139 1088)
4(67 1138 1139 68)
4(18 69 1140 1089)
4(68 1139 1140 69)
4(19 70 1141 1090)
4(69 1140 1141 70)
4(20 71 1142 1091)
4(70 1141 1142 71)
4(21 72 1143 1092)
4(71 1142 1143 72)
4(22 73 1144 1093)
4(72 1143 1144 73)
4(23 74 1145 1094)
4(73 1144 1145 74)
4(24 75 1146 1095)
4(74 1145 1146 75)
4(25 76 1147 1096)
4(75 1146 1147 76)
4(26 77 1148 1097)
4(76 1147 1148 77)
4(27 78 1149 1098)
4(77 1148 1149 78)
4(28 79 1150 1099)
4(78 1149 1150 79)
4(29 80 1151 1100)
4(79 1150 1151 80)
4(30 81 1152 1101)
4(80 1151 1152 81)
4(31 82 1153 1102)
4(81 1152 1153 82)
4(32 83 1154 1103)
4(82 1153 1154 83)
4(33 84 1155 1104)
4(83 1154 1155 84)
4(34 85 1156 1105)
4(84 1155 1156 85)
4(35 86 1157 1106)
4(85 1156 1157 86)
4(36 87 1158 1107)
4(86 1157 1158 87)
4(37 88 1159 1108)
4(87 1158 1159 88)
4(38 89 1160 1109)
4(88 1159 1160 89)
4(39 90 1161 1110)
4(89 1160 1161 90)
4(40 91 1162 1111)
4(90 1161 1162 91)
4(41 92 1163 1112)
4(91 1162 1163 92)
4(42 93 1164 1113)
4(92 1163 1164 93)
4(43 94 1165 1114)
4(93 1164 1165 94)
4(44 95 1166 1115)
4(94 1165 1166 95)
4(45 96 1167 1116)
4(95 1166 1167 96)
4(46 97 1168 1117)
4(96 1167 1168 97)
4(47 98 1169 1118)
4(97 1168 1169 98)
4(48 99 1170 1119)
4(98 1169 1170 99)
4(49 100 1171 1120)
4(99 1170 1171 100)
4(100 1171 1172 101)
4(52 103 1174 1123)
4(102 1173 1174 103)
4(53 104 1175 1124)
4(103 1174 1175 104)
4(54 105 1176 1125)
4(104 1175 1176 105)
4(55 106 1177 1126)
4(105 1176 1177 106)
4(56 107 1178 1127)
4(106 1177 1178 107)
4(57 108 1179 1128)
4(107 1178 1179 108)
4(58 109 1180 1129)
4(108 1179 1180 109)
4(59 110 1181 1130)
4(109 1180 1181 110)
4(60 111 1182 1131)
4(110 1181 1182 111)
4(61 112 1183 1132)
4(111 1182 1183 112)
4(62 113 1184 1133)
4(112 1183 1184 113)
4(63 114 1185 1134)
4(113 1184 1185 114)
4(64 115 1186 1135)
4(114 1185 1186 115)
4(65 116 1187 1136)
4(115 1186 1187 116)
4(66 117 1188 1137)
4(116 1187 1188 117)
4(67 118 1189 1138)
4(117 1188 1189 118)
4(68 119 1190 1139)
4(118 1189 1190 119)
4(69 120 1191 1140)
4(119 1190 1191 120)
4(70 121 1192 1141)
4(120 1191 1192 121)
4(71 122 1193 1142)
4(121 1192 1193 122)
4(72 123 1194 1143)
4(122 1193 1194 123)
4(73 124 1195 1144)
4(123 1194 1195 124)
4(74 125 1196 1145)
4(124 1195 1196 125)
4(75 126 1197 1146)
4(125 1196 1197 126)
4(76 127 1198 1147)
4(126 1197 1198 127)
4(77 128 1199 1148)
4(127 1198 1199 128)
4(78 129 1200 1149)
4(128 1199 1200 129)
4(79 130 1201 1150)
4(129 1200 1201 130)
4(80 131 1202 1151)
4(130 1201 1202 131)
4(81 132 1203 1152)
4(131 1202 1203 132)
4(82 133 1204 1153)
4(132 1203 1204 133)
4(83 134 1205 1154)
4(133 1204 1205 134)
4(84 135 1206 1155)
4(134 1205 1206 135)
4(85 136 1207 1156)
4(135 1206 1207 136)
4(86 137 1208 1157)
4(136 1207 1208 137)
4(87 138 1209 1158)
4(137 1208 1209 138)
4(88 139 1210 1159)
4(138 1209 1210 139)
4(89 140 1211 1160)
4(139 1210 1211 140)
4(90 141 1212 1161)
4(140 1211 1212 141)
4(91 142 1213 1162)
4(141 1212 1213 142)
4(92 143 1214 1163)
4(142 1213 1214 143)
4(93 144 1215 1164)
4(143 1214 1215 144)
4(94 145 1216 1165)
4(144 1215 1216 145)
4(95 146 1217 1166)
4(145 1216 1217 146)
4(96 147 1218 1167)
4(146 1217 1218 147)
4(97 148 1219 1168)
4(147 1218 1219 148)
4(98 149 1220 1169)
4(148 1219 1220 149)
4(99 150 1221 1170)
4(149 1220 1221 150)
4(100 151 1222 1171)
4(150 1221 1222 151)
4(151 1222 1223 152)
4(103 154 1225 1174)
4(153 1224 1225 154)
4(104 155 1226 1175)
4(154 1225 1226 155)
4(105 156 1227 1176)
4(155 1226 1227 156)
4(106 157 1228 1177)
4(156 1227 1228 157)
4(107 158 1229 1178)
4(157 1228 1229 158)
4(108 159 1230 1179)
4(158 1229 1230 159)
4(109 160 1231 1180)
4(159 1230 1231 160)
4(110 161 1232 1181)
4(160 1231 1232 161)
4(111 162 1233 1182)
4(161 1232 1233 162)
4(112 163 1234 1183)
4(162 1233 1234 163)
4(113 164 1235 1184)
4(163 1234 1235 164)
4(114 165 1236 1185)
4(164 1235 1236 165)
4(115 166 1237 1186)
4(165 1236 1237 166)
4(116 167 1238 1187)
4(166 1237 1238 167)
4(117 168 1239 1188)
4(167 1238 1239 168)
4(118 169 1240 1189)
4(168 1239 1240 169)
4(119 170 1241 1190)
4(169 1240 1241 170)
4(120 171 1242 1191)
4(170 1241 1242 171)
4(121 172 1243 1192)
4(171 1242 1243 172)
4(122 173 1244 1193)
4(172 1243 1244 173)
4(123 174 1245 1194)
4(173 1244 1245 174)
4(124 175 1246 1195)
4(174 1245 1246 175)
4(125 176 1247 1196)
4(175 1246 1247 176)
4(126 177 1248 1197)
4(176 1247 1248 177)
4(127 178 1249 1198)
4(177 1248 1249 178)
4(128 179 1250 1199)
4(178 1249 1250 179)
4(129 180 1251 1200)
4(179 1250 1251 180)
4(130 181 1252 1201)
4(180 1251 1252 181)
4(131 182 1253 1202)
4(181 1252 1253 182)
4(132 183 1254 1203)
4(182 1253 1254 183)
4(133 184 1255 1204)
4(183 1254 1255 184)
4(134 185 1256 1205)
4(184 1255 1256 185)
4(135 186 1257 1206)
4(185 1256 1257 186)
4(136 187 1258 1207)
4(186 1257 1258 187)
4(137 188 1259 1208)
4(187 1258 1259 188)
4(138 189 1260 1209)
4(188 1259 1260 189)
4(139 190 1261 1210)
4(189 1260 1261 190)
4(140 191 1262 1211)
4(190 1261 1262 191)
4(141 192 1263 1212)
4(191 1262 1263 192)
4(142 193 1264 1213)
4(192 1263 1264 193)
4(143 194 1265 1214)
4(193 1264 1265 194)
4(144 195 1266 1215)
4(194 1265 1266 195)
4(145 196 1267 1216)
4(195 1266 1267 196)
4(146 197 1268 1217)
4(196 1267 1268 197)
4(147 198 1269 1218)
4(197 1268 1269 198)
4(148 199 1270 1219)
4(198 1269 1270 199)
4(149 200 1271 1220)
4(199 1270 1271 200)
4(150 201 1272 1221)
4(200 1271 1272 201)
4(151 202 1273 1222)
4(201 1272 1273 202)
4(202 1273 1274 203)
4(154 205 1276 1225)
4(204 1275 1276 205)
4(155 206 1277 1226)
4(205 1276 1277 206)
4(156 207 1278 1227)
4(206 1277 1278 207)
4(157 208 1279 1228)
4(207 1278 1279 208)
4(158 209 1280 1229)
4(208 1279 1280 209)
4(159 210 1281 1230)
4(209 1280 1281 210)
4(160 211 1282 1231)
4(210 1281 1282 211)
4(161 212 1283 1232)
4(211 1282 1283 212)
4(162 213 1284 1233)
4(212 1283 1284 213)
4(163 214 1285 1234)
4(213 1284 1285 214)
4(164 215 1286 1235)
4(214 1285 1286 215)
4(165 216 1287 1236)
4(215 1286 1287 216)
4(166 217 1288 1237)
4(216 1287 1288 217)
4(167 218 1289 1238)
4(217 1288 1289 218)
4(168 219 1290 1239)
4(218 1289 1290 219)
4(169 220 1291 1240)
4(219 1290 1291 220)
4(170 221 1292 1241)
4(220 1291 1292 221)
4(171 222 1293 1242)
4(221 1292 1293 222)
4(172 223 1294 1243)
4(222 1293 1294 223)
4(173 224 1295 1244)
4(223 1294 1295 224)
4(174 225 1296 1245)
4(224 1295 1296 225)
4(175 226 1297 1246)
4(225 1296 1297 226)
4(176 227 1298 1247)
4(226 1297 1298 227)
4(177 228 1299 1248)
4(227 1298 1299 228)
4(178 229 1300 1249)
4(228 1299 1300 229)
4(179 230 1301 1250)
4(229 1300 1301 230)
4(180 231 1302 1251)
4(230 1301 1302 231)
4(181 232 1303 1252)
4(231 1302 1303 232)
4(182 233 1304 1253)
4(232 1303 1304 233)
4(183 234 1305 1254)
4(233 1304 1305 234)
4(184 235 1306 1255)
4(234 1305 1306 235)
4(185 236 1307 1256)
4(235 1306 1307 236)
4(186 237 1308 1257)
4(236 1307 1308 237)
4(187 238 1309 1258)
4(237 1308 1309 238)
4(188 239 1310 1259)
4(238 1309 1310 239)
4(189 240 1311 1260)
4(239 1310 1311 240)
4(190 241 1312 1261)
4(240 1311 1312 241)
4(191 242 1313 1262)
4(241 1312 1313 242)
4(192 243 1314 1263)
4(242 1313 1314 243)
4(193 244 1315 1264)
4(243 1314 1315 244)
4(194 245 1316 1265)
4(244 1315 1316 245)
4(195 246 1317 1266)
4(245 1316 1317 246)
4(196 247 1318 1267)
4(246 1317 1318 247)
4(197 248 1319 1268)
4(247 1318 1319 248)
4(198 249 1320 1269)
4(248 1319 1320 249)
4(199 250 1321 1270)
4(249 1320 1321 250)
4(200 251 1322 1271)
4(250 1321 1322 251)
4(201 252 1323 1272)
4(251 1322 1323 252)
4(202 253 1324 1273)
4(252 1323 1324 253)
4(253 1324 1325 254)
4(205 256 1327 1276)
4(255 1326 1327 256)
4(206 257 1328 1277)
4(256 1327 1328 257)
4(207 258 1329 1278)
4(257 1328 1329 258)
4(208 259 1330 1279)
4(258 1329 1330 259)
4(209 260 1331 1280)
4(259 1330 1331 260)
4(210 261 1332 1281)
4(260 1331 1332 261)
4(211 262 1333 1282)
4(261 1332 1333 262)
4(212 263 1334 1283)
4(262 1333 1334 263)
4(213 264 1335 1284)
4(263 1334 1335 264)
4(214 265 1336 1285)
4(264 1335 1336 265)
4(215 266 1337 1286)
4(265 1336 1337 266)
4(216 267 1338 1287)
4(266 1337 1338 267)
4(217 268 1339 1288)
4(267 1338 1339 268)
4(218 269 1340 1289)
4(268 1339 1340 269)
4(219 270 1341 1290)
4(269 1340 1341 270)
4(220 271 1342 1291)
4(270 1341 1342 271)
4(221 272 1343 1292)
4(271 1342 1343 272)
4(222 273 1344 1293)
4(272 1343 1344 273)
4(223 274 1345 1294)
4(273 1344 1345 274)
4(224 275 1346 1295)
4(274 1345 1346 275)
4(225 276 1347 1296)
4(275 1346 1347 276)
4(226 277 1348 1297)
4(276 1347 1348 277)
4(227 278 1349 1298)
4(277 1348 1349 278)
4(228 279 1350 1299)
4(278 1349 1350 279)
4(229 280 1351 1300)
4(279 1350 1351 280)
4(230 281 1352 1301)
4(280 1351 1352 281)
4(231 282 1353 1302)
4(281 1352 1353 282)
4(232 283 1354 1303)
4(282 1353 1354 283)
4(233 284 1355 1304)
4(283 1354 1355 284)
4(234 285 1356 1305)
4(284 1355 1356 285)
4(235 286 1357 1306)
4(285 1356 1357 286)
4(236 287 1358 1307)
4(286 1357 1358 287)
4(237 288 1359 1308)
4(287 1358 1359 288)
4(238 289 1360 1309)
4(288 1359 1360 289)
4(239 290 1361 1310)
4(289 1360 1361 290)
4(240 291 1362 1311)
4(290 1361 1362 291)
4(241 292 1363 1312)
4(291 1362 1363 292)
4(242 293 1364 1313)
4(292 1363 1364 293)
4(243 294 1365 1314)
4(293 1364 1365 294)
4(244 295 1366 1315)
4(294 1365 1366 295)
4(245 296 1367 1316)
4(295 1366 1367 296)
4(246 297 1368 1317)
4(296 1367 1368 297)
4(247 298 1369 1318)
4(297 1368 1369 298)
4(248 299 1370 1319)
4(298 1369 1370 299)
4(249 300 1371 1320)
4(299 1370 1371 300)
4(250 301 1372 1321)
4(300 1371 1372 301)
4(251 302 1373 1322)
4(301 1372 1373 302)
4(252 303 1374 1323)
4(302 1373 1374 303)
4(253 304 1375 1324)
4(303 1374 1375 304)
4(304 1375 1376 305)
4(256 307 1378 1327)
4(306 1377 1378 307)
4(257 308 1379 1328)
4(307 1378 1379 308)
4(258 309 1380 1329)
4(308 1379 1380 309)
4(259 310 1381 1330)
4(309 1380 1381 310)
4(260 311 1382 1331)
4(310 1381 1382 311)
4(261 312 1383 1332)
4(311 1382 1383 312)
4(262 313 1384 1333)
4(312 1383 1384 313)
4(263 314 1385 1334)
4(313 1384 1385 314)
4(264 315 1386 1335)
4(314 1385 1386 315)
4(265 316 1387 1336)
4(315 1386 1387 316)
4(266 317 1388 1337)
4(316 1387 1388 317)
4(267 318 1389 1338)
4(317 1388 1389 318)
4(268 319 1390 1339)
4(318 1389 1390 319)
4(269 320 1391 1340)
4(319 1390 1391 320)
4(270 321 1392 1341)
4(320 1391 1392 321)
4(271 322 1393 1342)
4(321 1392 1393 322)
4(272 323 1394 1343)
4(322 1393 1394 323)
4(273 324 1395 1344)
4(323 1394 1395 324)
4(274 325 1396 1345)
4(324 1395 1396 325)
4(275 326 1397 1346)
4(325 1396 1397 326)
4(276 327 1398 1347)
4(326 1397 1398 327)
4(277 328 1399 1348)
4(327 1398 1399 328)
4(278 329 1400 1349)
4(328 1399 1400 329)
4(279 330 1401 1350)
4(329 1400 1401 330)
4(280 331 1402 1351)
4(330 1401 1402 331)
4(281 332 1403 1352)
4(331 1402 1403 332)
4(282 333 1404 1353)
4(332 1403 1404 333)
4(283 334 1405 1354)
4(333 1404 1405 334)
4(284 335 1406 1355)
4(334 1405 1406 335)
4(285 336 1407 1356)
4(335 1406 1407 336)
4(286 337 1408 1357)
4(336 1407 1408 337)
4(287 338 1409 1358)
4(337 1408 1409 338)
4(288 339 1410 1359)
4(338 1409 1410 339)
4(289 340 1411 1360)
4(339 1410 1411 340)
4(290 341 1412 1361)
4(340 1411 1412 341)
4(291 342 1413 1362)
4(341 1412 1413 342)
4(292 343 1414 1363)
4(342 1413 1414 343)
4(293 344 1415 1364)
4(343 1414 1415 344)
4(294 345 1416 1365)
4(344 1415 1416 345)
4(295 346 1417 1366)
4(345 1416 1417 346)
4(296 347 1418 1367)
4(346 1417 1418 347)
4(297 348 1419 1368)
4(347 1418 1419 348)
4(298 349 1420 1369)
4(348 1419 1420 349)
4(299 350 1421 1370)
4(349 1420 1421 350)
4(300 351 1422 1371)
4(350 1421 1422 351)
4(301 352 1423 1372)
4(351 1422 1423 352)
4(302 353 1424 1373)
4(352 1423 1424 353)
4(303 354 1425 1374)
4(353 1424 1425 354)
4(304 355 1426 1375)
4(354 1425 1426 355)
4(355 1426 1427 356)
4(307 358 1429 1378)
4(357 1428 1429 358)
4(308 359 1430 1379)
4(358 1429 1430 359)
4(309 360 1431 1380)
4(359 1430 1431 360)
4(310 361 1432 1381)
4(360 1431 1432 361)
4(311 362 1433 1382)
4(361 1432 1433 362)
4(312 363 1434 1383)
4(362 1433 1434 363)
4(313 364 1435 1384)
4(363 1434 1435 364)
4(314 365 1436 1385)
4(364 1435 1436 365)
4(315 366 1437 1386)
4(365 1436 1437 366)
4(316 367 1438 1387)
4(366 1437 1438 367)
4(317 368 1439 1388)
4(367 1438 1439 368)
4(318 369 1440 1389)
4(368 1439 1440 369)
4(319 370 1441 1390)
4(369 1440 1441 370)
4(320 371 1442 1391)
4(370 1441 1442 371)
4(321 372 1443 1392)
4(371 1442 1443 372)
4(322 373 1444 1393)
4(372 1443 1444 373)
4(323 374 1445 1394)
4(373 1444 1445 374)
4(324 375 1446 1395)
4(374 1445 1446 375)
4(325 376 1447 1396)
4(375 1446 1447 376)
4(326 377 1448 1397)
4(376 1447 1448 377)
4(327 378 1449 1398)
4(377 1448 1449 378)
4(328 379 1450 1399)
4(378 1449 1450 379)
4(329 380 1451 1400)
4(379 1450 1451 380)
4(330 381 1452 1401)
4(380 1451 1452 381)
4(331 382 1453 1402)
4(381 1452 1453 382)
4(332 383 1454 1403)
4(382 1453 1454 383)
4(333 384 1455 1404)
4(383 1454 1455 384)
4(334 385 1456 1405)
4(384 1455 1456 385)
4(335 386 1457 1406)
4(385 1456 1457 386)
4(336 387 1458 1407)
4(386 1457 1458 387)
4(337 388 1459 1408)
4(387 1458 1459 388)
4(338 389 1460 1409)
4(388 1459 1460 389)
4(339 390 1461 1410)
4(389 1460 1461 390)
4(340 391 1462 1411)
4(390 1461 1462 391)
4(341 392 1463 1412)
4(391 1462 1463 392)
4(342 393 1464 1413)
4(392 1463 1464 393)
4(343 394 1465 1414)
4(393 1464 1465 394)
4(344 395 1466 1415)
4(394 1465 1466 395)
4(345 396 1467 1416)
4(395 1466 1467 396)
4(346 397 1468 1417)
4(396 1467 1468 397)
4(347 398 1469 1418)
4(397 1468 1469 398)
4(348 399 1470 1419)
4(398 1469 1470 399)
4(349 400 1471 1420)
4(399 1470 1471 400)
4(350 401 1472 1421)
4(400 1471 1472 401)
4(351 402 1473 1422)
4(401 1472 1473 402)
4(352 403 1474 1423)
4(402 1473 1474 403)
4(353 404 1475 1424)
4(403 1474 1475 404)
4(354 405 1476 1425)
4(404 1475 1476 405)
4(355 406 1477 1426)
4(405 1476 1477 406)
4(406 1477 1478 407)
4(358 409 1480 1429)
4(408 1479 1480 409)
4(359 410 1481 1430)
4(409 1480 1481 410)
4(360 411 1482 1431)
4(410 1481 1482 411)
4(361 412 1483 1432)
4(411 1482 1483 412)
4(362 413 1484 1433)
4(412 1483 1484 413)
4(363 414 1485 1434)
4(413 1484 1485 414)
4(364 415 1486 1435)
4(414 1485 1486 415)
4(365 416 1487 1436)
4(415 1486 1487 416)
4(366 417 1488 1437)
4(416 1487 1488 417)
4(367 418 1489 1438)
4(417 1488 1489 418)
4(368 419 1490 1439)
4(418 1489 1490 419)
4(369 420 1491 1440)
4(419 1490 1491 420)
4(370 421 1492 1441)
4(420 1491 1492 421)
4(371 422 1493 1442)
4(421 1492 1493 422)
4(372 423 1494 1443)
4(422 1493 1494 423)
4(373 424 1495 1444)
4(423 1494 1495 424)
4(374 425 1496 1445)
4(424 1495 1496 425)
4(375 426 1497 1446)
4(425 1496 1497 426)
4(376 427 1498 1447)
4(426 1497 1498 427)
4(377 428 1499 1448)
4(427 1498 1499 428)
4(378 429 1500 1449)
4(428 1499 1500 429)
4(379 430 1501 1450)
4(429 1500 1501 430)
4(380 431 1502 1451)
4(430 1501 1502 431)
4(381 432 1503 1452)
4(431 1502 1503 432)
4(382 433 1504 1453)
4(432 1503 1504 433)
4(383 434 1505 1454)
4(433 1504 1505 434)
4(384 435 1506 1455)
4(434 1505 1506 435)
4(385 436 1507 1456)
4(435 1506 1507 436)
4(386 437 1508 1457)
4(436 1507 1508 437)
4(387 438 1509 1458)
4(437 1508 1509 438)
4(388 439 1510 1459)
4(438 1509 1510 439)
4(389 440 1511 1460)
4(439 1510 1511 440)
4(390 441 1512 1461)
4(440 1511 1512 441)
4(391 442 1513 1462)
4(441 1512 1513 442)
4(392 443 1514 1463)
4(442 1513 1514 443)
4(393 444 1515 1464)
4(443 1514 1515 444)
4(394 445 1516 1465)
4(444 1515 1516 445)
4(395 446 1517 1466)
4(445 1516 1517 446)
4(396 447 1518 1467)
4(446 1517 1518 447)
4(397 448 1519 1468)
4(447 1518 1519 448)
4(398 449 1520 1469)
4(448 1519 1520 449)
4(399 450 1521 1470)
4(449 1520 1521 450)
4(400 451 1522 1471)
4(450 1521 1522 451)
4(401 452 1523 1472)
4(451 1522 1523 452)
4(402 453 1524 1473)
4(452 1523 1524 453)
4(403 454 1525 1474)
4(453 1524 1525 454)
4(404 455 1526 1475)
4(454 1525 1526 455)
4(405 456 1527 1476)
4(455 1526 1527 456)
4(406 457 1528 1477)
4(456 1527 1528 457)
4(457 1528 1529 458)
4(409 460 1531 1480)
4(459 1530 1531 460)
4(410 461 1532 1481)
4(460 1531 1532 461)
4(411 462 1533 1482)
4(461 1532 1533 462)
4(412 463 1534 1483)
4(462 1533 1534 463)
4(413 464 1535 1484)
4(463 1534 1535 464)
4(414 465 1536 1485)
4(464 1535 1536 465)
4(415 466 1537 1486)
4(465 1536 1537 466)
4(416 467 1538 1487)
4(466 1537 1538 467)
4(417 468 1539 1488)
4(467 1538 1539 468)
4(418 469 1540 1489)
4(468 1539 1540 469)
4(419 470 1541 1490)
4(469 1540 1541 470)
4(420 471 1542 1491)
4(470 1541 1542 471)
4(421 472 1543 1492)
4(471 1542 1543 472)
4(422 473 1544 1493)
4(472 1543 1544 473)
4(423 474 1545 1494)
4(473 1544 1545 474)
4(424 475 1546 1495)
4(474 1545 1546 475)
4(425 476 1547 1496)
4(475 1546 1547 476)
4(426 477 1548 1497)
4(476 1547 1548 477)
4(427 478 1549 1498)
4(477 1548 1549 478)
4(428 479 1550 1499)
4(478 1549 1550 479)
4(429 480 1551 1500)
4(479 1550 1551 480)
4(430 481 1552 1501)
4(480 1551 1552 481)
4(431 482 1553 1502)
4(481 1552 1553 482)
4(432 483 1554 1503)
4(482 1553 1554 483)
4(433 484 1555 1504)
4(483 1554 1555 484)
4(434 485 1556 1505)
4(484 1555 1556 485)
4(435 486 1557 1506)
4(485 1556 1557 486)
4(436 487 1558 1507)
4(486 1557 1558 487)
4(437 488 1559 1508)
4(487 1558 1559 488)
4(438 489 1560 1509)
4(488 1559 1560 489)
4(439 490 1561 1510)
4(489 1560 1561 490)
4(440 491 1562 1511)
4(490 1561 1562 491)
4(441 492 1563 1512)
4(491 1562 1563 492)
4(442 493 1564 1513)
4(492 1563 1564 493)
4(443 494 1565 1514)
4(493 1564 1565 494)
4(444 495 1566 1515)
4(494 1565 1566 495)
4(445 496 1567 1516)
4(495 1566 1567 496)
4(446 497 1568 1517)
4(496 1567 1568 497)
4(447 498 1569 1518)
4(497 1568 1569 498)
4(448 499 1570 1519)
4(498 1569 1570 499)
4(449 500 1571 1520)
4(499 1570 1571 500)
4(450 501 1572 1521)
4(500 1571 1572 501)
4(451 502 1573 1522)
4(501 1572 1573 502)
4(452 503 1574 1523)
4(502 1573 1574 503)
4(453 504 1575 1524)
4(503 1574 1575 504)
4(454 505 1576 1525)
4(504 1575 1576 505)
4(455 506 1577 1526)
4(505 1576 1577 506)
4(456 507 1578 1527)
4(506 1577 1578 507)
4(457 508 1579 1528)
4(507 1578 1579 508)
4(508 1579 1580 509)
4(460 511 1582 1531)
4(510 1581 1582 511)
4(461 512 1583 1532)
4(511 1582 1583 512)
4(462 513 1584 1533)
4(512 1583 1584 513)
4(463 514 1585 1534)
4(513 1584 1585 514)
4(464 515 1586 1535)
4(514 1585 1586 515)
4(465 516 1587 1536)
4(515 1586 1587 516)
4(466 517 1588 1537)
4(516 1587 1588 517)
4(467 518 1589 1538)
4(517 1588 1589 518)
4(468 519 1590 1539)
4(518 1589 1590 519)
4(469 520 1591 1540)
4(519 1590 1591 520)
4(470 521 1592 1541)
4(520 1591 1592 521)
4(471 522 1593 1542)
4(521 1592 1593 522)
4(472 523 1594 1543)
4(522 1593 1594 523)
4(473 524 1595 1544)
4(523 1594 1595 524)
4(474 525 1596 1545)
4(524 1595 1596 525)
4(475 526 1597 1546)
4(525 1596 1597 526)
4(476 527 1598 1547)
4(526 1597 1598 527)
4(477 528 1599 1548)
4(527 1598 1599 528)
4(478 529 1600 1549)
4(528 1599 1600 529)
4(479 530 1601 1550)
4(529 1600 1601 530)
4(480 531 1602 1551)
4(530 1601 1602 531)
4(481 532 1603 1552)
4(531 1602 1603 532)
4(482 533 1604 1553)
4(532 1603 1604 533)
4(483 534 1605 1554)
4(533 1604 1605 534)
4(484 535 1606 1555)
4(534 1605 1606 535)
4(485 536 1607 1556)
4(535 1606 1607 536)
4(486 537 1608 1557)
4(536 1607 1608 537)
4(487 538 1609 1558)
4(537 1608 1609 538)
4(488 539 1610 1559)
4(538 1609 1610 539)
4(489 540 1611 1560)
4(539 1610 1611 540)
4(490 541 1612 1561)
4(540 1611 1612 541)
4(491 542 1613 1562)
4(541 1612 1613 542)
4(492 543 1614 1563)
4(542 1613 1614 543)
4(493 544 1615 1564)
4(543 1614 1615 544)
4(494 545 1616 1565)
4(544 1615 1616 545)
4(495 546 1617 1566)
4(545 1616 1617 546)
4(496 547 1618 1567)
4(546 1617 1618 547)
4(497 548 1619 1568)
4(547 1618 1619 548)
4(498 549 1620 1569)
4(548 1619 1620 549)
4(499 550 1621 1570)
4(549 1620 1621 550)
4(500 551 1622 1571)
4(550 1621 1622 551)
4(501 552 1623 1572)
4(551 1622 1623 552)
4(502 553 1624 1573)
4(552 1623 1624 553)
4(503 554 1625 1574)
4(553 1624 1625 554)
4(504 555 1626 1575)
4(554 1625 1626 555)
4(505 556 1627 1576)
4(555 1626 1627 556)
4(506 557 1628 1577)
4(556 1627 1628 557)
4(507 558 1629 1578)
4(557 1628 1629 558)
4(508 559 1630 1579)
4(558 1629 1630 559)
4(559 1630 1631 560)
4(511 562 1633 1582)
4(561 1632 1633 562)
4(512 563 1634 1583)
4(562 1633 1634 563)
4(513 564 1635 1584)
4(563 1634 1635 564)
4(514 565 1636 1585)
4(564 1635 1636 565)
4(515 566 1637 1586)
4(565 1636 1637 566)
4(516 567 1638 1587)
4(566 1637 1638 567)
4(517 568 1639 1588)
4(567 1638 1639 568)
4(518 569 1640 1589)
4(568 1639 1640 569)
4(519 570 1641 1590)
4(569 1640 1641 570)
4(520 571 1642 1591)
4(570 1641 1642 571)
4(521 572 1643 1592)
4(571 1642 1643 572)
4(522 573 1644 1593)
4(572 1643 1644 573)
4(523 574 1645 1594)
4(573 1644 1645 574)
4(524 575 1646 1595)
4(574 1645 1646 575)
4(525 576 1647 1596)
4(575 1646 1647 576)
4(526 577 1648 1597)
4(576 1647 1648 577)
4(527 578 1649 1598)
4(577 1648 1649 578)
4(528 579 1650 1599)
4(578 1649 1650 579)
4(529 580 1651 1600)
4(579 1650 1651 580)
4(530 581 1652 1601)
4(580 1651 1652 581)
4(531 582 1653 1602)
4(581 1652 1653 582)
4(532 583 1654 1603)
4(582 1653 1654 583)
4(533 584 1655 1604)
4(583 1654 1655 584)
4(534 585 1656 1605)
4(584 1655 1656 585)
4(535 586 1657 1606)
4(585 1656 1657 586)
4(536 587 1658 1607)
4(586 1657 1658 587)
4(537 588 1659 1608)
4(587 1658 1659 588)
4(538 589 1660 1609)
4(588 1659 1660 589)
4(539 590 1661 1610)
4(589 1660 1661 590)
4(540 591 1662 1611)
4(590 1661 1662 591)
4(541 592 1663 1612)
4(591 1662 1663 592)
4(542 593 1664 1613)
4(592 1663 1664 593)
4(543 594 1665 1614)
4(593 1664 1665 594)
4(544 595 1666 1615)
4(594 1665 1666 595)
4(545 596 1667 1616)
4(595 1666 1667 596)
4(546 597 1668 1617)
4(596 1667 1668 597)
4(547 598 1669 1618)
4(597 1668 1669 598)
4(548 599 1670 1619)
4(598 1669 1670 599)
4(549 600 1671 1620)
4(599 1670 1671 600)
4(550 601 1672 1621)
4(600 1671 1672 601)
4(551 602 1673 1622)
4(601 1672 1673 602)
4(552 603 1674 1623)
4(602 1673 1674 603)
4(553 604 1675 1624)
4(603 1674 1675 604)
4(554 605 1676 1625)
4(604 1675 1676 605)
4(555 606 1677 1626)
4(605 1676 1677 606)
4(556 607 1678 1627)
4(606 1677 1678 607)
4(557 608 1679 1628)
4(607 1678 1679 608)
4(558 609 1680 1629)
4(608 1679 1680 609)
4(559 610 1681 1630)
4(609 1680 1681 610)
4(610 1681 1682 611)
4(562 613 1684 1633)
4(612 1683 1684 613)
4(563 614 1685 1634)
4(613 1684 1685 614)
4(564 615 1686 1635)
4(614 1685 1686 615)
4(565 616 1687 1636)
4(615 1686 1687 616)
4(566 617 1688 1637)
4(616 1687 1688 617)
4(567 618 1689 1638)
4(617 1688 1689 618)
4(568 619 1690 1639)
4(618 1689 1690 619)
4(569 620 1691 1640)
4(619 1690 1691 620)
4(570 621 1692 1641)
4(620 1691 1692 621)
4(571 622 1693 1642)
4(621 1692 1693 622)
4(572 623 1694 1643)
4(622 1693 1694 623)
4(573 624 1695 1644)
4(623 1694 1695 624)
4(574 625 1696 1645)
4(624 1695 1696 625)
4(575 626 1697 1646)
4(625 1696 1697 626)
4(576 627 1698 1647)
4(626 1697 1698 627)
4(577 628 1699 1648)
4(627 1698 1699 628)
4(578 629 1700 1649)
4(628 1699 1700 629)
4(579 630 1701 1650)
4(629 1700 1701 630)
4(580 631 1702 1651)
4(630 1701 1702 631)
4(581 632 1703 1652)
4(631 1702 1703 632)
4(582 633 1704 1653)
4(632 1703 1704 633)
4(583 634 1705 1654)
4(633 1704 1705 634)
4(584 635 1706 1655)
4(634 1705 1706 635)
4(585 636 1707 1656)
4(635 1706 1707 636)
4(586 637 1708 1657)
4(636 1707 1708 637)
4(587 638 1709 1658)
4(637 1708 1709 638)
4(588 639 1710 1659)
4(638 1709 1710 639)
4(589 640 1711 1660)
4(639 1710 1711 640)
4(590 641 1712 1661)
4(640 1711 1712 641)
4(591 642 1713 1662)
4(641 1712 1713 642)
4(592 643 1714 1663)
4(642 1713 1714 643)
4(593 644 1715 1664)
4(643 1714 1715 644)
4(594 645 1716 1665)
4(644 1715 1716 645)
4(595 646 1717 1666)
4(645 1716 1717 646)
4(596 647 1718 1667)
4(646 1717 1718 647)
4(597 648 1719 1668)
4(647 1718 1719 648)
4(598 649 1720 1669)
4(648 1719 1720 649)
4(599 650 1721 1670)
4(649 1720 1721 650)
4(600 651 1722 1671)
4(650 1721 1722 651)
4(601 652 1723 1672)
4(651 1722 1723 652)
4(602 653 1724 1673)
4(652 1723 1724 653)
4(603 654 1725 1674)
4(653 1724 1725 654)
4(604 655 1726 1675)
4(654 1725 1726 655)
4(605 656 1727 1676)
4(655 1726 1727 656)
4(606 657 1728 1677)
4(656 1727 1728 657)
4(607 658 1729 1678)
4(657 1728 1729 658)
4(608 659 1730 1679)
4(658 1729 1730 659)
4(609 660 1731 1680)
4(659 1730 1731 660)
4(610 661 1732 1681)
4(660 1731 1732 661)
4(661 1732 1733 662)
4(613 664 1735 1684)
4(663 1734 1735 664)
4(614 665 1736 1685)
4(664 1735 1736 665)
4(615 666 1737 1686)
4(665 1736 1737 666)
4(616 667 1738 1687)
4(666 1737 1738 667)
4(617 668 1739 1688)
4(667 1738 1739 668)
4(618 669 1740 1689)
4(668 1739 1740 669)
4(619 670 1741 1690)
4(669 1740 1741 670)
4(620 671 1742 1691)
4(670 1741 1742 671)
4(621 672 1743 1692)
4(671 1742 1743 672)
4(622 673 1744 1693)
4(672 1743 1744 673)
4(623 674 1745 1694)
4(673 1744 1745 674)
4(624 675 1746 1695)
4(674 1745 1746 675)
4(625 676 1747 1696)
4(675 1746 1747 676)
4(626 677 1748 1697)
4(676 1747 1748 677)
4(627 678 1749 1698)
4(677 1748 1749 678)
4(628 679 1750 1699)
4(678 1749 1750 679)
4(629 680 1751 1700)
4(679 1750 1751 680)
4(630 681 1752 1701)
4(680 1751 1752 681)
4(631 682 1753 1702)
4(681 1752 1753 682)
4(632 683 1754 1703)
4(682 1753 1754 683)
4(633 684 1755 1704)
4(683 1754 1755 684)
4(634 685 1756 1705)
4(684 1755 1756 685)
4(635 686 1757 1706)
4(685 1756 1757 686)
4(636 687 1758 1707)
4(686 1757 1758 687)
4(637 688 1759 1708)
4(687 1758 1759 688)
4(638 689 1760 1709)
4(688 1759 1760 689)
4(639 690 1761 1710)
4(689 1760 1761 690)
4(640 691 1762 1711)
4(690 1761 1762 691)
4(641 692 1763 1712)
4(691 1762 1763 692)
4(642 693 1764 1713)
4(692 1763 1764 693)
4(643 694 1765 1714)
4(693 1764 1765 694)
4(644 695 1766 1715)
4(694 1765 1766 695)
4(645 696 1767 1716)
4(695 1766 1767 696)
4(646 697 1768 1717)
4(696 1767 1768 697)
4(647 698 1769 1718)
4(697 1768 1769 698)
4(648 699 1770 1719)
4(698 1769 1770 699)
4(649 700 1771 1720)
4(699 1770 1771 700)
4(650 701 1772 1721)
4(700 1771 1772 701)
4(651 702 1773 1722)
4(701 1772 1773 702)
4(652 703 1774 1723)
4(702 1773 1774 703)
4(653 704 1775 1724)
4(703 1774 1775 704)
4(654 705 1776 1725)
4(704 1775 1776 705)
4(655 706 1777 1726)
4(705 1776 1777 706)
4(656 707 1778 1727)
4(706 1777 1778 707)
4(657 708 1779 1728)
4(707 1778 1779 708)
4(658 709 1780 1729)
4(708 1779 1780 709)
4(659 710 1781 1730)
4(709 1780 1781 710)
4(660 711 1782 1731)
4(710 1781 1782 711)
4(661 712 1783 1732)
4(711 1782 1783 712)
4(712 1783 1784 713)
4(664 715 1786 1735)
4(714 1785 1786 715)
4(665 716 1787 1736)
4(715 1786 1787 716)
4(666 717 1788 1737)
4(716 1787 1788 717)
4(667 718 1789 1738)
4(717 1788 1789 718)
4(668 719 1790 1739)
4(718 1789 1790 719)
4(669 720 1791 1740)
4(719 1790 1791 720)
4(670 721 1792 1741)
4(720 1791 1792 721)
4(671 722 1793 1742)
4(721 1792 1793 722)
4(672 723 1794 1743)
4(722 1793 1794 723)
4(673 724 1795 1744)
4(723 1794 1795 724)
4(674 725 1796 1745)
4(724 1795 1796 725)
4(675 726 1797 1746)
4(725 1796 1797 726)
4(676 727 1798 1747)
4(726 1797 1798 727)
4(677 728 1799 1748)
4(727 1798 1799 728)
4(678 729 1800 1749)
4(728 1799 1800 729)
4(679 730 1801 1750)
4(729 1800 1801 730)
4(680 731 1802 1751)
4(730 1801 1802 731)
4(681 732 1803 1752)
4(731 1802 1803 732)
4(682 733 1804 1753)
4(732 1803 1804 733)
4(683 734 1805 1754)
4(733 1804 1805 734)
4(684 735 1806 1755)
4(734 1805 1806 735)
4(685 736 1807 1756)
4(735 1806 1807 736)
4(686 737 1808 1757)
4(736 1807 1808 737)
4(687 738 1809 1758)
4(737 1808 1809 738)
4(688 739 1810 1759)
4(738 1809 1810 739)
4(689 740 1811 1760)
4(739 1810 1811 740)
4(690 741 1812 1761)
4(740 1811 1812 741)
4(691 742 1813 1762)
4(741 1812 1813 742)
4(692 743 1814 1763)
4(742 1813 1814 743)
4(693 744 1815 1764)
4(743 1814 1815 744)
4(694 745 1816 1765)
4(744 1815 1816 745)
4(695 746 1817 1766)
4(745 1816 1817 746)
4(696 747 1818 1767)
4(746 1817 1818 747)
4(697 748 1819 1768)
4(747 1818 1819 748)
4(698 749 1820 1769)
4(748 1819 1820 749)
4(699 750 1821 1770)
4(749 1820 1821 750)
4(700 751 1822 1771)
4(750 1821 1822 751)
4(701 752 1823 1772)
4(751 1822 1823 752)
4(702 753 1824 1773)
4(752 1823 1824 753)
4(703 754 1825 1774)
4(753 1824 1825 754)
4(704 755 1826 1775)
4(754 1825 1826 755)
4(705 756 1827 1776)
4(755 1826 1827 756)
4(706 757 1828 1777)
4(756 1827 1828 757)
4(707 758 1829 1778)
4(757 1828 1829 758)
4(708 759 1830 1779)
4(758 1829 1830 759)
4(709 760 1831 1780)
4(759 1830 1831 760)
4(710 761 1832 1781)
4(760 1831 1832 761)
4(711 762 1833 1782)
4(761 1832 1833 762)
4(712 763 1834 1783)
4(762 1833 1834 763)
4(763 1834 1835 764)
4(715 766 1837 1786)
4(765 1836 1837 766)
4(716 767 1838 1787)
4(766 1837 1838 767)
4(717 768 1839 1788)
4(767 1838 1839 768)
4(718 769 1840 1789)
4(768 1839 1840 769)
4(719 770 1841 1790)
4(769 1840 1841 770)
4(720 771 1842 1791)
4(770 1841 1842 771)
4(721 772 1843 1792)
4(771 1842 1843 772)
4(722 773 1844 1793)
4(772 1843 1844 773)
4(723 774 1845 1794)
4(773 1844 1845 774)
4(724 775 1846 1795)
4(774 1845 1846 775)
4(725 776 1847 1796)
4(775 1846 1847 776)
4(726 777 1848 1797)
4(776 1847 1848 777)
4(727 778 1849 1798)
4(777 1848 1849 778)
4(728 779 1850 1799)
4(778 1849 1850 779)
4(729 780 1851 1800)
4(779 1850 1851 780)
4(730 781 1852 1801)
4(780 1851 1852 781)
4(731 782 1853 1802)
4(781 1852 1853 782)
4(732 783 1854 1803)
4(782 1853 1854 783)
4(733 784 1855 1804)
4(783 1854 1855 784)
4(734 785 1856 1805)
4(784 1855 1856 785)
4(735 786 1857 1806)
4(785 1856 1857 786)
4(736 787 1858 1807)
4(786 1857 1858 787)
4(737 788 1859 1808)
4(787 1858 1859 788)
4(738 789 1860 1809)
4(788 1859 1860 789)
4(739 790 1861 1810)
4(789 1860 1861 790)
4(740 791 1862 1811)
4(790 1861 1862 791)
4(741 792 1863 1812)
4(791 1862 1863 792)
4(742 793 1864 1813)
4(792 1863 1864 793)
4(743 794 1865 1814)
4(793 1864 1865 794)
4(744 795 1866 1815)
4(794 1865 1866 795)
4(745 796 1867 1816)
4(795 1866 1867 796)
4(746 797 1868 1817)
4(796 1867 1868 797)
4(747 798 1869 1818)
4(797 1868 1869 798)
4(748 799 1870 1819)
4(798 1869 1870 799)
4(749 800 1871 1820)
4(799 1870 1871 800)
4(750 801 1872 1821)
4(800 1871 1872 801)
4(751 802 1873 1822)
4(801 1872 1873 802)
4(752 803 1874 1823)
4(802 1873 1874 803)
4(753 804 1875 1824)
4(803 1874 1875 804)
4(754 805 1876 1825)
4(804 1875 1876 805)
4(755 806 1877 1826)
4(805 1876 1877 806)
4(756 807 1878 1827)
4(806 1877 1878 807)
4(757 808 1879 1828)
4(807 1878 1879 808)
4(758 809 1880 1829)
4(808 1879 1880 809)
4(759 810 1881 1830)
4(809 1880 1881 810)
4(760 811 1882 1831)
4(810 1881 1882 811)
4(761 812 1883 1832)
4(811 1882 1883 812)
4(762 813 1884 1833)
4(812 1883 1884 813)
4(763 814 1885 1834)
4(813 1884 1885 814)
4(814 1885 1886 815)
4(766 817 1888 1837)
4(816 1887 1888 817)
4(767 818 1889 1838)
4(817 1888 1889 818)
4(768 819 1890 1839)
4(818 1889 1890 819)
4(769 820 1891 1840)
4(819 1890 1891 820)
4(770 821 1892 1841)
4(820 1891 1892 821)
4(771 822 1893 1842)
4(821 1892 1893 822)
4(772 823 1894 1843)
4(822 1893 1894 823)
4(773 824 1895 1844)
4(823 1894 1895 824)
4(774 825 1896 1845)
4(824 1895 1896 825)
4(775 826 1897 1846)
4(825 1896 1897 826)
4(776 827 1898 1847)
4(826 1897 1898 827)
4(777 828 1899 1848)
4(827 1898 1899 828)
4(778 829 1900 1849)
4(828 1899 1900 829)
4(779 830 1901 1850)
4(829 1900 1901 830)
4(780 831 1902 1851)
4(830 1901 1902 831)
4(781 832 1903 1852)
4(831 1902 1903 832)
4(782 833 1904 1853)
4(832 1903 1904 833)
4(783 834 1905 1854)
4(833 1904 1905 834)
4(784 835 1906 1855)
4(834 1905 1906 835)
4(785 836 1907 1856)
4(835 1906 1907 836)
4(786 837 1908 1857)
4(836 1907 1908 837)
4(787 838 1909 1858)
4(837 1908 1909 838)
4(788 839 1910 1859)
4(838 1909 1910 839)
4(789 840 1911 1860)
4(839 1910 1911 840)
4(790 841 1912 1861)
4(840 1911 1912 841)
4(791 842 1913 1862)
4(841 1912 1913 842)
4(792 843 1914 1863)
4(842 1913 1914 843)
4(793 844 1915 1864)
4(843 1914 1915 844)
4(794 845 1916 1865)
4(844 1915 1916 845)
4(795 846 1917 1866)
4(845 1916 1917 846)
4(796 847 1918 1867)
4(846 1917 1918 847)
4(797 848 1919 1868)
4(847 1918 1919 848)
4(798 849 1920 1869)
4(848 1919 1920 849)
4(799 850 1921 1870)
4(849 1920 1921 850)
4(800 851 1922 1871)
4(850 1921 1922 851)
4(801 852 1923 1872)
4(851 1922 1923 852)
4(802 853 1924 1873)
4(852 1923 1924 853)
4(803 854 1925 1874)
4(853 1924 1925 854)
4(804 855 1926 1875)
4(854 1925 1926 855)
4(805 856 1927 1876)
4(855 1926 1927 856)
4(806 857 1928 1877)
4(856 1927 1928 857)
4(807 858 1929 1878)
4(857 1928 1929 858)
4(808 859 1930 1879)
4(858 1929 1930 859)
4(809 860 1931 1880)
4(859 1930 1931 860)
4(810 861 1932 1881)
4(860 1931 1932 861)
4(811 862 1933 1882)
4(861 1932 1933 862)
4(812 863 1934 1883)
4(862 1933 1934 863)
4(813 864 1935 1884)
4(863 1934 1935 864)
4(814 865 1936 1885)
4(864 1935 1936 865)
4(865 1936 1937 866)
4(817 868 1939 1888)
4(867 1938 1939 868)
4(818 869 1940 1889)
4(868 1939 1940 869)
4(819 870 1941 1890)
4(869 1940 1941 870)
4(820 871 1942 1891)
4(870 1941 1942 871)
4(821 872 1943 1892)
4(871 1942 1943 872)
4(822 873 1944 1893)
4(872 1943 1944 873)
4(823 874 1945 1894)
4(873 1944 1945 874)
4(824 875 1946 1895)
4(874 1945 1946 875)
4(825 876 1947 1896)
4(875 1946 1947 876)
4(826 877 1948 1897)
4(876 1947 1948 877)
4(827 878 1949 1898)
4(877 1948 1949 878)
4(828 879 1950 1899)
4(878 1949 1950 879)
4(829 880 1951 1900)
4(879 1950 1951 880)
4(830 881 1952 1901)
4(880 1951 1952 881)
4(831 882 1953 1902)
4(881 1952 1953 882)
4(832 883 1954 1903)
4(882 1953 1954 883)
4(833 884 1955 1904)
4(883 1954 1955 884)
4(834 885 1956 1905)
4(884 1955 1956 885)
4(835 886 1957 1906)
4(885 1956 1957 886)
4(836 887 1958 1907)
4(886 1957 1958 887)
4(837 888 1959 1908)
4(887 1958 1959 888)
4(838 889 1960 1909)
4(888 1959 1960 889)
4(839 890 1961 1910)
4(889 1960 1961 890)
4(840 891 1962 1911)
4(890 1961 1962 891)
4(841 892 1963 1912)
4(891 1962 1963 892)
4(842 893 1964 1913)
4(892 1963 1964 893)
4(843 894 1965 1914)
4(893 1964 1965 894)
4(844 895 1966 1915)
4(894 1965 1966 895)
4(845 896 1967 1916)
4(895 1966 1967 896)
4(846 897 1968 1917)
4(896 1967 1968 897)
4(847 898 1969 1918)
4(897 1968 1969 898)
4(848 899 1970 1919)
4(898 1969 1970 899)
4(849 900 1971 1920)
4(899 1970 1971 900)
4(850 901 1972 1921)
4(900 1971 1972 901)
4(851 902 1973 1922)
4(901 1972 1973 902)
4(852 903 1974 1923)
4(902 1973 1974 903)
4(853 904 1975 1924)
4(903 1974 1975 904)
4(854 905 1976 1925)
4(904 1975 1976 905)
4(855 906 1977 1926)
4(905 1976 1977 906)
4(856 907 1978 1927)
4(906 1977 1978 907)
4(857 908 1979 1928)
4(907 1978 1979 908)
4(858 909 1980 1929)
4(908 1979 1980 909)
4(859 910 1981 1930)
4(909 1980 1981 910)
4(860 911 1982 1931)
4(910 1981 1982 911)
4(861 912 1983 1932)
4(911 1982 1983 912)
4(862 913 1984 1933)
4(912 1983 1984 913)
4(863 914 1985 1934)
4(913 1984 1985 914)
4(864 915 1986 1935)
4(914 1985 1986 915)
4(865 916 1987 1936)
4(915 1986 1987 916)
4(916 1987 1988 917)
4(868 919 1990 1939)
4(918 1989 1990 919)
4(869 920 1991 1940)
4(919 1990 1991 920)
4(870 921 1992 1941)
4(920 1991 1992 921)
4(871 922 1993 1942)
4(921 1992 1993 922)
4(872 923 1994 1943)
4(922 1993 1994 923)
4(873 924 1995 1944)
4(923 1994 1995 924)
4(874 925 1996 1945)
4(924 1995 1996 925)
4(875 926 1997 1946)
4(925 1996 1997 926)
4(876 927 1998 1947)
4(926 1997 1998 927)
4(877 928 1999 1948)
4(927 1998 1999 928)
4(878 929 2000 1949)
4(928 1999 2000 929)
4(879 930 2001 1950)
4(929 2000 2001 930)
4(880 931 2002 1951)
4(930 2001 2002 931)
4(881 932 2003 1952)
4(931 2002 2003 932)
4(882 933 2004 1953)
4(932 2003 2004 933)
4(883 934 2005 1954)
4(933 2004 2005 934)
4(884 935 2006 1955)
4(934 2005 2006 935)
4(885 936 2007 1956)
4(935 2006 2007 936)
4(886 937 2008 1957)
4(936 2007 2008 937)
4(887 938 2009 1958)
4(937 2008 2009 938)
4(888 939 2010 1959)
4(938 2009 2010 939)
4(889 940 2011 1960)
4(939 2010 2011 940)
4(890 941 2012 1961)
4(940 2011 2012 941)
4(891 942 2013 1962)
4(941 2012 2013 942)
4(892 943 2014 1963)
4(942 2013 2014 943)
4(893 944 2015 1964)
4(943 2014 2015 944)
4(894 945 2016 1965)
4(944 2015 2016 945)
4(895 946 2017 1966)
4(945 2016 2017 946)
4(896 947 2018 1967)
4(946 2017 2018 947)
4(897 948 2019 1968)
4(947 2018 2019 948)
4(898 949 2020 1969)
4(948 2019 2020 949)
4(899 950 2021 1970)
4(949 2020 2021 950)
4(900 951 2022 1971)
4(950 2021 2022 951)
4(901 952 2023 1972)
4(951 2022 2023 952)
4(902 953 2024 1973)
4(952 2023 2024 953)
4(903 954 2025 1974)
4(953 2024 2025 954)
4(904 955 2026 1975)
4(954 2025 2026 955)
4(905 956 2027 1976)
4(955 2026 2027 956)
4(906 957 2028 1977)
4(956 2027 2028 957)
4(907 958 2029 1978)
4(957 2028 2029 958)
4(908 959 2030 1979)
4(958 2029 2030 959)
4(909 960 2031 1980)
4(959 2030 2031 960)
4(910 961 2032 1981)
4(960 2031 2032 961)
4(911 962 2033 1982)
4(961 2032 2033 962)
4(912 963 2034 1983)
4(962 2033 2034 963)
4(913 964 2035 1984)
4(963 2034 2035 964)
4(914 965 2036 1985)
4(964 2035 2036 965)
4(915 966 2037 1986)
4(965 2036 2037 966)
4(916 967 2038 1987)
4(966 2037 2038 967)
4(967 2038 2039 968)
4(919 970 2041 1990)
4(969 2040 2041 970)
4(920 971 2042 1991)
4(970 2041 2042 971)
4(921 972 2043 1992)
4(971 2042 2043 972)
4(922 973 2044 1993)
4(972 2043 2044 973)
4(923 974 2045 1994)
4(973 2044 2045 974)
4(924 975 2046 1995)
4(974 2045 2046 975)
4(925 976 2047 1996)
4(975 2046 2047 976)
4(926 977 2048 1997)
4(976 2047 2048 977)
4(927 978 2049 1998)
4(977 2048 2049 978)
4(928 979 2050 1999)
4(978 2049 2050 979)
4(929 980 2051 2000)
4(979 2050 2051 980)
4(930 981 2052 2001)
4(980 2051 2052 981)
4(931 982 2053 2002)
4(981 2052 2053 982)
4(932 983 2054 2003)
4(982 2053 2054 983)
4(933 984 2055 2004)
4(983 2054 2055 984)
4(934 985 2056 2005)
4(984 2055 2056 985)
4(935 986 2057 2006)
4(985 2056 2057 986)
4(936 987 2058 2007)
4(986 2057 2058 987)
4(937 988 2059 2008)
4(987 2058 2059 988)
4(938 989 2060 2009)
4(988 2059 2060 989)
4(939 990 2061 2010)
4(989 2060 2061 990)
4(940 991 2062 2011)
4(990 2061 2062 991)
4(941 992 2063 2012)
4(991 2062 2063 992)
4(942 993 2064 2013)
4(992 2063 2064 993)
4(943 994 2065 2014)
4(993 2064 2065 994)
4(944 995 2066 2015)
4(994 2065 2066 995)
4(945 996 2067 2016)
4(995 2066 2067 996)
4(946 997 2068 2017)
4(996 2067 2068 997)
4(947 998 2069 2018)
4(997 2068 2069 998)
4(948 999 2070 2019)
4(998 2069 2070 999)
4(949 1000 2071 2020)
4(999 2070 2071 1000)
4(950 1001 2072 2021)
4(1000 2071 2072 1001)
4(951 1002 2073 2022)
4(1001 2072 2073 1002)
4(952 1003 2074 2023)
4(1002 2073 2074 1003)
4(953 1004 2075 2024)
4(1003 2074 2075 1004)
4(954 1005 2076 2025)
4(1004 2075 2076 1005)
4(955 1006 2077 2026)
4(1005 2076 2077 1006)
4(956 1007 2078 2027)
4(1006 2077 2078 1007)
4(957 1008 2079 2028)
4(1007 2078 2079 1008)
4(958 1009 2080 2029)
4(1008 2079 2080 1009)
4(959 1010 2081 2030)
4(1009 2080 2081 1010)
4(960 1011 2082 2031)
4(1010 2081 2082 1011)
4(961 1012 2083 2032)
4(1011 2082 2083 1012)
4(962 1013 2084 2033)
4(1012 2083 2084 1013)
4(963 1014 2085 2034)
4(1013 2084 2085 1014)
4(964 1015 2086 2035)
4(1014 2085 2086 1015)
4(965 1016 2087 2036)
4(1015 2086 2087 1016)
4(966 1017 2088 2037)
4(1016 2087 2088 1017)
4(967 1018 2089 2038)
4(1017 2088 2089 1018)
4(1018 2089 2090 1019)
4(970 1021 2092 2041)
4(971 1022 2093 2042)
4(972 1023 2094 2043)
4(973 1024 2095 2044)
4(974 1025 2096 2045)
4(975 1026 2097 2046)
4(976 1027 2098 2047)
4(977 1028 2099 2048)
4(978 1029 2100 2049)
4(979 1030 2101 2050)
4(980 1031 2102 2051)
4(981 1032 2103 2052)
4(982 1033 2104 2053)
4(983 1034 2105 2054)
4(984 1035 2106 2055)
4(985 1036 2107 2056)
4(986 1037 2108 2057)
4(987 1038 2109 2058)
4(988 1039 2110 2059)
4(989 1040 2111 2060)
4(990 1041 2112 2061)
4(991 1042 2113 2062)
4(992 1043 2114 2063)
4(993 1044 2115 2064)
4(994 1045 2116 2065)
4(995 1046 2117 2066)
4(996 1047 2118 2067)
4(997 1048 2119 2068)
4(998 1049 2120 2069)
4(999 1050 2121 2070)
4(1000 1051 2122 2071)
4(1001 1052 2123 2072)
4(1002 1053 2124 2073)
4(1003 1054 2125 2074)
4(1004 1055 2126 2075)
4(1005 1056 2127 2076)
4(1006 1057 2128 2077)
4(1007 1058 2129 2078)
4(1008 1059 2130 2079)
4(1009 1060 2131 2080)
4(1010 1061 2132 2081)
4(1011 1062 2133 2082)
4(1012 1063 2134 2083)
4(1013 1064 2135 2084)
4(1014 1065 2136 2085)
4(1015 1066 2137 2086)
4(1016 1067 2138 2087)
4(1017 1068 2139 2088)
4(1018 1069 2140 2089)
4(2143 2194 3265 3214)
4(2193 3264 3265 2194)
4(2144 2195 3266 3215)
4(2194 3265 3266 2195)
4(2145 2196 3267 3216)
4(2195 3266 3267 2196)
4(2146 2197 3268 3217)
4(2196 3267 3268 2197)
4(2147 2198 3269 3218)
4(2197 3268 3269 2198)
4(2148 2199 3270 3219)
4(2198 3269 3270 2199)
4(2149 2200 3271 3220)
4(2199 3270 3271 2200)
4(2150 2201 3272 3221)
4(2200 3271 3272 2201)
4(2151 2202 3273 3222)
4(2201 3272 3273 2202)
4(2152 2203 3274 3223)
4(2202 3273 3274 2203)
4(2153 2204 3275 3224)
4(2203 3274 3275 2204)
4(2154 2205 3276 3225)
4(2204 3275 3276 2205)
4(2155 2206 3277 3226)
4(2205 3276 3277 2206)
4(2156 2207 3278 3227)
4(2206 3277 3278 2207)
4(2157 2208 3279 3228)
4(2207 3278 3279 2208)
4(2158 2209 3280 3229)
4(2208 3279 3280 2209)
4(2159 2210 3281 3230)
4(2209 3280 3281 2210)
4(2160 2211 3282 3231)
4(2210 3281 3282 2211)
4(2161 2212 3283 3232)
4(2211 3282 3283 2212)
4(2162 2213 3284 3233)
4(2212 3283 3284 2213)
4(2163 2214 3285 3234)
4(2213 3284 3285 2214)
4(2164 2215 3286 3235)
4(2214 3285 3286 2215)
4(2165 2216 3287 3236)
4(2215 3286 3287 2216)
4(2166 2217 3288 3237)
4(2216 3287 3288 2217)
4(2167 2218 3289 3238)
4(2217 3288 3289 2218)
4(2168 2219 3290 3239)
4(2218 3289 3290 2219)
4(2169 2220 3291 3240)
4(2219 3290 3291 2220)
4(2170 2221 3292 3241)
4(2220 3291 3292 2221)
4(2171 2222 3293 3242)
4(2221 3292 3293 2222)
4(2172 2223 3294 3243)
4(2222 3293 3294 2223)
4(2173 2224 3295 3244)
4(2223 3294 3295 2224)
4(2174 2225 3296 3245)
4(2224 3295 3296 2225)
4(2175 2226 3297 3246)
4(2225 3296 3297 2226)
4(2176 2227 3298 3247)
4(2226 3297 3298 2227)
4(2177 2228 3299 3248)
4(2227 3298 3299 2228)
4(2178 2229 3300 3249)
4(2228 3299 3300 2229)
4(2179 2230 3301 3250)
4(2229 3300 3301 2230)
4(2180 2231 3302 3251)
4(2230 3301 3302 2231)
4(2181 2232 3303 3252)
4(2231 3302 3303 2232)
4(2182 2233 3304 3253)
4(2232 3303 3304 2233)
4(2183 2234 3305 3254)
4(2233 3304 3305 2234)
4(2184 2235 3306 3255)
4(2234 3305 3306 2235)
4(2185 2236 3307 3256)
4(2235 3306 3307 2236)
4(2186 2237 3308 3257)
4(2236 3307 3308 2237)
4(2187 2238 3309 3258)
4(2237 3308 3309 2238)
4(2188 2239 3310 3259)
4(2238 3309 3310 2239)
4(2189 2240 3311 3260)
4(2239 3310 3311 2240)
4(2190 2241 3312 3261)
4(2240 3311 3312 2241)
4(2191 2242 3313 3262)
4(2241 3312 3313 2242)
4(2242 3313 3314 2243)
4(2194 2245 3316 3265)
4(2244 3315 3316 2245)
4(2195 2246 3317 3266)
4(2245 3316 3317 2246)
4(2196 2247 3318 3267)
4(2246 3317 3318 2247)
4(2197 2248 3319 3268)
4(2247 3318 3319 2248)
4(2198 2249 3320 3269)
4(2248 3319 3320 2249)
4(2199 2250 3321 3270)
4(2249 3320 3321 2250)
4(2200 2251 3322 3271)
4(2250 3321 3322 2251)
4(2201 2252 3323 3272)
4(2251 3322 3323 2252)
4(2202 2253 3324 3273)
4(2252 3323 3324 2253)
4(2203 2254 3325 3274)
4(2253 3324 3325 2254)
4(2204 2255 3326 3275)
4(2254 3325 3326 2255)
4(2205 2256 3327 3276)
4(2255 3326 3327 2256)
4(2206 2257 3328 3277)
4(2256 3327 3328 2257)
4(2207 2258 3329 3278)
4(2257 3328 3329 2258)
4(2208 2259 3330 3279)
4(2258 3329 3330 2259)
4(2209 2260 3331 3280)
4(2259 3330 3331 2260)
4(2210 2261 3332 3281)
4(2260 3331 3332 2261)
4(2211 2262 3333 3282)
4(2261 3332 3333 2262)
4(2212 2263 3334 3283)
4(2262 3333 3334 2263)
4(2213 2264 3335 3284)
4(2263 3334 3335 2264)
4(2214 2265 3336 3285)
4(2264 3335 3336 2265)
4(2215 2266 3337 3286)
4(2265 3336 3337 2266)
4(2216 2267 3338 3287)
4(2266 3337 3338 2267)
4(2217 2268 3339 3288)
4(2267 3338 3339 2268)
4(2218 2269 3340 3289)
4(2268 3339 3340 2269)
4(2219 2270 3341 3290)
4(2269 3340 3341 2270)
4(2220 2271 3342 3291)
4(2270 3341 3342 2271)
4(2221 2272 3343 3292)
4(2271 3342 3343 2272)
4(2222 2273 3344 3293)
4(2272 3343 3344 2273)
4(2223 2274 3345 3294)
4(2273 3344 3345 2274)
4(2224 2275 3346 3295)
4(2274 3345 3346 2275)
4(2225 2276 3347 3296)
4(2275 3346 3347 2276)
4(2226 2277 3348 3297)
4(2276 3347 3348 2277)
4(2227 2278 3349 3298)
4(2277 3348 3349 2278)
4(2228 2279 3350 3299)
4(2278 3349 3350 2279)
4(2229 2280 3351 3300)
4(2279 3350 3351 2280)
4(2230 2281 3352 3301)
4(2280 3351 3352 2281)
4(2231 2282 3353 3302)
4(2281 3352 3353 2282)
4(2232 2283 3354 3303)
4(2282 3353 3354 2283)
4(2233 2284 3355 3304)
4(2283 3354 3355 2284)
4(2234 2285 3356 3305)
4(2284 3355 3356 2285)
4(2235 2286 3357 3306)
4(2285 3356 3357 2286)
4(2236 2287 3358 3307)
4(2286 3357 3358 2287)
4(2237 2288 3359 3308)
4(2287 3358 3359 2288)
4(2238 2289 3360 3309)
4(2288 3359 3360 2289)
4(2239 2290 3361 3310)
4(2289 3360 3361 2290)
4(2240 2291 3362 3311)
4(2290 3361 3362 2291)
4(2241 2292 3363 3312)
4(2291 3362 3363 2292)
4(2242 2293 3364 3313)
4(2292 3363 3364 2293)
4(2293 3364 3365 2294)
4(2245 2296 3367 3316)
4(2295 3366 3367 2296)
4(2246 2297 3368 3317)
4(2296 3367 3368 2297)
4(2247 2298 3369 3318)
4(2297 3368 3369 2298)
4(2248 2299 3370 3319)
4(2298 3369 3370 2299)
4(2249 2300 3371 3320)
4(2299 3370 3371 2300)
4(2250 2301 3372 3321)
4(2300 3371 3372 2301)
4(2251 2302 3373 3322)
4(2301 3372 3373 2302)
4(2252 2303 3374 3323)
4(2302 3373 3374 2303)
4(2253 2304 3375 3324)
4(2303 3374 3375 2304)
4(2254 2305 3376 3325)
4(2304 3375 3376 2305)
4(2255 2306 3377 3326)
4(2305 3376 3377 2306)
4(2256 2307 3378 3327)
4(2306 3377 3378 2307)
4(2257 2308 3379 3328)
4(2307 3378 3379 2308)
4(2258 2309 3380 3329)
4(2308 3379 3380 2309)
4(2259 2310 3381 3330)
4(2309 3380 3381 2310)
4(2260 2311 3382 3331)
4(2310 3381 3382 2311)
4(2261 2312 3383 3332)
4(2311 3382 3383 2312)
4(2262 2313 3384 3333)
4(2312 3383 3384 2313)
4(2263 2314 3385 3334)
4(2313 3384 3385 2314)
4(2264 2315 3386 3335)
4(2314 3385 3386 2315)
4(2265 2316 3387 3336)
4(2315 3386 3387 2316)
4(2266 2317 3388 3337)
4(2316 3387 3388 2317)
4(2267 2318 3389 3338)
4(2317 3388 3389 2318)
4(2268 2319 3390 3339)
4(2318 3389 3390 2319)
4(2269 2320 3391 3340)
4(2319 3390 3391 2320)
4(2270 2321 3392 3341)
4(2320 3391 3392 2321)
4(2271 2322 3393 3342)
4(2321 3392 3393 2322)
4(2272 2323 3394 3343)
4(2322 3393 3394 2323)
4(2273 2324 3395 3344)
4(2323 3394 3395 2324)
4(2274 2325 3396 3345)
4(2324 3395 3396 2325)
4(2275 2326 3397 3346)
4(2325 3396 3397 2326)
4(2276 2327 3398 3347)
4(2326 3397 3398 2327)
4(2277 2328 3399 3348)
4(2327 3398 3399 2328)
4(2278 2329 3400 3349)
4(2328 3399 3400 2329)
4(2279 2330 3401 3350)
4(2329 3400 3401 2330)
4(2280 2331 3402 3351)
4(2330 3401 3402 2331)
4(2281 2332 3403 3352)
4(2331 3402 3403 2332)
4(2282 2333 3404 3353)
4(2332 3403 3404 2333)
4(2283 2334 3405 3354)
4(2333 3404 3405 2334)
4(2284 2335 3406 3355)
4(2334 3405 3406 2335)
4(2285 2336 3407 3356)
4(2335 3406 3407 2336)
4(2286 2337 3408 3357)
4(2336 3407 3408 2337)
4(2287 2338 3409 3358)
4(2337 3408 3409 2338)
4(2288 2339 3410 3359)
4(2338 3409 3410 2339)
4(2289 2340 3411 3360)
4(2339 3410 3411 2340)
4(2290 2341 3412 3361)
4(2340 3411 3412 2341)
4(2291 2342 3413 3362)
4(2341 3412 3413 2342)
4(2292 2343 3414 3363)
4(2342 3413 3414 2343)
4(2293 2344 3415 3364)
4(2343 3414 3415 2344)
4(2344 3415 3416 2345)
4(2296 2347 3418 3367)
4(2346 3417 3418 2347)
4(2297 2348 3419 3368)
4(2347 3418 3419 2348)
4(2298 2349 3420 3369)
4(2348 3419 3420 2349)
4(2299 2350 3421 3370)
4(2349 3420 3421 2350)
4(2300 2351 3422 3371)
4(2350 3421 3422 2351)
4(2301 2352 3423 3372)
4(2351 3422 3423 2352)
4(2302 2353 3424 3373)
4(2352 3423 3424 2353)
4(2303 2354 3425 3374)
4(2353 3424 3425 2354)
4(2304 2355 3426 3375)
4(2354 3425 3426 2355)
4(2305 2356 3427 3376)
4(2355 3426 3427 2356)
4(2306 2357 3428 3377)
4(2356 3427 3428 2357)
4(2307 2358 3429 3378)
4(2357 3428 3429 2358)
4(2308 2359 3430 3379)
4(2358 3429 3430 2359)
4(2309 2360 3431 3380)
4(2359 3430 3431 2360)
4(2310 2361 3432 3381)
4(2360 3431 3432 2361)
4(2311 2362 3433 3382)
4(2361 3432 3433 2362)
4(2312 2363 3434 3383)
4(2362 3433 3434 2363)
4(2313 2364 3435 3384)
4(2363 3434 3435 2364)
4(2314 2365 3436 3385)
4(2364 3435 3436 2365)
4(2315 2366 3437 3386)
4(2365 3436 3437 2366)
4(2316 2367 3438 3387)
4(2366 3437 3438 2367)
4(2317 2368 3439 3388)
4(2367 3438 3439 2368)
4(2318 2369 3440 3389)
4(2368 3439 3440 2369)
4(2319 2370 3441 3390)
4(2369 3440 3441 2370)
4(2320 2371 3442 3391)
4(2370 3441 3442 2371)
4(2321 2372 3443 3392)
4(2371 3442 3443 2372)
4(2322 2373 3444 3393)
4(2372 3443 3444 2373)
4(2323 2374 3445 3394)
4(2373 3444 3445 2374)
4(2324 2375 3446 3395)
4(2374 3445 3446 2375)
4(2325 2376 3447 3396)
4(2375 3446 3447 2376)
4(2326 2377 3448 3397)
4(2376 3447 3448 2377)
4(2327 2378 3449 3398)
4(2377 3448 3449 2378)
4(2328 2379 3450 3399)
4(2378 3449 3450 2379)
4(2329 2380 3451 3400)
4(2379 3450 3451 2380)
4(2330 2381 3452 3401)
4(2380 3451 3452 2381)
4(2331 2382 3453 3402)
4(2381 3452 3453 2382)
4(2332 2383 3454 3403)
4(2382 3453 3454 2383)
4(2333 2384 3455 3404)
4(2383 3454 3455 2384)
4(2334 2385 3456 3405)
4(2384 3455 3456 2385)
4(2335 2386 3457 3406)
4(2385 3456 3457 2386)
4(2336 2387 3458 3407)
4(2386 3457 3458 2387)
4(2337 2388 3459 3408)
4(2387 3458 3459 2388)
4(2338 2389 3460 3409)
4(2388 3459 3460 2389)
4(2339 2390 3461 3410)
4(2389 3460 3461 2390)
4(2340 2391 3462 3411)
4(2390 3461 3462 2391)
4(2341 2392 3463 3412)
4(2391 3462 3463 2392)
4(2342 2393 3464 3413)
4(2392 3463 3464 2393)
4(2343 2394 3465 3414)
4(2393 3464 3465 2394)
4(2344 2395 3466 3415)
4(2394 3465 3466 2395)
4(2395 3466 3467 2396)
4(2347 2398 3469 3418)
4(2397 3468 3469 2398)
4(2348 2399 3470 3419)
4(2398 3469 3470 2399)
4(2349 2400 3471 3420)
4(2399 3470 3471 2400)
4(2350 2401 3472 3421)
4(2400 3471 3472 2401)
4(2351 2402 3473 3422)
4(2401 3472 3473 2402)
4(2352 2403 3474 3423)
4(2402 3473 3474 2403)
4(2353 2404 3475 3424)
4(2403 3474 3475 2404)
4(2354 2405 3476 3425)
4(2404 3475 3476 2405)
4(2355 2406 3477 3426)
4(2405 3476 3477 2406)
4(2356 2407 3478 3427)
4(2406 3477 3478 2407)
4(2357 2408 3479 3428)
4(2407 3478 3479 2408)
4(2358 2409 3480 3429)
4(2408 3479 3480 2409)
4(2359 2410 3481 3430)
4(2409 3480 3481 2410)
4(2360 2411 3482 3431)
4(2410 3481 3482 2411)
4(2361 2412 3483 3432)
4(2411 3482 3483 2412)
4(2362 2413 3484 3433)
4(2412 3483 3484 2413)
4(2363 2414 3485 3434)
4(2413 3484 3485 2414)
4(2364 2415 3486 3435)
4(2414 3485 3486 2415)
4(2365 2416 3487 3436)
4(2415 3486 3487 2416)
4(2366 2417 3488 3437)
4(2416 3487 3488 2417)
4(2367 2418 3489 3438)
4(2417 3488 3489 2418)
4(2368 2419 3490 3439)
4(2418 3489 3490 2419)
4(2369 2420 3491 3440)
4(2419 3490 3491 2420)
4(2370 2421 3492 3441)
4(2420 3491 3492 2421)
4(2371 2422 3493 3442)
4(2421 3492 3493 2422)
4(2372 2423 3494 3443)
4(2422 3493 3494 2423)
4(2373 2424 3495 3444)
4(2423 3494 3495 2424)
4(2374 2425 3496 3445)
4(2424 3495 3496 2425)
4(2375 2426 3497 3446)
4(2425 3496 3497 2426)
4(2376 2427 3498 3447)
4(2426 3497 3498 2427)
4(2377 2428 3499 3448)
4(2427 3498 3499 2428)
4(2378 2429 3500 3449)
4(2428 3499 3500 2429)
4(2379 2430 3501 3450)
4(2429 3500 3501 2430)
4(2380 2431 3502 3451)
4(2430 3501 3502 2431)
4(2381 2432 3503 3452)
4(2431 3502 3503 2432)
4(2382 2433 3504 3453)
4(2432 3503 3504 2433)
4(2383 2434 3505 3454)
4(2433 3504 3505 2434)
4(2384 2435 3506 3455)
4(2434 3505 3506 2435)
4(2385 2436 3507 3456)
4(2435 3506 3507 2436)
4(2386 2437 3508 3457)
4(2436 3507 3508 2437)
4(2387 2438 3509 3458)
4(2437 3508 3509 2438)
4(2388 2439 3510 3459)
4(2438 3509 3510 2439)
4(2389 2440 3511 3460)
4(2439 3510 3511 2440)
4(2390 2441 3512 3461)
4(2440 3511 3512 2441)
4(2391 2442 3513 3462)
4(2441 3512 3513 2442)
4(2392 2443 3514 3463)
4(2442 3513 3514 2443)
4(2393 2444 3515 3464)
4(2443 3514 3515 2444)
4(2394 2445 3516 3465)
4(2444 3515 3516 2445)
4(2395 2446 3517 3466)
4(2445 3516 3517 2446)
4(2446 3517 3518 2447)
4(2398 2449 3520 3469)
4(2448 3519 3520 2449)
4(2399 2450 3521 3470)
4(2449 3520 3521 2450)
4(2400 2451 3522 3471)
4(2450 3521 3522 2451)
4(2401 2452 3523 3472)
4(2451 3522 3523 2452)
4(2402 2453 3524 3473)
4(2452 3523 3524 2453)
4(2403 2454 3525 3474)
4(2453 3524 3525 2454)
4(2404 2455 3526 3475)
4(2454 3525 3526 2455)
4(2405 2456 3527 3476)
4(2455 3526 3527 2456)
4(2406 2457 3528 3477)
4(2456 3527 3528 2457)
4(2407 2458 3529 3478)
4(2457 3528 3529 2458)
4(2408 2459 3530 3479)
4(2458 3529 3530 2459)
4(2409 2460 3531 3480)
4(2459 3530 3531 2460)
4(2410 2461 3532 3481)
4(2460 3531 3532 2461)
4(2411 2462 3533 3482)
4(2461 3532 3533 2462)
4(2412 2463 3534 3483)
4(2462 3533 3534 2463)
4(2413 2464 3535 3484)
4(2463 3534 3535 2464)
4(2414 2465 3536 3485)
4(2464 3535 3536 2465)
4(2415 2466 3537 3486)
4(2465 3536 3537 2466)
4(2416 2467 3538 3487)
4(2466 3537 3538 2467)
4(2417 2468 3539 3488)
4(2467 3538 3539 2468)
4(2418 2469 3540 3489)
4(2468 3539 3540 2469)
4(2419 2470 3541 3490)
4(2469 3540 3541 2470)
4(2420 2471 3542 3491)
4(2470 3541 3542 2471)
4(2421 2472 3543 3492)
4(2471 3542 3543 2472)
4(2422 2473 3544 3493)
4(2472 3543 3544 2473)
4(2423 2474 3545 3494)
4(2473 3544 3545 2474)
4(2424 2475 3546 3495)
4(2474 3545 3546 2475)
4(2425 2476 3547 3496)
4(2475 3546 3547 2476)
4(2426 2477 3548 3497)
4(2476 3547 3548 2477)
4(2427 2478 3549 3498)
4(2477 3548 3549 2478)
4(2428 2479 3550 3499)
4(2478 3549 3550 2479)
4(2429 2480 3551 3500)
4(2479 3550 3551 2480)
4(2430 2481 3552 3501)
4(2480 3551 3552 2481)
4(2431 2482 3553 3502)
4(2481 3552 3553 2482)
4(2432 2483 3554 3503)
4(2482 3553 3554 2483)
4(2433 2484 3555 3504)
4(2483 3554 3555 2484)
4(2434 2485 3556 3505)
4(2484 3555 3556 2485)
4(2435 2486 3557 3506)
4(2485 3556 3557 2486)
4(2436 2487 3558 3507)
4(2486 3557 3558 2487)
4(2437 2488 3559 3508)
4(2487 3558 3559 2488)
4(2438 2489 3560 3509)
4(2488 3559 3560 2489)
4(2439 2490 3561 3510)
4(2489 3560 3561 2490)
4(2440 2491 3562 3511)
4(2490 3561 3562 2491)
4(2441 2492 3563 3512)
4(2491 3562 3563 2492)
4(2442 2493 3564 3513)
4(2492 3563 3564 2493)
4(2443 2494 3565 3514)
4(2493 3564 3565 2494)
4(2444 2495 3566 3515)
4(2494 3565 3566 2495)
4(2445 2496 3567 3516)
4(2495 3566 3567 2496)
4(2446 2497 3568 3517)
4(2496 3567 3568 2497)
4(2497 3568 3569 2498)
4(2449 2500 3571 3520)
4(2499 3570 3571 2500)
4(2450 2501 3572 3521)
4(2500 3571 3572 2501)
4(2451 2502 3573 3522)
4(2501 3572 3573 2502)
4(2452 2503 3574 3523)
4(2502 3573 3574 2503)
4(2453 2504 3575 3524)
4(2503 3574 3575 2504)
4(2454 2505 3576 3525)
4(2504 3575 3576 2505)
4(2455 2506 3577 3526)
4(2505 3576 3577 2506)
4(2456 2507 3578 3527)
4(2506 3577 3578 2507)
4(2457 2508 3579 3528)
4(2507 3578 3579 2508)
4(2458 2509 3580 3529)
4(2508 3579 3580 2509)
4(2459 2510 3581 3530)
4(2509 3580 3581 2510)
4(2460 2511 3582 3531)
4(2510 3581 3582 2511)
4(2461 2512 3583 3532)
4(2511 3582 3583 2512)
4(2462 2513 3584 3533)
4(2512 3583 3584 2513)
4(2463 2514 3585 3534)
4(2513 3584 3585 2514)
4(2464 2515 3586 3535)
4(2514 3585 3586 2515)
4(2465 2516 3587 3536)
4(2515 3586 3587 2516)
4(2466 2517 3588 3537)
4(2516 3587 3588 2517)
4(2467 2518 3589 3538)
4(2517 3588 3589 2518)
4(2468 2519 3590 3539)
4(2518 3589 3590 2519)
4(2469 2520 3591 3540)
4(2519 3590 3591 2520)
4(2470 2521 3592 3541)
4(2520 3591 3592 2521)
4(2471 2522 3593 3542)
4(2521 3592 3593 2522)
4(2472 2523 3594 3543)
4(2522 3593 3594 2523)
4(2473 2524 3595 3544)
4(2523 3594 3595 2524)
4(2474 2525 3596 3545)
4(2524 3595 3596 2525)
4(2475 2526 3597 3546)
4(2525 3596 3597 2526)
4(2476 2527 3598 3547)
4(2526 3597 3598 2527)
4(2477 2528 3599 3548)
4(2527 3598 3599 2528)
4(2478 2529 3600 3549)
4(2528 3599 3600 2529)
4(2479 2530 3601 3550)
4(2529 3600 3601 2530)
4(2480 2531 3602 3551)
4(2530 3601 3602 2531)
4(2481 2532 3603 3552)
4(2531 3602 3603 2532)
4(2482 2533 3604 3553)
4(2532 3603 3604 2533)
4(2483 2534 3605 3554)
4(2533 3604 3605 2534)
4(2484 2535 3606 3555)
4(2534 3605 3606 2535)
4(2485 2536 3607 3556)
4(2535 3606 3607 2536)
4(2486 2537 3608 3557)
4(2536 3607 3608 2537)
4(2487 2538 3609 3558)
4(2537 3608 3609 2538)
4(2488 2539 3610 3559)
4(2538 3609 3610 2539)
4(2489 2540 3611 3560)
4(2539 3610 3611 2540)
4(2490 2541 3612 3561)
4(2540 3611 3612 2541)
4(2491 2542 3613 3562)
4(2541 3612 3613 2542)
4(2492 2543 3614 3563)
4(2542 3613 3614 2543)
4(2493 2544 3615 3564)
4(2543 3614 3615 2544)
4(2494 2545 3616 3565)
4(2544 3615 3616 2545)
4(2495 2546 3617 3566)
4(2545 3616 3617 2546)
4(2496 2547 3618 3567)
4(2546 3617 3618 2547)
4(2497 2548 3619 3568)
4(2547 3618 3619 2548)
4(2548 3619 3620 2549)
4(2500 2551 3622 3571)
4(2550 3621 3622 2551)
4(2501 2552 3623 3572)
4(2551 3622 3623 2552)
4(2502 2553 3624 3573)
4(2552 3623 3624 2553)
4(2503 2554 3625 3574)
4(2553 3624 3625 2554)
4(2504 2555 3626 3575)
4(2554 3625 3626 2555)
4(2505 2556 3627 3576)
4(2555 3626 3627 2556)
4(2506 2557 3628 3577)
4(2556 3627 3628 2557)
4(2507 2558 3629 3578)
4(2557 3628 3629 2558)
4(2508 2559 3630 3579)
4(2558 3629 3630 2559)
4(2509 2560 3631 3580)
4(2559 3630 3631 2560)
4(2510 2561 3632 3581)
4(2560 3631 3632 2561)
4(2511 2562 3633 3582)
4(2561 3632 3633 2562)
4(2512 2563 3634 3583)
4(2562 3633 3634 2563)
4(2513 2564 3635 3584)
4(2563 3634 3635 2564)
4(2514 2565 3636 3585)
4(2564 3635 3636 2565)
4(2515 2566 3637 3586)
4(2565 3636 3637 2566)
4(2516 2567 3638 3587)
4(2566 3637 3638 2567)
4(2517 2568 3639 3588)
4(2567 3638 3639 2568)
4(2518 2569 3640 3589)
4(2568 3639 3640 2569)
4(2519 2570 3641 3590)
4(2569 3640 3641 2570)
4(2520 2571 3642 3591)
4(2570 3641 3642 2571)
4(2521 2572 3643 3592)
4(2571 3642 3643 2572)
4(2522 2573 3644 3593)
4(2572 3643 3644 2573)
4(2523 2574 3645 3594)
4(2573 3644 3645 2574)
4(2524 2575 3646 3595)
4(2574 3645 3646 2575)
4(2525 2576 3647 3596)
4(2575 3646 3647 2576)
4(2526 2577 3648 3597)
4(2576 3647 3648 2577)
4(2527 2578 3649 3598)
4(2577 3648 3649 2578)
4(2528 2579 3650 3599)
4(2578 3649 3650 2579)
4(2529 2580 3651 3600)
4(2579 3650 3651 2580)
4(2530 2581 3652 3601)
4(2580 3651 3652 2581)
4(2531 2582 3653 3602)
4(2581 3652 3653 2582)
4(2532 2583 3654 3603)
4(2582 3653 3654 2583)
4(2533 2584 3655 3604)
4(2583 3654 3655 2584)
4(2534 2585 3656 3605)
4(2584 3655 3656 2585)
4(2535 2586 3657 3606)
4(2585 3656 3657 2586)
4(2536 2587 3658 3607)
4(2586 3657 3658 2587)
4(2537 2588 3659 3608)
4(2587 3658 3659 2588)
4(2538 2589 3660 3609)
4(2588 3659 3660 2589)
4(2539 2590 3661 3610)
4(2589 3660 3661 2590)
4(2540 2591 3662 3611)
4(2590 3661 3662 2591)
4(2541 2592 3663 3612)
4(2591 3662 3663 2592)
4(2542 2593 3664 3613)
4(2592 3663 3664 2593)
4(2543 2594 3665 3614)
4(2593 3664 3665 2594)
4(2544 2595 3666 3615)
4(2594 3665 3666 2595)
4(2545 2596 3667 3616)
4(2595 3666 3667 2596)
4(2546 2597 3668 3617)
4(2596 3667 3668 2597)
4(2547 2598 3669 3618)
4(2597 3668 3669 2598)
4(2548 2599 3670 3619)
4(2598 3669 3670 2599)
4(2599 3670 3671 2600)
4(2551 2602 3673 3622)
4(2601 3672 3673 2602)
4(2552 2603 3674 3623)
4(2602 3673 3674 2603)
4(2553 2604 3675 3624)
4(2603 3674 3675 2604)
4(2554 2605 3676 3625)
4(2604 3675 3676 2605)
4(2555 2606 3677 3626)
4(2605 3676 3677 2606)
4(2556 2607 3678 3627)
4(2606 3677 3678 2607)
4(2557 2608 3679 3628)
4(2607 3678 3679 2608)
4(2558 2609 3680 3629)
4(2608 3679 3680 2609)
4(2559 2610 3681 3630)
4(2609 3680 3681 2610)
4(2560 2611 3682 3631)
4(2610 3681 3682 2611)
4(2561 2612 3683 3632)
4(2611 3682 3683 2612)
4(2562 2613 3684 3633)
4(2612 3683 3684 2613)
4(2563 2614 3685 3634)
4(2613 3684 3685 2614)
4(2564 2615 3686 3635)
4(2614 3685 3686 2615)
4(2565 2616 3687 3636)
4(2615 3686 3687 2616)
4(2566 2617 3688 3637)
4(2616 3687 3688 2617)
4(2567 2618 3689 3638)
4(2617 3688 3689 2618)
4(2568 2619 3690 3639)
4(2618 3689 3690 2619)
4(2569 2620 3691 3640)
4(2619 3690 3691 2620)
4(2570 2621 3692 3641)
4(2620 3691 3692 2621)
4(2571 2622 3693 3642)
4(2621 3692 3693 2622)
4(2572 2623 3694 3643)
4(2622 3693 3694 2623)
4(2573 2624 3695 3644)
4(2623 3694 3695 2624)
4(2574 2625 3696 3645)
4(2624 3695 3696 2625)
4(2575 2626 3697 3646)
4(2625 3696 3697 2626)
4(2576 2627 3698 3647)
4(2626 3697 3698 2627)
4(2577 2628 3699 3648)
4(2627 3698 3699 2628)
4(2578 2629 3700 3649)
4(2628 3699 3700 2629)
4(2579 2630 3701 3650)
4(2629 3700 3701 2630)
4(2580 2631 3702 3651)
4(2630 3701 3702 2631)
4(2581 2632 3703 3652)
4(2631 3702 3703 2632)
4(2582 2633 3704 3653)
4(2632 3703 3704 2633)
4(2583 2634 3705 3654)
4(2633 3704 3705 2634)
4(2584 2635 3706 3655)
4(2634 3705 3706 2635)
4(2585 2636 3707 3656)
4(2635 3706 3707 2636)
4(2586 2637 3708 3657)
4(2636 3707 3708 2637)
4(2587 2638 3709 3658)
4(2637 3708 3709 2638)
4(2588 2639 3710 3659)
4(2638 3709 3710 2639)
4(2589 2640 3711 3660)
4(2639 3710 3711 2640)
4(2590 2641 3712 3661)
4(2640 3711 3712 2641)
4(2591 2642 3713 3662)
4(2641 3712 3713 2642)
4(2592 2643 3714 3663)
4(2642 3713 3714 2643)
4(2593 2644 3715 3664)
4(2643 3714 3715 2644)
4(2594 2645 3716 3665)
4(2644 3715 3716 2645)
4(2595 2646 3717 3666)
4(2645 3716 3717 2646)
4(2596 2647 3718 3667)
4(2646 3717 3718 2647)
4(2597 2648 3719 3668)
4(2647 3718 3719 2648)
4(2598 2649 3720 3669)
4(2648 3719 3720 2649)
4(2599 2650 3721 3670)
4(2649 3720 3721 2650)
4(2650 3721 3722 2651)
4(2602 2653 3724 3673)
4(2652 3723 3724 2653)
4(2603 2654 3725 3674)
4(2653 3724 3725 2654)
4(2604 2655 3726 3675)
4(2654 3725 3726 2655)
4(2605 2656 3727 3676)
4(2655 3726 3727 2656)
4(2606 2657 3728 3677)
4(2656 3727 3728 2657)
4(2607 2658 3729 3678)
4(2657 3728 3729 2658)
4(2608 2659 3730 3679)
4(2658 3729 3730 2659)
4(2609 2660 3731 3680)
4(2659 3730 3731 2660)
4(2610 2661 3732 3681)
4(2660 3731 3732 2661)
4(2611 2662 3733 3682)
4(2661 3732 3733 2662)
4(2612 2663 3734 3683)
4(2662 3733 3734 2663)
4(2613 2664 3735 3684)
4(2663 3734 3735 2664)
4(2614 2665 3736 3685)
4(2664 3735 3736 2665)
4(2615 2666 3737 3686)
4(2665 3736 3737 2666)
4(2616 2667 3738 3687)
4(2666 3737 3738 2667)
4(2617 2668 3739 3688)
4(2667 3738 3739 2668)
4(2618 2669 3740 3689)
4(2668 3739 3740 2669)
4(2619 2670 3741 3690)
4(2669 3740 3741 2670)
4(2620 2671 3742 3691)
4(2670 3741 3742 2671)
4(2621 2672 3743 3692)
4(2671 3742 3743 2672)
4(2622 2673 3744 3693)
4(2672 3743 3744 2673)
4(2623 2674 3745 3694)
4(2673 3744 3745 2674)
4(2624 2675 3746 3695)
4(2674 3745 3746 2675)
4(2625 2676 3747 3696)
4(2675 3746 3747 2676)
4(2626 2677 3748 3697)
4(2676 3747 3748 2677)
4(2627 2678 3749 3698)
4(2677 3748 3749 2678)
4(2628 2679 3750 3699)
4(2678 3749 3750 2679)
4(2629 2680 3751 3700)
4(2679 3750 3751 2680)
4(2630 2681 3752 3701)
4(2680 3751 3752 2681)
4(2631 2682 3753 3702)
4(2681 3752 3753 2682)
4(2632 2683 3754 3703)
4(2682 3753 3754 2683)
4(2633 2684 3755 3704)
4(2683 3754 3755 2684)
4(2634 2685 3756 3705)
4(2684 3755 3756 2685)
4(2635 2686 3757 3706)
4(2685 3756 3757 2686)
4(2636 2687 3758 3707)
4(2686 3757 3758 2687)
4(2637 2688 3759 3708)
4(2687 3758 3759 2688)
4(2638 2689 3760 3709)
4(2688 3759 3760 2689)
4(2639 2690 3761 3710)
4(2689 3760 3761 2690)
4(2640 2691 3762 3711)
4(2690 3761 3762 2691)
4(2641 2692 3763 3712)
4(2691 3762 3763 2692)
4(2642 2693 3764 3713)
4(2692 3763 3764 2693)
4(2643 2694 3765 3714)
4(2693 3764 3765 2694)
4(2644 2695 3766 3715)
4(2694 3765 3766 2695)
4(2645 2696 3767 3716)
4(2695 3766 3767 2696)
4(2646 2697 3768 3717)
4(2696 3767 3768 2697)
4(2647 2698 3769 3718)
4(2697 3768 3769 2698)
4(2648 2699 3770 3719)
4(2698 3769 3770 2699)
4(2649 2700 3771 3720)
4(2699 3770 3771 2700)
4(2650 2701 3772 3721)
4(2700 3771 3772 2701)
4(2701 3772 3773 2702)
4(2653 2704 3775 3724)
4(2703 3774 3775 2704)
4(2654 2705 3776 3725)
4(2704 3775 3776 2705)
4(2655 2706 3777 3726)
4(2705 3776 3777 2706)
4(2656 2707 3778 3727)
4(2706 3777 3778 2707)
4(2657 2708 3779 3728)
4(2707 3778 3779 2708)
4(2658 2709 3780 3729)
4(2708 3779 3780 2709)
4(2659 2710 3781 3730)
4(2709 3780 3781 2710)
4(2660 2711 3782 3731)
4(2710 3781 3782 2711)
4(2661 2712 3783 3732)
4(2711 3782 3783 2712)
4(2662 2713 3784 3733)
4(2712 3783 3784 2713)
4(2663 2714 3785 3734)
4(2713 3784 3785 2714)
4(2664 2715 3786 3735)
4(2714 3785 3786 2715)
4(2665 2716 3787 3736)
4(2715 3786 3787 2716)
4(2666 2717 3788 3737)
4(2716 3787 3788 2717)
4(2667 2718 3789 3738)
4(2717 3788 3789 2718)
4(2668 2719 3790 3739)
4(2718 3789 3790 2719)
4(2669 2720 3791 3740)
4(2719 3790 3791 2720)
4(2670 2721 3792 3741)
4(2720 3791 3792 2721)
4(2671 2722 3793 3742)
4(2721 3792 3793 2722)
4(2672 2723 3794 3743)
4(2722 3793 3794 2723)
4(2673 2724 3795 3744)
4(2723 3794 3795 2724)
4(2674 2725 3796 3745)
4(2724 3795 3796 2725)
4(2675 2726 3797 3746)
4(2725 3796 3797 2726)
4(2676 2727 3798 3747)
4(2726 3797 3798 2727)
4(2677 2728 3799 3748)
4(2727 3798 3799 2728)
4(2678 2729 3800 3749)
4(2728 3799 3800 2729)
4(2679 2730 3801 3750)
4(2729 3800 3801 2730)
4(2680 2731 3802 3751)
4(2730 3801 3802 2731)
4(2681 2732 3803 3752)
4(2731 3802 3803 2732)
4(2682 2733 3804 3753)
4(2732 3803 3804 2733)
4(2683 2734 3805 3754)
4(2733 3804 3805 2734)
4(2684 2735 3806 3755)
4(2734 3805 3806 2735)
4(2685 2736 3807 3756)
4(2735 3806 3807 2736)
4(2686 2737 3808 3757)
4(2736 3807 3808 2737)
4(2687 2738 3809 3758)
4(2737 3808 3809 2738)
4(2688 2739 3810 3759)
4(2738 3809 3810 2739)
4(2689 2740 3811 3760)
4(2739 3810 3811 2740)
4(2690 2741 3812 3761)
4(2740 3811 3812 2741)
4(2691 2742 3813 3762)
4(2741 3812 3813 2742)
4(2692 2743 3814 3763)
4(2742 3813 3814 2743)
4(2693 2744 3815 3764)
4(2743 3814 3815 2744)
4(2694 2745 3816 3765)
4(2744 3815 3816 2745)
4(2695 2746 3817 3766)
4(2745 3816 3817 2746)
4(2696 2747 3818 3767)
4(2746 3817 3818 2747)
4(2697 2748 3819 3768)
4(2747 3818 3819 2748)
4(2698 2749 3820 3769)
4(2748 3819 3820 2749)
4(2699 2750 3821 3770)
4(2749 3820 3821 2750)
4(2700 2751 3822 3771)
4(2750 3821 3822 2751)
4(2701 2752 3823 3772)
4(2751 3822 3823 2752)
4(2752 3823 3824 2753)
4(2704 2755 3826 3775)
4(2754 3825 3826 2755)
4(2705 2756 3827 3776)
4(2755 3826 3827 2756)
4(2706 2757 3828 3777)
4(2756 3827 3828 2757)
4(2707 2758 3829 3778)
4(2757 3828 3829 2758)
4(2708 2759 3830 3779)
4(2758 3829 3830 2759)
4(2709 2760 3831 3780)
4(2759 3830 3831 2760)
4(2710 2761 3832 3781)
4(2760 3831 3832 2761)
4(2711 2762 3833 3782)
4(2761 3832 3833 2762)
4(2712 2763 3834 3783)
4(2762 3833 3834 2763)
4(2713 2764 3835 3784)
4(2763 3834 3835 2764)
4(2714 2765 3836 3785)
4(2764 3835 3836 2765)
4(2715 2766 3837 3786)
4(2765 3836 3837 2766)
4(2716 2767 3838 3787)
4(2766 3837 3838 2767)
4(2717 2768 3839 3788)
4(2767 3838 3839 2768)
4(2718 2769 3840 3789)
4(2768 3839 3840 2769)
4(2719 2770 3841 3790)
4(2769 3840 3841 2770)
4(2720 2771 3842 3791)
4(2770 3841 3842 2771)
4(2721 2772 3843 3792)
4(2771 3842 3843 2772)
4(2722 2773 3844 3793)
4(2772 3843 3844 2773)
4(2723 2774 3845 3794)
4(2773 3844 3845 2774)
4(2724 2775 3846 3795)
4(2774 3845 3846 2775)
4(2725 2776 3847 3796)
4(2775 3846 3847 2776)
4(2726 2777 3848 3797)
4(2776 3847 3848 2777)
4(2727 2778 3849 3798)
4(2777 3848 3849 2778)
4(2728 2779 3850 3799)
4(2778 3849 3850 2779)
4(2729 2780 3851 3800)
4(2779 3850 3851 2780)
4(2730 2781 3852 3801)
4(2780 3851 3852 2781)
4(2731 2782 3853 3802)
4(2781 3852 3853 2782)
4(2732 2783 3854 3803)
4(2782 3853 3854 2783)
4(2733 2784 3855 3804)
4(2783 3854 3855 2784)
4(2734 2785 3856 3805)
4(2784 3855 3856 2785)
4(2735 2786 3857 3806)
4(2785 3856 3857 2786)
4(2736 2787 3858 3807)
4(2786 3857 3858 2787)
4(2737 2788 3859 3808)
4(2787 3858 3859 2788)
4(2738 2789 3860 3809)
4(2788 3859 3860 2789)
4(2739 2790 3861 3810)
4(2789 3860 3861 2790)
4(2740 2791 3862 3811)
4(2790 3861 3862 2791)
4(2741 2792 3863 3812)
4(2791 3862 3863 2792)
4(2742 2793 3864 3813)
4(2792 3863 3864 2793)
4(2743 2794 3865 3814)
4(2793 3864 3865 2794)
4(2744 2795 3866 3815)
4(2794 3865 3866 2795)
4(2745 2796 3867 3816)
4(2795 3866 3867 2796)
4(2746 2797 3868 3817)
4(2796 3867 3868 2797)
4(2747 2798 3869 3818)
4(2797 3868 3869 2798)
4(2748 2799 3870 3819)
4(2798 3869 3870 2799)
4(2749 2800 3871 3820)
4(2799 3870 3871 2800)
4(2750 2801 3872 3821)
4(2800 3871 3872 2801)
4(2751 2802 3873 3822)
4(2801 3872 3873 2802)
4(2752 2803 3874 3823)
4(2802 3873 3874 2803)
4(2803 3874 3875 2804)
4(2755 2806 3877 3826)
4(2805 3876 3877 2806)
4(2756 2807 3878 3827)
4(2806 3877 3878 2807)
4(2757 2808 3879 3828)
4(2807 3878 3879 2808)
4(2758 2809 3880 3829)
4(2808 3879 3880 2809)
4(2759 2810 3881 3830)
4(2809 3880 3881 2810)
4(2760 2811 3882 3831)
4(2810 3881 3882 2811)
4(2761 2812 3883 3832)
4(2811 3882 3883 2812)
4(2762 2813 3884 3833)
4(2812 3883 3884 2813)
4(2763 2814 3885 3834)
4(2813 3884 3885 2814)
4(2764 2815 3886 3835)
4(2814 3885 3886 2815)
4(2765 2816 3887 3836)
4(2815 3886 3887 2816)
4(2766 2817 3888 3837)
4(2816 3887 3888 2817)
4(2767 2818 3889 3838)
4(2817 3888 3889 2818)
4(2768 2819 3890 3839)
4(2818 3889 3890 2819)
4(2769 2820 3891 3840)
4(2819 3890 3891 2820)
4(2770 2821 3892 3841)
4(2820 3891 3892 2821)
4(2771 2822 3893 3842)
4(2821 3892 3893 2822)
4(2772 2823 3894 3843)
4(2822 3893 3894 2823)
4(2773 2824 3895 3844)
4(2823 3894 3895 2824)
4(2774 2825 3896 3845)
4(2824 3895 3896 2825)
4(2775 2826 3897 3846)
4(2825 3896 3897 2826)
4(2776 2827 3898 3847)
4(2826 3897 3898 2827)
4(2777 2828 3899 3848)
4(2827 3898 3899 2828)
4(2778 2829 3900 3849)
4(2828 3899 3900 2829)
4(2779 2830 3901 3850)
4(2829 3900 3901 2830)
4(2780 2831 3902 3851)
4(2830 3901 3902 2831)
4(2781 2832 3903 3852)
4(2831 3902 3903 2832)
4(2782 2833 3904 3853)
4(2832 3903 3904 2833)
4(2783 2834 3905 3854)
4(2833 3904 3905 2834)
4(2784 2835 3906 3855)
4(2834 3905 3906 2835)
4(2785 2836 3907 3856)
4(2835 3906 3907 2836)
4(2786 2837 3908 3857)
4(2836 3907 3908 2837)
4(2787 2838 3909 3858)
4(2837 3908 3909 2838)
4(2788 2839 3910 3859)
4(2838 3909 3910 2839)
4(2789 2840 3911 3860)
4(2839 3910 3911 2840)
4(2790 2841 3912 3861)
4(2840 3911 3912 2841)
4(2791 2842 3913 3862)
4(2841 3912 3913 2842)
4(2792 2843 3914 3863)
4(2842 3913 3914 2843)
4(2793 2844 3915 3864)
4(2843 3914 3915 2844)
4(2794 2845 3916 3865)
4(2844 3915 3916 2845)
4(2795 2846 3917 3866)
4(2845 3916 3917 2846)
4(2796 2847 3918 3867)
4(2846 3917 3918 2847)
4(2797 2848 3919 3868)
4(2847 3918 3919 2848)
4(2798 2849 3920 3869)
4(2848 3919 3920 2849)
4(2799 2850 3921 3870)
4(2849 3920 3921 2850)
4(2800 2851 3922 3871)
4(2850 3921 3922 2851)
4(2801 2852 3923 3872)
4(2851 3922 3923 2852)
4(2802 2853 3924 3873)
4(2852 3923 3924 2853)
4(2803 2854 3925 3874)
4(2853 3924 3925 2854)
4(2854 3925 3926 2855)
4(2806 2857 3928 3877)
4(2856 3927 3928 2857)
4(2807 2858 3929 3878)
4(2857 3928 3929 2858)
4(2808 2859 3930 3879)
4(2858 3929 3930 2859)
4(2809 2860 3931 3880)
4(2859 3930 3931 2860)
4(2810 2861 3932 3881)
4(2860 3931 3932 2861)
4(2811 2862 3933 3882)
4(2861 3932 3933 2862)
4(2812 2863 3934 3883)
4(2862 3933 3934 2863)
4(2813 2864 3935 3884)
4(2863 3934 3935 2864)
4(2814 2865 3936 3885)
4(2864 3935 3936 2865)
4(2815 2866 3937 3886)
4(2865 3936 3937 2866)
4(2816 2867 3938 3887)
4(2866 3937 3938 2867)
4(2817 2868 3939 3888)
4(2867 3938 3939 2868)
4(2818 2869 3940 3889)
4(2868 3939 3940 2869)
4(2819 2870 3941 3890)
4(2869 3940 3941 2870)
4(2820 2871 3942 3891)
4(2870 3941 3942 2871)
4(2821 2872 3943 3892)
4(2871 3942 3943 2872)
4(2822 2873 3944 3893)
4(2872 3943 3944 2873)
4(2823 2874 3945 3894)
4(2873 3944 3945 2874)
4(2824 2875 3946 3895)
4(2874 3945 3946 2875)
4(2825 2876 3947 3896)
4(2875 3946 3947 2876)
4(2826 2877 3948 3897)
4(2876 3947 3948 2877)
4(2827 2878 3949 3898)
4(2877 3948 3949 2878)
4(2828 2879 3950 3899)
4(2878 3949 3950 2879)
4(2829 2880 3951 3900)
4(2879 3950 3951 2880)
4(2830 2881 3952 3901)
4(2880 3951 3952 2881)
4(2831 2882 3953 3902)
4(2881 3952 3953 2882)
4(2832 2883 3954 3903)
4(2882 3953 3954 2883)
4(2833 2884 3955 3904)
4(2883 3954 3955 2884)
4(2834 2885 3956 3905)
4(2884 3955 3956 2885)
4(2835 2886 3957 3906)
4(2885 3956 3957 2886)
4(2836 2887 3958 3907)
4(2886 3957 3958 2887)
4(2837 2888 3959 3908)
4(2887 3958 3959 2888)
4(2838 2889 3960 3909)
4(2888 3959 3960 2889)
4(2839 2890 3961 3910)
4(2889 3960 3961 2890)
4(2840 2891 3962 3911)
4(2890 3961 3962 2891)
4(2841 2892 3963 3912)
4(2891 3962 3963 2892)
4(2842 2893 3964 3913)
4(2892 3963 3964 2893)
4(2843 2894 3965 3914)
4(2893 3964 3965 2894)
4(2844 2895 3966 3915)
4(2894 3965 3966 2895)
4(2845 2896 3967 3916)
4(2895 3966 3967 2896)
4(2846 2897 3968 3917)
4(2896 3967 3968 2897)
4(2847 2898 3969 3918)
4(2897 3968 3969 2898)
4(2848 2899 3970 3919)
4(2898 3969 3970 2899)
4(2849 2900 3971 3920)
4(2899 3970 3971 2900)
4(2850 2901 3972 3921)
4(2900 3971 3972 2901)
4(2851 2902 3973 3922)
4(2901 3972 3973 2902)
4(2852 2903 3974 3923)
4(2902 3973 3974 2903)
4(2853 2904 3975 3924)
4(2903 3974 3975 2904)
4(2854 2905 3976 3925)
4(2904 3975 3976 2905)
4(2905 3976 3977 2906)
4(2857 2908 3979 3928)
4(2907 3978 3979 2908)
4(2858 2909 3980 3929)
4(2908 3979 3980 2909)
4(2859 2910 3981 3930)
4(2909 3980 3981 2910)
4(2860 2911 3982 3931)
4(2910 3981 3982 2911)
4(2861 2912 3983 3932)
4(2911 3982 3983 2912)
4(2862 2913 3984 3933)
4(2912 3983 3984 2913)
4(2863 2914 3985 3934)
4(2913 3984 3985 2914)
4(2864 2915 3986 3935)
4(2914 3985 3986 2915)
4(2865 2916 3987 3936)
4(2915 3986 3987 2916)
4(2866 2917 3988 3937)
4(2916 3987 3988 2917)
4(2867 2918 3989 3938)
4(2917 3988 3989 2918)
4(2868 2919 3990 3939)
4(2918 3989 3990 2919)
4(2869 2920 3991 3940)
4(2919 3990 3991 2920)
4(2870 2921 3992 3941)
4(2920 3991 3992 2921)
4(2871 2922 3993 3942)
4(2921 3992 3993 2922)
4(2872 2923 3994 3943)
4(2922 3993 3994 2923)
4(2873 2924 3995 3944)
4(2923 3994 3995 2924)
4(2874 2925 3996 3945)
4(2924 3995 3996 2925)
4(2875 2926 3997 3946)
4(2925 3996 3997 2926)
4(2876 2927 3998 3947)
4(2926 3997 3998 2927)
4(2877 2928 3999 3948)
4(2927 3998 3999 2928)
4(2878 2929 4000 3949)
4(2928 3999 4000 2929)
4(2879 2930 4001 3950)
4(2929 4000 4001 2930)
4(2880 2931 4002 3951)
4(2930 4001 4002 2931)
4(2881 2932 4003 3952)
4(2931 4002 4003 2932)
4(2882 2933 4004 3953)
4(2932 4003 4004 2933)
4(2883 2934 4005 3954)
4(2933 4004 4005 2934)
4(2884 2935 4006 3955)
4(2934 4005 4006 2935)
4(2885 2936 4007 3956)
4(2935 4006 4007 2936)
4(2886 2937 4008 3957)
4(2936 4007 4008 2937)
4(2887 2938 4009 3958)
4(2937 4008 4009 2938)
4(2888 2939 4010 3959)
4(2938 4009 4010 2939)
4(2889 2940 4011 3960)
4(2939 4010 4011 2940)
4(2890 2941 4012 3961)
4(2940 4011 4012 2941)
4(2891 2942 4013 3962)
4(2941 4012 4013 2942)
4(2892 2943 4014 3963)
4(2942 4013 4014 2943)
4(2893 2944 4015 3964)
4(2943 4014 4015 2944)
4(2894 2945 4016 3965)
4(2944 4015 4016 2945)
4(2895 2946 4017 3966)
4(2945 4016 4017 2946)
4(2896 2947 4018 3967)
4(2946 4017 4018 2947)
4(2897 2948 4019 3968)
4(2947 4018 4019 2948)
4(2898 2949 4020 3969)
4(2948 4019 4020 2949)
4(2899 2950 4021 3970)
4(2949 4020 4021 2950)
4(2900 2951 4022 3971)
4(2950 4021 4022 2951)
4(2901 2952 4023 3972)
4(2951 4022 4023 2952)
4(2902 2953 4024 3973)
4(2952 4023 4024 2953)
4(2903 2954 4025 3974)
4(2953 4024 4025 2954)
4(2904 2955 4026 3975)
4(2954 4025 4026 2955)
4(2905 2956 4027 3976)
4(2955 4026 4027 2956)
4(2956 4027 4028 2957)
4(2908 2959 4030 3979)
4(2958 4029 4030 2959)
4(2909 2960 4031 3980)
4(2959 4030 4031 2960)
4(2910 2961 4032 3981)
4(2960 4031 4032 2961)
4(2911 2962 4033 3982)
4(2961 4032 4033 2962)
4(2912 2963 4034 3983)
4(2962 4033 4034 2963)
4(2913 2964 4035 3984)
4(2963 4034 4035 2964)
4(2914 2965 4036 3985)
4(2964 4035 4036 2965)
4(2915 2966 4037 3986)
4(2965 4036 4037 2966)
4(2916 2967 4038 3987)
4(2966 4037 4038 2967)
4(2917 2968 4039 3988)
4(2967 4038 4039 2968)
4(2918 2969 4040 3989)
4(2968 4039 4040 2969)
4(2919 2970 4041 3990)
4(2969 4040 4041 2970)
4(2920 2971 4042 3991)
4(2970 4041 4042 2971)
4(2921 2972 4043 3992)
4(2971 4042 4043 2972)
4(2922 2973 4044 3993)
4(2972 4043 4044 2973)
4(2923 2974 4045 3994)
4(2973 4044 4045 2974)
4(2924 2975 4046 3995)
4(2974 4045 4046 2975)
4(2925 2976 4047 3996)
4(2975 4046 4047 2976)
4(2926 2977 4048 3997)
4(2976 4047 4048 2977)
4(2927 2978 4049 3998)
4(2977 4048 4049 2978)
4(2928 2979 4050 3999)
4(2978 4049 4050 2979)
4(2929 2980 4051 4000)
4(2979 4050 4051 2980)
4(2930 2981 4052 4001)
4(2980 4051 4052 2981)
4(2931 2982 4053 4002)
4(2981 4052 4053 2982)
4(2932 2983 4054 4003)
4(2982 4053 4054 2983)
4(2933 2984 4055 4004)
4(2983 4054 4055 2984)
4(2934 2985 4056 4005)
4(2984 4055 4056 2985)
4(2935 2986 4057 4006)
4(2985 4056 4057 2986)
4(2936 2987 4058 4007)
4(2986 4057 4058 2987)
4(2937 2988 4059 4008)
4(2987 4058 4059 2988)
4(2938 2989 4060 4009)
4(2988 4059 4060 2989)
4(2939 2990 4061 4010)
4(2989 4060 4061 2990)
4(2940 2991 4062 4011)
4(2990 4061 4062 2991)
4(2941 2992 4063 4012)
4(2991 4062 4063 2992)
4(2942 2993 4064 4013)
4(2992 4063 4064 2993)
4(2943 2994 4065 4014)
4(2993 4064 4065 2994)
4(2944 2995 4066 4015)
4(2994 4065 4066 2995)
4(2945 2996 4067 4016)
4(2995 4066 4067 2996)
4(2946 2997 4068 4017)
4(2996 4067 4068 2997)
4(2947 2998 4069 4018)
4(2997 4068 4069 2998)
4(2948 2999 4070 4019)
4(2998 4069 4070 2999)
4(2949 3000 4071 4020)
4(2999 4070 4071 3000)
4(2950 3001 4072 4021)
4(3000 4071 4072 3001)
4(2951 3002 4073 4022)
4(3001 4072 4073 3002)
4(2952 3003 4074 4023)
4(3002 4073 4074 3003)
4(2953 3004 4075 4024)
4(3003 4074 4075 3004)
4(2954 3005 4076 4025)
4(3004 4075 4076 3005)
4(2955 3006 4077 4026)
4(3005 4076 4077 3006)
4(2956 3007 4078 4027)
4(3006 4077 4078 3007)
4(3007 4078 4079 3008)
4(2959 3010 4081 4030)
4(3009 4080 4081 3010)
4(2960 3011 4082 4031)
4(3010 4081 4082 3011)
4(2961 3012 4083 4032)
4(3011 4082 4083 3012)
4(2962 3013 4084 4033)
4(3012 4083 4084 3013)
4(2963 3014 4085 4034)
4(3013 4084 4085 3014)
4(2964 3015 4086 4035)
4(3014 4085 4086 3015)
4(2965 3016 4087 4036)
4(3015 4086 4087 3016)
4(2966 3017 4088 4037)
4(3016 4087 4088 3017)
4(2967 3018 4089 4038)
4(3017 4088 4089 3018)
4(2968 3019 4090 4039)
4(3018 4089 4090 3019)
4(2969 3020 4091 4040)
4(3019 4090 4091 3020)
4(2970 3021 4092 4041)
4(3020 4091 4092 3021)
4(2971 3022 4093 4042)
4(3021 4092 4093 3022)
4(2972 3023 4094 4043)
4(3022 4093 4094 3023)
4(2973 3024 4095 4044)
4(3023 4094 4095 3024)
4(2974 3025 4096 4045)
4(3024 4095 4096 3025)
4(2975 3026 4097 4046)
4(3025 4096 4097 3026)
4(2976 3027 4098 4047)
4(3026 4097 4098 3027)
4(2977 3028 4099 4048)
4(3027 4098 4099 3028)
4(2978 3029 4100 4049)
4(3028 4099 4100 3029)
4(2979 3030 4101 4050)
4(3029 4100 4101 3030)
4(2980 3031 4102 4051)
4(3030 4101 4102 3031)
4(2981 3032 4103 4052)
4(3031 4102 4103 3032)
4(2982 3033 4104 4053)
4(3032 4103 4104 3033)
4(2983 3034 4105 4054)
4(3033 4104 4105 3034)
4(2984 3035 4106 4055)
4(3034 4105 4106 3035)
4(2985 3036 4107 4056)
4(3035 4106 4107 3036)
4(2986 3037 4108 4057)
4(3036 4107 4108 3037)
4(2987 3038 4109 4058)
4(3037 4108 4109 3038)
4(2988 3039 4110 4059)
4(3038 4109 4110 3039)
4(2989 3040 4111 4060)
4(3039 4110 4111 3040)
4(2990 3041 4112 4061)
4(3040 4111 4112 3041)
4(2991 3042 4113 4062)
4(3041 4112 4113 3042)
4(2992 3043 4114 4063)
4(3042 4113 4114 3043)
4(2993 3044 4115 4064)
4(3043 4114 4115 3044)
4(2994 3045 4116 4065)
4(3044 4115 4116 3045)
4(2995 3046 4117 4066)
4(3045 4116 4117 3046)
4(2996 3047 4118 4067)
4(3046 4117 4118 3047)
4(2997 3048 4119 4068)
4(3047 4118 4119 3048)
4(2998 3049 4120 4069)
4(3048 4119 4120 3049)
4(2999 3050 4121 4070)
4(3049 4120 4121 3050)
4(3000 3051 4122 4071)
4(3050 4121 4122 3051)
4(3001 3052 4123 4072)
4(3051 4122 4123 3052)
4(3002 3053 4124 4073)
4(3052 4123 4124 3053)
4(3003 3054 4125 4074)
4(3053 4124 4125 3054)
4(3004 3055 4126 4075)
4(3054 4125 4126 3055)
4(3005 3056 4127 4076)
4(3055 4126 4127 3056)
4(3006 3057 4128 4077)
4(3056 4127 4128 3057)
4(3007 3058 4129 4078)
4(3057 4128 4129 3058)
4(3058 4129 4130 3059)
4(3010 3061 4132 4081)
4(3060 4131 4132 3061)
4(3011 3062 4133 4082)
4(3061 4132 4133 3062)
4(3012 3063 4134 4083)
4(3062 4133 4134 3063)
4(3013 3064 4135 4084)
4(3063 4134 4135 3064)
4(3014 3065 4136 4085)
4(3064 4135 4136 3065)
4(3015 3066 4137 4086)
4(3065 4136 4137 3066)
4(3016 3067 4138 4087)
4(3066 4137 4138 3067)
4(3017 3068 4139 4088)
4(3067 4138 4139 3068)
4(3018 3069 4140 4089)
4(3068 4139 4140 3069)
4(3019 3070 4141 4090)
4(3069 4140 4141 3070)
4(3020 3071 4142 4091)
4(3070 4141 4142 3071)
4(3021 3072 4143 4092)
4(3071 4142 4143 3072)
4(3022 3073 4144 4093)
4(3072 4143 4144 3073)
4(3023 3074 4145 4094)
4(3073 4144 4145 3074)
4(3024 3075 4146 4095)
4(3074 4145 4146 3075)
4(3025 3076 4147 4096)
4(3075 4146 4147 3076)
4(3026 3077 4148 4097)
4(3076 4147 4148 3077)
4(3027 3078 4149 4098)
4(3077 4148 4149 3078)
4(3028 3079 4150 4099)
4(3078 4149 4150 3079)
4(3029 3080 4151 4100)
4(3079 4150 4151 3080)
4(3030 3081 4152 4101)
4(3080 4151 4152 3081)
4(3031 3082 4153 4102)
4(3081 4152 4153 3082)
4(3032 3083 4154 4103)
4(3082 4153 4154 3083)
4(3033 3084 4155 4104)
4(3083 4154 4155 3084)
4(3034 3085 4156 4105)
4(3084 4155 4156 3085)
4(3035 3086 4157 4106)
4(3085 4156 4157 3086)
4(3036 3087 4158 4107)
4(3086 4157 4158 3087)
4(3037 3088 4159 4108)
4(3087 4158 4159 3088)
4(3038 3089 4160 4109)
4(3088 4159 4160 3089)
4(3039 3090 4161 4110)
4(3089 4160 4161 3090)
4(3040 3091 4162 4111)
4(3090 4161 4162 3091)
4(3041 3092 4163 4112)
4(3091 4162 4163 3092)
4(3042 3093 4164 4113)
4(3092 4163 4164 3093)
4(3043 3094 4165 4114)
4(3093 4164 4165 3094)
4(3044 3095 4166 4115)
4(3094 4165 4166 3095)
4(3045 3096 4167 4116)
4(3095 4166 4167 3096)
4(3046 3097 4168 4117)
4(3096 4167 4168 3097)
4(3047 3098 4169 4118)
4(3097 4168 4169 3098)
4(3048 3099 4170 4119)
4(3098 4169 4170 3099)
4(3049 3100 4171 4120)
4(3099 4170 4171 3100)
4(3050 3101 4172 4121)
4(3100 4171 4172 3101)
4(3051 3102 4173 4122)
4(3101 4172 4173 3102)
4(3052 3103 4174 4123)
4(3102 4173 4174 3103)
4(3053 3104 4175 4124)
4(3103 4174 4175 3104)
4(3054 3105 4176 4125)
4(3104 4175 4176 3105)
4(3055 3106 4177 4126)
4(3105 4176 4177 3106)
4(3056 3107 4178 4127)
4(3106 4177 4178 3107)
4(3057 3108 4179 4128)
4(3107 4178 4179 3108)
4(3058 3109 4180 4129)
4(3108 4179 4180 3109)
4(3109 4180 4181 3110)
4(3061 3112 4183 4132)
4(3111 4182 4183 3112)
4(3062 3113 4184 4133)
4(3112 4183 4184 3113)
4(3063 3114 4185 4134)
4(3113 4184 4185 3114)
4(3064 3115 4186 4135)
4(3114 4185 4186 3115)
4(3065 3116 4187 4136)
4(3115 4186 4187 3116)
4(3066 3117 4188 4137)
4(3116 4187 4188 3117)
4(3067 3118 4189 4138)
4(3117 4188 4189 3118)
4(3068 3119 4190 4139)
4(3118 4189 4190 3119)
4(3069 3120 4191 4140)
4(3119 4190 4191 3120)
4(3070 3121 4192 4141)
4(3120 4191 4192 3121)
4(3071 3122 4193 4142)
4(3121 4192 4193 3122)
4(3072 3123 4194 4143)
4(3122 4193 4194 3123)
4(3073 3124 4195 4144)
4(3123 4194 4195 3124)
4(3074 3125 4196 4145)
4(3124 4195 4196 3125)
4(3075 3126 4197 4146)
4(3125 4196 4197 3126)
4(3076 3127 4198 4147)
4(3126 4197 4198 3127)
4(3077 3128 4199 4148)
4(3127 4198 4199 3128)
4(3078 3129 4200 4149)
4(3128 4199 4200 3129)
4(3079 3130 4201 4150)
4(3129 4200 4201 3130)
4(3080 3131 4202 4151)
4(3130 4201 4202 3131)
4(3081 3132 4203 4152)
4(3131 4202 4203 3132)
4(3082 3133 4204 4153)
4(3132 4203 4204 3133)
4(3083 3134 4205 4154)
4(3133 4204 4205 3134)
4(3084 3135 4206 4155)
4(3134 4205 4206 3135)
4(3085 3136 4207 4156)
4(3135 4206 4207 3136)
4(3086 3137 4208 4157)
4(3136 4207 4208 3137)
4(3087 3138 4209 4158)
4(3137 4208 4209 3138)
4(3088 3139 4210 4159)
4(3138 4209 4210 3139)
4(3089 3140 4211 4160)
4(3139 4210 4211 3140)
4(3090 3141 4212 4161)
4(3140 4211 4212 3141)
4(3091 3142 4213 4162)
4(3141 4212 4213 3142)
4(3092 3143 4214 4163)
4(3142 4213 4214 3143)
4(3093 3144 4215 4164)
4(3143 4214 4215 3144)
4(3094 3145 4216 4165)
4(3144 4215 4216 3145)
4(3095 3146 4217 4166)
4(3145 4216 4217 3146)
4(3096 3147 4218 4167)
4(3146 4217 4218 3147)
4(3097 3148 4219 4168)
4(3147 4218 4219 3148)
4(3098 3149 4220 4169)
4(3148 4219 4220 3149)
4(3099 3150 4221 4170)
4(3149 4220 4221 3150)
4(3100 3151 4222 4171)
4(3150 4221 4222 3151)
4(3101 3152 4223 4172)
4(3151 4222 4223 3152)
4(3102 3153 4224 4173)
4(3152 4223 4224 3153)
4(3103 3154 4225 4174)
4(3153 4224 4225 3154)
4(3104 3155 4226 4175)
4(3154 4225 4226 3155)
4(3105 3156 4227 4176)
4(3155 4226 4227 3156)
4(3106 3157 4228 4177)
4(3156 4227 4228 3157)
4(3107 3158 4229 4178)
4(3157 4228 4229 3158)
4(3108 3159 4230 4179)
4(3158 4229 4230 3159)
4(3109 3160 4231 4180)
4(3159 4230 4231 3160)
4(3160 4231 4232 3161)
4(3112 3163 4234 4183)
4(3113 3164 4235 4184)
4(3114 3165 4236 4185)
4(3115 3166 4237 4186)
4(3116 3167 4238 4187)
4(3117 3168 4239 4188)
4(3118 3169 4240 4189)
4(3119 3170 4241 4190)
4(3120 3171 4242 4191)
4(3121 3172 4243 4192)
4(3122 3173 4244 4193)
4(3123 3174 4245 4194)
4(3124 3175 4246 4195)
4(3125 3176 4247 4196)
4(3126 3177 4248 4197)
4(3127 3178 4249 4198)
4(3128 3179 4250 4199)
4(3129 3180 4251 4200)
4(3130 3181 4252 4201)
4(3131 3182 4253 4202)
4(3132 3183 4254 4203)
4(3133 3184 4255 4204)
4(3134 3185 4256 4205)
4(3135 3186 4257 4206)
4(3136 3187 4258 4207)
4(3137 3188 4259 4208)
4(3138 3189 4260 4209)
4(3139 3190 4261 4210)
4(3140 3191 4262 4211)
4(3141 3192 4263 4212)
4(3142 3193 4264 4213)
4(3143 3194 4265 4214)
4(3144 3195 4266 4215)
4(3145 3196 4267 4216)
4(3146 3197 4268 4217)
4(3147 3198 4269 4218)
4(3148 3199 4270 4219)
4(3149 3200 4271 4220)
4(3150 3201 4272 4221)
4(3151 3202 4273 4222)
4(3152 3203 4274 4223)
4(3153 3204 4275 4224)
4(3154 3205 4276 4225)
4(3155 3206 4277 4226)
4(3156 3207 4278 4227)
4(3157 3208 4279 4228)
4(3158 3209 4280 4229)
4(3159 3210 4281 4230)
4(3160 3211 4282 4231)
4(0 1071 1122 51)
4(51 1122 1173 102)
4(102 1173 1224 153)
4(153 1224 1275 204)
4(204 1275 1326 255)
4(255 1326 1377 306)
4(306 1377 1428 357)
4(357 1428 1479 408)
4(408 1479 1530 459)
4(459 1530 1581 510)
4(510 1581 1632 561)
4(561 1632 1683 612)
4(612 1683 1734 663)
4(663 1734 1785 714)
4(714 1785 1836 765)
4(765 1836 1887 816)
4(816 1887 1938 867)
4(867 1938 1989 918)
4(918 1989 2040 969)
4(969 2040 2091 1020)
4(50 101 1172 1121)
4(101 152 1223 1172)
4(152 203 1274 1223)
4(203 254 1325 1274)
4(254 305 1376 1325)
4(305 356 1427 1376)
4(356 407 1478 1427)
4(407 458 1529 1478)
4(458 509 1580 1529)
4(509 560 1631 1580)
4(560 611 1682 1631)
4(611 662 1733 1682)
4(662 713 1784 1733)
4(713 764 1835 1784)
4(764 815 1886 1835)
4(815 866 1937 1886)
4(866 917 1988 1937)
4(917 968 2039 1988)
4(968 1019 2090 2039)
4(1019 1070 2141 2090)
4(1020 2091 2092 1021)
4(1021 2092 2093 1022)
4(1022 2093 2094 1023)
4(1023 2094 2095 1024)
4(1024 2095 2096 1025)
4(1025 2096 2097 1026)
4(1026 2097 2098 1027)
4(1027 2098 2099 1028)
4(1028 2099 2100 1029)
4(1029 2100 2101 1030)
4(1030 2101 2102 1031)
4(1031 2102 2103 1032)
4(1032 2103 2104 1033)
4(1033 2104 2105 1034)
4(1034 2105 2106 1035)
4(1035 2106 2107 1036)
4(1036 2107 2108 1037)
4(1037 2108 2109 1038)
4(1038 2109 2110 1039)
4(1039 2110 2111 1040)
4(1040 2111 2112 1041)
4(1041 2112 2113 1042)
4(1042 2113 2114 1043)
4(1043 2114 2115 1044)
4(1044 2115 2116 1045)
4(1045 2116 2117 1046)
4(1046 2117 2118 1047)
4(1047 2118 2119 1048)
4(1048 2119 2120 1049)
4(1049 2120 2121 1050)
4(1050 2121 2122 1051)
4(1051 2122 2123 1052)
4(1052 2123 2124 1053)
4(1053 2124 2125 1054)
4(1054 2125 2126 1055)
4(1055 2126 2127 1056)
4(1056 2127 2128 1057)
4(1057 2128 2129 1058)
4(1058 2129 2130 1059)
4(1059 2130 2131 1060)
4(1060 2131 2132 1061)
4(1061 2132 2133 1062)
4(1062 2133 2134 1063)
4(1063 2134 2135 1064)
4(1064 2135 2136 1065)
4(1065 2136 2137 1066)
4(1066 2137 2138 1067)
4(1067 2138 2139 1068)
4(1068 2139 2140 1069)
4(1069 2140 2141 1070)
4(0 1 1072 1071)
4(1 2 1073 1072)
4(2 3 1074 1073)
4(3 4 1075 1074)
4(4 5 1076 1075)
4(5 6 1077 1076)
4(6 7 1078 1077)
4(7 8 1079 1078)
4(8 9 1080 1079)
4(9 10 1081 1080)
4(10 11 1082 1081)
4(11 12 1083 1082)
4(12 13 1084 1083)
4(13 14 1085 1084)
4(14 15 1086 1085)
4(15 16 1087 1086)
4(16 17 1088 1087)
4(17 18 1089 1088)
4(18 19 1090 1089)
4(19 20 1091 1090)
4(20 21 1092 1091)
4(21 22 1093 1092)
4(22 23 1094 1093)
4(23 24 1095 1094)
4(24 25 1096 1095)
4(25 26 1097 1096)
4(26 27 1098 1097)
4(27 28 1099 1098)
4(28 29 1100 1099)
4(29 30 1101 1100)
4(30 31 1102 1101)
4(31 32 1103 1102)
4(32 33 1104 1103)
4(33 34 1105 1104)
4(34 35 1106 1105)
4(35 36 1107 1106)
4(36 37 1108 1107)
4(37 38 1109 1108)
4(38 39 1110 1109)
4(39 40 1111 1110)
4(40 41 1112 1111)
4(41 42 1113 1112)
4(42 43 1114 1113)
4(43 44 1115 1114)
4(44 45 1116 1115)
4(45 46 1117 1116)
4(46 47 1118 1117)
4(47 48 1119 1118)
4(48 49 1120 1119)
4(49 50 1121 1120)
4(2142 3213 3264 2193)
4(2193 3264 3315 2244)
4(2244 3315 3366 2295)
4(2295 3366 3417 2346)
4(2346 3417 3468 2397)
4(2397 3468 3519 2448)
4(2448 3519 3570 2499)
4(2499 3570 3621 2550)
4(2550 3621 3672 2601)
4(2601 3672 3723 2652)
4(2652 3723 3774 2703)
4(2703 3774 3825 2754)
4(2754 3825 3876 2805)
4(2805 3876 3927 2856)
4(2856 3927 3978 2907)
4(2907 3978 4029 2958)
4(2958 4029 4080 3009)
4(3009 4080 4131 3060)
4(3060 4131 4182 3111)
4(3111 4182 4233 3162)
4(2192 2243 3314 3263)
4(2243 2294 3365 3314)
4(2294 2345 3416 3365)
4(2345 2396 3467 3416)
4(2396 2447 3518 3467)
4(2447 2498 3569 3518)
4(2498 2549 3620 3569)
4(2549 2600 3671 3620)
4(2600 2651 3722 3671)
4(2651 2702 3773 3722)
4(2702 2753 3824 3773)
4(2753 2804 3875 3824)
4(2804 2855 3926 3875)
4(2855 2906 3977 3926)
4(2906 2957 4028 3977)
4(2957 3008 4079 4028)
4(3008 3059 4130 4079)
4(3059 3110 4181 4130)
4(3110 3161 4232 4181)
4(3161 3212 4283 4232)
4(2142 2143 3214 3213)
4(2143 2144 3215 3214)
4(2144 2145 3216 3215)
4(2145 2146 3217 3216)
4(2146 2147 3218 3217)
4(2147 2148 3219 3218)
4(2148 2149 3220 3219)
4(2149 2150 3221 3220)
4(2150 2151 3222 3221)
4(2151 2152 3223 3222)
4(2152 2153 3224 3223)
4(2153 2154 3225 3224)
4(2154 2155 3226 3225)
4(2155 2156 3227 3226)
4(2156 2157 3228 3227)
4(2157 2158 3229 3228)
4(2158 2159 3230 3229)
4(2159 2160 3231 3230)
4(2160 2161 3232 3231)
4(2161 2162 3233 3232)
4(2162 2163 3234 3233)
4(2163 2164 3235 3234)
4(2164 2165 3236 3235)
4(2165 2166 3237 3236)
4(2166 2167 3238 3237)
4(2167 2168 3239 3238)
4(2168 2169 3240 3239)
4(2169 2170 3241 3240)
4(2170 2171 3242 3241)
4(2171 2172 3243 3242)
4(2172 2173 3244 3243)
4(2173 2174 3245 3244)
4(2174 2175 3246 3245)
4(2175 2176 3247 3246)
4(2176 2177 3248 3247)
4(2177 2178 3249 3248)
4(2178 2179 3250 3249)
4(2179 2180 3251 3250)
4(2180 2181 3252 3251)
4(2181 2182 3253 3252)
4(2182 2183 3254 3253)
4(2183 2184 3255 3254)
4(2184 2185 3256 3255)
4(2185 2186 3257 3256)
4(2186 2187 3258 3257)
4(2187 2188 3259 3258)
4(2188 2189 3260 3259)
4(2189 2190 3261 3260)
4(2190 2191 3262 3261)
4(2191 2192 3263 3262)
4(3162 4233 4234 3163)
4(3163 4234 4235 3164)
4(3164 4235 4236 3165)
4(3165 4236 4237 3166)
4(3166 4237 4238 3167)
4(3167 4238 4239 3168)
4(3168 4239 4240 3169)
4(3169 4240 4241 3170)
4(3170 4241 4242 3171)
4(3171 4242 4243 3172)
4(3172 4243 4244 3173)
4(3173 4244 4245 3174)
4(3174 4245 4246 3175)
4(3175 4246 4247 3176)
4(3176 4247 4248 3177)
4(3177 4248 4249 3178)
4(3178 4249 4250 3179)
4(3179 4250 4251 3180)
4(3180 4251 4252 3181)
4(3181 4252 4253 3182)
4(3182 4253 4254 3183)
4(3183 4254 4255 3184)
4(3184 4255 4256 3185)
4(3185 4256 4257 3186)
4(3186 4257 4258 3187)
4(3187 4258 4259 3188)
4(3188 4259 4260 3189)
4(3189 4260 4261 3190)
4(3190 4261 4262 3191)
4(3191 4262 4263 3192)
4(3192 4263 4264 3193)
4(3193 4264 4265 3194)
4(3194 4265 4266 3195)
4(3195 4266 4267 3196)
4(3196 4267 4268 3197)
4(3197 4268 4269 3198)
4(3198 4269 4270 3199)
4(3199 4270 4271 3200)
4(3200 4271 4272 3201)
4(3201 4272 4273 3202)
4(3202 4273 4274 3203)
4(3203 4274 4275 3204)
4(3204 4275 4276 3205)
4(3205 4276 4277 3206)
4(3206 4277 4278 3207)
4(3207 4278 4279 3208)
4(3208 4279 4280 3209)
4(3209 4280 4281 3210)
4(3210 4281 4282 3211)
4(3211 4282 4283 3212)
4(1071 1072 1123 1122)
4(1122 1123 1174 1173)
4(1173 1174 1225 1224)
4(1224 1225 1276 1275)
4(1275 1276 1327 1326)
4(1326 1327 1378 1377)
4(1377 1378 1429 1428)
4(1428 1429 1480 1479)
4(1479 1480 1531 1530)
4(1530 1531 1582 1581)
4(1581 1582 1633 1632)
4(1632 1633 1684 1683)
4(1683 1684 1735 1734)
4(1734 1735 1786 1785)
4(1785 1786 1837 1836)
4(1836 1837 1888 1887)
4(1887 1888 1939 1938)
4(1938 1939 1990 1989)
4(1989 1990 2041 2040)
4(2040 2041 2092 2091)
4(1072 1073 1124 1123)
4(1123 1124 1175 1174)
4(1174 1175 1226 1225)
4(1225 1226 1277 1276)
4(1276 1277 1328 1327)
4(1327 1328 1379 1378)
4(1378 1379 1430 1429)
4(1429 1430 1481 1480)
4(1480 1481 1532 1531)
4(1531 1532 1583 1582)
4(1582 1583 1634 1633)
4(1633 1634 1685 1684)
4(1684 1685 1736 1735)
4(1735 1736 1787 1786)
4(1786 1787 1838 1837)
4(1837 1838 1889 1888)
4(1888 1889 1940 1939)
4(1939 1940 1991 1990)
4(1990 1991 2042 2041)
4(2041 2042 2093 2092)
4(1073 1074 1125 1124)
4(1124 1125 1176 1175)
4(1175 1176 1227 1226)
4(1226 1227 1278 1277)
4(1277 1278 1329 1328)
4(1328 1329 1380 1379)
4(1379 1380 1431 1430)
4(1430 1431 1482 1481)
4(1481 1482 1533 1532)
4(1532 1533 1584 1583)
4(1583 1584 1635 1634)
4(1634 1635 1686 1685)
4(1685 1686 1737 1736)
4(1736 1737 1788 1787)
4(1787 1788 1839 1838)
4(1838 1839 1890 1889)
4(1889 1890 1941 1940)
4(1940 1941 1992 1991)
4(1991 1992 2043 2042)
4(2042 2043 2094 2093)
4(1074 1075 1126 1125)
4(1125 1126 1177 1176)
4(1176 1177 1228 1227)
4(1227 1228 1279 1278)
4(1278 1279 1330 1329)
4(1329 1330 1381 1380)
4(1380 1381 1432 1431)
4(1431 1432 1483 1482)
4(1482 1483 1534 1533)
4(1533 1534 1585 1584)
4(1584 1585 1636 1635)
4(1635 1636 1687 1686)
4(1686 1687 1738 1737)
4(1737 1738 1789 1788)
4(1788 1789 1840 1839)
4(1839 1840 1891 1890)
4(1890 1891 1942 1941)
4(1941 1942 1993 1992)
4(1992 1993 2044 2043)
4(2043 2044 2095 2094)
4(1075 1076 1127 1126)
4(1126 1127 1178 1177)
4(1177 1178 1229 1228)
4(1228 1229 1280 1279)
4(1279 1280 1331 1330)
4(1330 1331 1382 1381)
4(1381 1382 1433 1432)
4(1432 1433 1484 1483)
4(1483 1484 1535 1534)
4(1534 1535 1586 1585)
4(1585 1586 1637 1636)
4(1636 1637 1688 1687)
4(1687 1688 1739 1738)
4(1738 1739 1790 1789)
4(1789 1790 1841 1840)
4(1840 1841 1892 1891)
4(1891 1892 1943 1942)
4(1942 1943 1994 1993)
4(1993 1994 2045 2044)
4(2044 2045 2096 2095)
4(1076 1077 1128 1127)
4(1127 1128 1179 1178)
4(1178 1179 1230 1229)
4(1229 1230 1281 1280)
4(1280 1281 1332 1331)
4(1331 1332 1383 1382)
4(1382 1383 1434 1433)
4(1433 1434 1485 1484)
4(1484 1485 1536 1535)
4(1535 1536 1587 1586)
4(1586 1587 1638 1637)
4(1637 1638 1689 1688)
4(1688 1689 1740 1739)
4(1739 1740 1791 1790)
4(1790 1791 1842 1841)
4(1841 1842 1893 1892)
4(1892 1893 1944 1943)
4(1943 1944 1995 1994)
4(1994 1995 2046 2045)
4(2045 2046 2097 2096)
4(1077 1078 1129 1128)
4(1128 1129 1180 1179)
4(1179 1180 1231 1230)
4(1230 1231 1282 1281)
4(1281 1282 1333 1332)
4(1332 1333 1384 1383)
4(1383 1384 1435 1434)
4(1434 1435 1486 1485)
4(1485 1486 1537 1536)
4(1536 1537 1588 1587)
4(1587 1588 1639 1638)
4(1638 1639 1690 1689)
4(1689 1690 1741 1740)
4(1740 1741 1792 1791)
4(1791 1792 1843 1842)
4(1842 1843 1894 1893)
4(1893 1894 1945 1944)
4(1944 1945 1996 1995)
4(1995 1996 2047 2046)
4(2046 2047 2098 2097)
4(1078 1079 1130 1129)
4(1129 1130 1181 1180)
4(1180 1181 1232 1231)
4(1231 1232 1283 1282)
4(1282 1283 1334 1333)
4(1333 1334 1385 1384)
4(1384 1385 1436 1435)
4(1435 1436 1487 1486)
4(1486 1487 1538 1537)
4(1537 1538 1589 1588)
4(1588 1589 1640 1639)
4(1639 1640 1691 1690)
4(1690 1691 1742 1741)
4(1741 1742 1793 1792)
4(1792 1793 1844 1843)
4(1843 1844 1895 1894)
4(1894 1895 1946 1945)
4(1945 1946 1997 1996)
4(1996 1997 2048 2047)
4(2047 2048 2099 2098)
4(1079 1080 1131 1130)
4(1130 1131 1182 1181)
4(1181 1182 1233 1232)
4(1232 1233 1284 1283)
4(1283 1284 1335 1334)
4(1334 1335 1386 1385)
4(1385 1386 1437 1436)
4(1436 1437 1488 1487)
4(1487 1488 1539 1538)
4(1538 1539 1590 1589)
4(1589 1590 1641 1640)
4(1640 1641 1692 1691)
4(1691 1692 1743 1742)
4(1742 1743 1794 1793)
4(1793 1794 1845 1844)
4(1844 1845 1896 1895)
4(1895 1896 1947 1946)
4(1946 1947 1998 1997)
4(1997 1998 2049 2048)
4(2048 2049 2100 2099)
4(1080 1081 1132 1131)
4(1131 1132 1183 1182)
4(1182 1183 1234 1233)
4(1233 1234 1285 1284)
4(1284 1285 1336 1335)
4(1335 1336 1387 1386)
4(1386 1387 1438 1437)
4(1437 1438 1489 1488)
4(1488 1489 1540 1539)
4(1539 1540 1591 1590)
4(1590 1591 1642 1641)
4(1641 1642 1693 1692)
4(1692 1693 1744 1743)
4(1743 1744 1795 1794)
4(1794 1795 1846 1845)
4(1845 1846 1897 1896)
4(1896 1897 1948 1947)
4(1947 1948 1999 1998)
4(1998 1999 2050 2049)
4(2049 2050 2101 2100)
4(1081 1082 1133 1132)
4(1132 1133 1184 1183)
4(1183 1184 1235 1234)
4(1234 1235 1286 1285)
4(1285 1286 1337 1336)
4(1336 1337 1388 1387)
4(1387 1388 1439 1438)
4(1438 1439 1490 1489)
4(1489 1490 1541 1540)
4(1540 1541 1592 1591)
4(1591 1592 1643 1642)
4(1642 1643 1694 1693)
4(1693 1694 1745 1744)
4(1744 1745 1796 1795)
4(1795 1796 1847 1846)
4(1846 1847 1898 1897)
4(1897 1898 1949 1948)
4(1948 1949 2000 1999)
4(1999 2000 2051 2050)
4(2050 2051 2102 2101)
4(1082 1083 1134 1133)
4(1133 1134 1185 1184)
4(1184 1185 1236 1235)
4(1235 1236 1287 1286)
4(1286 1287 1338 1337)
4(1337 1338 1389 1388)
4(1388 1389 1440 1439)
4(1439 1440 1491 1490)
4(1490 1491 1542 1541)
4(1541 1542 1593 1592)
4(1592 1593 1644 1643)
4(1643 1644 1695 1694)
4(1694 1695 1746 1745)
4(1745 1746 1797 1796)
4(1796 1797 1848 1847)
4(1847 1848 1899 1898)
4(1898 1899 1950 1949)
4(1949 1950 2001 2000)
4(2000 2001 2052 2051)
4(2051 2052 2103 2102)
4(1083 1084 1135 1134)
4(1134 1135 1186 1185)
4(1185 1186 1237 1236)
4(1236 1237 1288 1287)
4(1287 1288 1339 1338)
4(1338 1339 1390 1389)
4(1389 1390 1441 1440)
4(1440 1441 1492 1491)
4(1491 1492 1543 1542)
4(1542 1543 1594 1593)
4(1593 1594 1645 1644)
4(1644 1645 1696 1695)
4(1695 1696 1747 1746)
4(1746 1747 1798 1797)
4(1797 1798 1849 1848)
4(1848 1849 1900 1899)
4(1899 1900 1951 1950)
4(1950 1951 2002 2001)
4(2001 2002 2053 2052)
4(2052 2053 2104 2103)
4(1084 1085 1136 1135)
4(1135 1136 1187 1186)
4(1186 1187 1238 1237)
4(1237 1238 1289 1288)
4(1288 1289 1340 1339)
4(1339 1340 1391 1390)
4(1390 1391 1442 1441)
4(1441 1442 1493 1492)
4(1492 1493 1544 1543)
4(1543 1544 1595 1594)
4(1594 1595 1646 1645)
4(1645 1646 1697 1696)
4(1696 1697 1748 1747)
4(1747 1748 1799 1798)
4(1798 1799 1850 1849)
4(1849 1850 1901 1900)
4(1900 1901 1952 1951)
4(1951 1952 2003 2002)
4(2002 2003 2054 2053)
4(2053 2054 2105 2104)
4(1085 1086 1137 1136)
4(1136 1137 1188 1187)
4(1187 1188 1239 1238)
4(1238 1239 1290 1289)
4(1289 1290 1341 1340)
4(1340 1341 1392 1391)
4(1391 1392 1443 1442)
4(1442 1443 1494 1493)
4(1493 1494 1545 1544)
4(1544 1545 1596 1595)
4(1595 1596 1647 1646)
4(1646 1647 1698 1697)
4(1697 1698 1749 1748)
4(1748 1749 1800 1799)
4(1799 1800 1851 1850)
4(1850 1851 1902 1901)
4(1901 1902 1953 1952)
4(1952 1953 2004 2003)
4(2003 2004 2055 2054)
4(2054 2055 2106 2105)
4(1086 1087 1138 1137)
4(1137 1138 1189 1188)
4(1188 1189 1240 1239)
4(1239 1240 1291 1290)
4(1290 1291 1342 1341)
4(1341 1342 1393 1392)
4(1392 1393 1444 1443)
4(1443 1444 1495 1494)
4(1494 1495 1546 1545)
4(1545 1546 1597 1596)
4(1596 1597 1648 1647)
4(1647 1648 1699 1698)
4(1698 1699 1750 1749)
4(1749 1750 1801 1800)
4(1800 1801 1852 1851)
4(1851 1852 1903 1902)
4(1902 1903 1954 1953)
4(1953 1954 2005 2004)
4(2004 2005 2056 2055)
4(2055 2056 2107 2106)
4(1087 1088 1139 1138)
4(1138 1139 1190 1189)
4(1189 1190 1241 1240)
4(1240 1241 1292 1291)
4(1291 1292 1343 1342)
4(1342 1343 1394 1393)
4(1393 1394 1445 1444)
4(1444 1445 1496 1495)
4(1495 1496 1547 1546)
4(1546 1547 1598 1597)
4(1597 1598 1649 1648)
4(1648 1649 1700 1699)
4(1699 1700 1751 1750)
4(1750 1751 1802 1801)
4(1801 1802 1853 1852)
4(1852 1853 1904 1903)
4(1903 1904 1955 1954)
4(1954 1955 2006 2005)
4(2005 2006 2057 2056)
4(2056 2057 2108 2107)
4(1088 1089 1140 1139)
4(1139 1140 1191 1190)
4(1190 1191 1242 1241)
4(1241 1242 1293 1292)
4(1292 1293 1344 1343)
4(1343 1344 1395 1394)
4(1394 1395 1446 1445)
4(1445 1446 1497 1496)
4(1496 1497 1548 1547)
4(1547 1548 1599 1598)
4(1598 1599 1650 1649)
4(1649 1650 1701 1700)
4(1700 1701 1752 1751)
4(1751 1752 1803 1802)
4(1802 1803 1854 1853)
4(1853 1854 1905 1904)
4(1904 1905 1956 1955)
4(1955 1956 2007 2006)
4(2006 2007 2058 2057)
4(2057 2058 2109 2108)
4(1089 1090 1141 1140)
4(1140 1141 1192 1191)
4(1191 1192 1243 1242)
4(1242 1243 1294 1293)
4(1293 1294 1345 1344)
4(1344 1345 1396 1395)
4(1395 1396 1447 1446)
4(1446 1447 1498 1497)
4(1497 1498 1549 1548)
4(1548 1549 1600 1599)
4(1599 1600 1651 1650)
4(1650 1651 1702 1701)
4(1701 1702 1753 1752)
4(1752 1753 1804 1803)
4(1803 1804 1855 1854)
4(1854 1855 1906 1905)
4(1905 1906 1957 1956)
4(1956 1957 2008 2007)
4(2007 2008 2059 2058)
4(2058 2059 2110 2109)
4(1090 1091 1142 1141)
4(1141 1142 1193 1192)
4(1192 1193 1244 1243)
4(1243 1244 1295 1294)
4(1294 1295 1346 1345)
4(1345 1346 1397 1396)
4(1396 1397 1448 1447)
4(1447 1448 1499 1498)
4(1498 1499 1550 1549)
4(1549 1550 1601 1600)
4(1600 1601 1652 1651)
4(1651 1652 1703 1702)
4(1702 1703 1754 1753)
4(1753 1754 1805 1804)
4(1804 1805 1856 1855)
4(1855 1856 1907 1906)
4(1906 1907 1958 1957)
4(1957 1958 2009 2008)
4(2008 2009 2060 2059)
4(2059 2060 2111 2110)
4(1091 1092 1143 1142)
4(1142 1143 1194 1193)
4(1193 1194 1245 1244)
4(1244 1245 1296 1295)
4(1295 1296 1347 1346)
4(1346 1347 1398 1397)
4(1397 1398 1449 1448)
4(1448 1449 1500 1499)
4(1499 1500 1551 1550)
4(1550 1551 1602 1601)
4(1601 1602 1653 1652)
4(1652 1653 1704 1703)
4(1703 1704 1755 1754)
4(1754 1755 1806 1805)
4(1805 1806 1857 1856)
4(1856 1857 1908 1907)
4(1907 1908 1959 1958)
4(1958 1959 2010 2009)
4(2009 2010 2061 2060)
4(2060 2061 2112 2111)
4(1092 1093 1144 1143)
4(1143 1144 1195 1194)
4(1194 1195 1246 1245)
4(1245 1246 1297 1296)
4(1296 1297 1348 1347)
4(1347 1348 1399 1398)
4(1398 1399 1450 1449)
4(1449 1450 1501 1500)
4(1500 1501 1552 1551)
4(1551 1552 1603 1602)
4(1602 1603 1654 1653)
4(1653 1654 1705 1704)
4(1704 1705 1756 1755)
4(1755 1756 1807 1806)
4(1806 1807 1858 1857)
4(1857 1858 1909 1908)
4(1908 1909 1960 1959)
4(1959 1960 2011 2010)
4(2010 2011 2062 2061)
4(2061 2062 2113 2112)
4(1093 1094 1145 1144)
4(1144 1145 1196 1195)
4(1195 1196 1247 1246)
4(1246 1247 1298 1297)
4(1297 1298 1349 1348)
4(1348 1349 1400 1399)
4(1399 1400 1451 1450)
4(1450 1451 1502 1501)
4(1501 1502 1553 1552)
4(1552 1553 1604 1603)
4(1603 1604 1655 1654)
4(1654 1655 1706 1705)
4(1705 1706 1757 1756)
4(1756 1757 1808 1807)
4(1807 1808 1859 1858)
4(1858 1859 1910 1909)
4(1909 1910 1961 1960)
4(1960 1961 2012 2011)
4(2011 2012 2063 2062)
4(2062 2063 2114 2113)
4(1094 1095 1146 1145)
4(1145 1146 1197 1196)
4(1196 1197 1248 1247)
4(1247 1248 1299 1298)
4(1298 1299 1350 1349)
4(1349 1350 1401 1400)
4(1400 1401 1452 1451)
4(1451 1452 1503 1502)
4(1502 1503 1554 1553)
4(1553 1554 1605 1604)
4(1604 1605 1656 1655)
4(1655 1656 1707 1706)
4(1706 1707 1758 1757)
4(1757 1758 1809 1808)
4(1808 1809 1860 1859)
4(1859 1860 1911 1910)
4(1910 1911 1962 1961)
4(1961 1962 2013 2012)
4(2012 2013 2064 2063)
4(2063 2064 2115 2114)
4(1095 1096 1147 1146)
4(1146 1147 1198 1197)
4(1197 1198 1249 1248)
4(1248 1249 1300 1299)
4(1299 1300 1351 1350)
4(1350 1351 1402 1401)
4(1401 1402 1453 1452)
4(1452 1453 1504 1503)
4(1503 1504 1555 1554)
4(1554 1555 1606 1605)
4(1605 1606 1657 1656)
4(1656 1657 1708 1707)
4(1707 1708 1759 1758)
4(1758 1759 1810 1809)
4(1809 1810 1861 1860)
4(1860 1861 1912 1911)
4(1911 1912 1963 1962)
4(1962 1963 2014 2013)
4(2013 2014 2065 2064)
4(2064 2065 2116 2115)
4(1096 1097 1148 1147)
4(1147 1148 1199 1198)
4(1198 1199 1250 1249)
4(1249 1250 1301 1300)
4(1300 1301 1352 1351)
4(1351 1352 1403 1402)
4(1402 1403 1454 1453)
4(1453 1454 1505 1504)
4(1504 1505 1556 1555)
4(1555 1556 1607 1606)
4(1606 1607 1658 1657)
4(1657 1658 1709 1708)
4(1708 1709 1760 1759)
4(1759 1760 1811 1810)
4(1810 1811 1862 1861)
4(1861 1862 1913 1912)
4(1912 1913 1964 1963)
4(1963 1964 2015 2014)
4(2014 2015 2066 2065)
4(2065 2066 2117 2116)
4(1097 1098 1149 1148)
4(1148 1149 1200 1199)
4(1199 1200 1251 1250)
4(1250 1251 1302 1301)
4(1301 1302 1353 1352)
4(1352 1353 1404 1403)
4(1403 1404 1455 1454)
4(1454 1455 1506 1505)
4(1505 1506 1557 1556)
4(1556 1557 1608 1607)
4(1607 1608 1659 1658)
4(1658 1659 1710 1709)
4(1709 1710 1761 1760)
4(1760 1761 1812 1811)
4(1811 1812 1863 1862)
4(1862 1863 1914 1913)
4(1913 1914 1965 1964)
4(1964 1965 2016 2015)
4(2015 2016 2067 2066)
4(2066 2067 2118 2117)
4(1098 1099 1150 1149)
4(1149 1150 1201 1200)
4(1200 1201 1252 1251)
4(1251 1252 1303 1302)
4(1302 1303 1354 1353)
4(1353 1354 1405 1404)
4(1404 1405 1456 1455)
4(1455 1456 1507 1506)
4(1506 1507 1558 1557)
4(1557 1558 1609 1608)
4(1608 1609 1660 1659)
4(1659 1660 1711 1710)
4(1710 1711 1762 1761)
4(1761 1762 1813 1812)
4(1812 1813 1864 1863)
4(1863 1864 1915 1914)
4(1914 1915 1966 1965)
4(1965 1966 2017 2016)
4(2016 2017 2068 2067)
4(2067 2068 2119 2118)
4(1099 1100 1151 1150)
4(1150 1151 1202 1201)
4(1201 1202 1253 1252)
4(1252 1253 1304 1303)
4(1303 1304 1355 1354)
4(1354 1355 1406 1405)
4(1405 1406 1457 1456)
4(1456 1457 1508 1507)
4(1507 1508 1559 1558)
4(1558 1559 1610 1609)
4(1609 1610 1661 1660)
4(1660 1661 1712 1711)
4(1711 1712 1763 1762)
4(1762 1763 1814 1813)
4(1813 1814 1865 1864)
4(1864 1865 1916 1915)
4(1915 1916 1967 1966)
4(1966 1967 2018 2017)
4(2017 2018 2069 2068)
4(2068 2069 2120 2119)
4(1100 1101 1152 1151)
4(1151 1152 1203 1202)
4(1202 1203 1254 1253)
4(1253 1254 1305 1304)
4(1304 1305 1356 1355)
4(1355 1356 1407 1406)
4(1406 1407 1458 1457)
4(1457 1458 1509 1508)
4(1508 1509 1560 1559)
4(1559 1560 1611 1610)
4(1610 1611 1662 1661)
4(1661 1662 1713 1712)
4(1712 1713 1764 1763)
4(1763 1764 1815 1814)
4(1814 1815 1866 1865)
4(1865 1866 1917 1916)
4(1916 1917 1968 1967)
4(1967 1968 2019 2018)
4(2018 2019 2070 2069)
4(2069 2070 2121 2120)
4(1101 1102 1153 1152)
4(1152 1153 1204 1203)
4(1203 1204 1255 1254)
4(1254 1255 1306 1305)
4(1305 1306 1357 1356)
4(1356 1357 1408 1407)
4(1407 1408 1459 1458)
4(1458 1459 1510 1509)
4(1509 1510 1561 1560)
4(1560 1561 1612 1611)
4(1611 1612 1663 1662)
4(1662 1663 1714 1713)
4(1713 1714 1765 1764)
4(1764 1765 1816 1815)
4(1815 1816 1867 1866)
4(1866 1867 1918 1917)
4(1917 1918 1969 1968)
4(1968 1969 2020 2019)
4(2019 2020 2071 2070)
4(2070 2071 2122 2121)
4(1102 1103 1154 1153)
4(1153 1154 1205 1204)
4(1204 1205 1256 1255)
4(1255 1256 1307 1306)
4(1306 1307 1358 1357)
4(1357 1358 1409 1408)
4(1408 1409 1460 1459)
4(1459 1460 1511 1510)
4(1510 1511 1562 1561)
4(1561 1562 1613 1612)
4(1612 1613 1664 1663)
4(1663 1664 1715 1714)
4(1714 1715 1766 1765)
4(1765 1766 1817 1816)
4(1816 1817 1868 1867)
4(1867 1868 1919 1918)
4(1918 1919 1970 1969)
4(1969 1970 2021 2020)
4(2020 2021 2072 2071)
4(2071 2072 2123 2122)
4(1103 1104 1155 1154)
4(1154 1155 1206 1205)
4(1205 1206 1257 1256)
4(1256 1257 1308 1307)
4(1307 1308 1359 1358)
4(1358 1359 1410 1409)
4(1409 1410 1461 1460)
4(1460 1461 1512 1511)
4(1511 1512 1563 1562)
4(1562 1563 1614 1613)
4(1613 1614 1665 1664)
4(1664 1665 1716 1715)
4(1715 1716 1767 1766)
4(1766 1767 1818 1817)
4(1817 1818 1869 1868)
4(1868 1869 1920 1919)
4(1919 1920 1971 1970)
4(1970 1971 2022 2021)
4(2021 2022 2073 2072)
4(2072 2073 2124 2123)
4(1104 1105 1156 1155)
4(1155 1156 1207 1206)
4(1206 1207 1258 1257)
4(1257 1258 1309 1308)
4(1308 1309 1360 1359)
4(1359 1360 1411 1410)
4(1410 1411 1462 1461)
4(1461 1462 1513 1512)
4(1512 1513 1564 1563)
4(1563 1564 1615 1614)
4(1614 1615 1666 1665)
4(1665 1666 1717 1716)
4(1716 1717 1768 1767)
4(1767 1768 1819 1818)
4(1818 1819 1870 1869)
4(1869 1870 1921 1920)
4(1920 1921 1972 1971)
4(1971 1972 2023 2022)
4(2022 2023 2074 2073)
4(2073 2074 2125 2124)
4(1105 1106 1157 1156)
4(1156 1157 1208 1207)
4(1207 1208 1259 1258)
4(1258 1259 1310 1309)
4(1309 1310 1361 1360)
4(1360 1361 1412 1411)
4(1411 1412 1463 1462)
4(1462 1463 1514 1513)
4(1513 1514 1565 1564)
4(1564 1565 1616 1615)
4(1615 1616 1667 1666)
4(1666 1667 1718 1717)
4(1717 1718 1769 1768)
4(1768 1769 1820 1819)
4(1819 1820 1871 1870)
4(1870 1871 1922 1921)
4(1921 1922 1973 1972)
4(1972 1973 2024 2023)
4(2023 2024 2075 2074)
4(2074 2075 2126 2125)
4(1106 1107 1158 1157)
4(1157 1158 1209 1208)
4(1208 1209 1260 1259)
4(1259 1260 1311 1310)
4(1310 1311 1362 1361)
4(1361 1362 1413 1412)
4(1412 1413 1464 1463)
4(1463 1464 1515 1514)
4(1514 1515 1566 1565)
4(1565 1566 1617 1616)
4(1616 1617 1668 1667)
4(1667 1668 1719 1718)
4(1718 1719 1770 1769)
4(1769 1770 1821 1820)
4(1820 1821 1872 1871)
4(1871 1872 1923 1922)
4(1922 1923 1974 1973)
4(1973 1974 2025 2024)
4(2024 2025 2076 2075)
4(2075 2076 2127 2126)
4(1107 1108 1159 1158)
4(1158 1159 1210 1209)
4(1209 1210 1261 1260)
4(1260 1261 1312 1311)
4(1311 1312 1363 1362)
4(1362 1363 1414 1413)
4(1413 1414 1465 1464)
4(1464 1465 1516 1515)
4(1515 1516 1567 1566)
4(1566 1567 1618 1617)
4(1617 1618 1669 1668)
4(1668 1669 1720 1719)
4(1719 1720 1771 1770)
4(1770 1771 1822 1821)
4(1821 1822 1873 1872)
4(1872 1873 1924 1923)
4(1923 1924 1975 1974)
4(1974 1975 2026 2025)
4(2025 2026 2077 2076)
4(2076 2077 2128 2127)
4(1108 1109 1160 1159)
4(1159 1160 1211 1210)
4(1210 1211 1262 1261)
4(1261 1262 1313 1312)
4(1312 1313 1364 1363)
4(1363 1364 1415 1414)
4(1414 1415 1466 1465)
4(1465 1466 1517 1516)
4(1516 1517 1568 1567)
4(1567 1568 1619 1618)
4(1618 1619 1670 1669)
4(1669 1670 1721 1720)
4(1720 1721 1772 1771)
4(1771 1772 1823 1822)
4(1822 1823 1874 1873)
4(1873 1874 1925 1924)
4(1924 1925 1976 1975)
4(1975 1976 2027 2026)
4(2026 2027 2078 2077)
4(2077 2078 2129 2128)
4(1109 1110 1161 1160)
4(1160 1161 1212 1211)
4(1211 1212 1263 1262)
4(1262 1263 1314 1313)
4(1313 1314 1365 1364)
4(1364 1365 1416 1415)
4(1415 1416 1467 1466)
4(1466 1467 1518 1517)
4(1517 1518 1569 1568)
4(1568 1569 1620 1619)
4(1619 1620 1671 1670)
4(1670 1671 1722 1721)
4(1721 1722 1773 1772)
4(1772 1773 1824 1823)
4(1823 1824 1875 1874)
4(1874 1875 1926 1925)
4(1925 1926 1977 1976)
4(1976 1977 2028 2027)
4(2027 2028 2079 2078)
4(2078 2079 2130 2129)
4(1110 1111 1162 1161)
4(1161 1162 1213 1212)
4(1212 1213 1264 1263)
4(1263 1264 1315 1314)
4(1314 1315 1366 1365)
4(1365 1366 1417 1416)
4(1416 1417 1468 1467)
4(1467 1468 1519 1518)
4(1518 1519 1570 1569)
4(1569 1570 1621 1620)
4(1620 1621 1672 1671)
4(1671 1672 1723 1722)
4(1722 1723 1774 1773)
4(1773 1774 1825 1824)
4(1824 1825 1876 1875)
4(1875 1876 1927 1926)
4(1926 1927 1978 1977)
4(1977 1978 2029 2028)
4(2028 2029 2080 2079)
4(2079 2080 2131 2130)
4(1111 1112 1163 1162)
4(1162 1163 1214 1213)
4(1213 1214 1265 1264)
4(1264 1265 1316 1315)
4(1315 1316 1367 1366)
4(1366 1367 1418 1417)
4(1417 1418 1469 1468)
4(1468 1469 1520 1519)
4(1519 1520 1571 1570)
4(1570 1571 1622 1621)
4(1621 1622 1673 1672)
4(1672 1673 1724 1723)
4(1723 1724 1775 1774)
4(1774 1775 1826 1825)
4(1825 1826 1877 1876)
4(1876 1877 1928 1927)
4(1927 1928 1979 1978)
4(1978 1979 2030 2029)
4(2029 2030 2081 2080)
4(2080 2081 2132 2131)
4(1112 1113 1164 1163)
4(1163 1164 1215 1214)
4(1214 1215 1266 1265)
4(1265 1266 1317 1316)
4(1316 1317 1368 1367)
4(1367 1368 1419 1418)
4(1418 1419 1470 1469)
4(1469 1470 1521 1520)
4(1520 1521 1572 1571)
4(1571 1572 1623 1622)
4(1622 1623 1674 1673)
4(1673 1674 1725 1724)
4(1724 1725 1776 1775)
4(1775 1776 1827 1826)
4(1826 1827 1878 1877)
4(1877 1878 1929 1928)
4(1928 1929 1980 1979)
4(1979 1980 2031 2030)
4(2030 2031 2082 2081)
4(2081 2082 2133 2132)
4(1113 1114 1165 1164)
4(1164 1165 1216 1215)
4(1215 1216 1267 1266)
4(1266 1267 1318 1317)
4(1317 1318 1369 1368)
4(1368 1369 1420 1419)
4(1419 1420 1471 1470)
4(1470 1471 1522 1521)
4(1521 1522 1573 1572)
4(1572 1573 1624 1623)
4(1623 1624 1675 1674)
4(1674 1675 1726 1725)
4(1725 1726 1777 1776)
4(1776 1777 1828 1827)
4(1827 1828 1879 1878)
4(1878 1879 1930 1929)
4(1929 1930 1981 1980)
4(1980 1981 2032 2031)
4(2031 2032 2083 2082)
4(2082 2083 2134 2133)
4(1114 1115 1166 1165)
4(1165 1166 1217 1216)
4(1216 1217 1268 1267)
4(1267 1268 1319 1318)
4(1318 1319 1370 1369)
4(1369 1370 1421 1420)
4(1420 1421 1472 1471)
4(1471 1472 1523 1522)
4(1522 1523 1574 1573)
4(1573 1574 1625 1624)
4(1624 1625 1676 1675)
4(1675 1676 1727 1726)
4(1726 1727 1778 1777)
4(1777 1778 1829 1828)
4(1828 1829 1880 1879)
4(1879 1880 1931 1930)
4(1930 1931 1982 1981)
4(1981 1982 2033 2032)
4(2032 2033 2084 2083)
4(2083 2084 2135 2134)
4(1115 1116 1167 1166)
4(1166 1167 1218 1217)
4(1217 1218 1269 1268)
4(1268 1269 1320 1319)
4(1319 1320 1371 1370)
4(1370 1371 1422 1421)
4(1421 1422 1473 1472)
4(1472 1473 1524 1523)
4(1523 1524 1575 1574)
4(1574 1575 1626 1625)
4(1625 1626 1677 1676)
4(1676 1677 1728 1727)
4(1727 1728 1779 1778)
4(1778 1779 1830 1829)
4(1829 1830 1881 1880)
4(1880 1881 1932 1931)
4(1931 1932 1983 1982)
4(1982 1983 2034 2033)
4(2033 2034 2085 2084)
4(2084 2085 2136 2135)
4(1116 1117 1168 1167)
4(1167 1168 1219 1218)
4(1218 1219 1270 1269)
4(1269 1270 1321 1320)
4(1320 1321 1372 1371)
4(1371 1372 1423 1422)
4(1422 1423 1474 1473)
4(1473 1474 1525 1524)
4(1524 1525 1576 1575)
4(1575 1576 1627 1626)
4(1626 1627 1678 1677)
4(1677 1678 1729 1728)
4(1728 1729 1780 1779)
4(1779 1780 1831 1830)
4(1830 1831 1882 1881)
4(1881 1882 1933 1932)
4(1932 1933 1984 1983)
4(1983 1984 2035 2034)
4(2034 2035 2086 2085)
4(2085 2086 2137 2136)
4(1117 1118 1169 1168)
4(1168 1169 1220 1219)
4(1219 1220 1271 1270)
4(1270 1271 1322 1321)
4(1321 1322 1373 1372)
4(1372 1373 1424 1423)
4(1423 1424 1475 1474)
4(1474 1475 1526 1525)
4(1525 1526 1577 1576)
4(1576 1577 1628 1627)
4(1627 1628 1679 1678)
4(1678 1679 1730 1729)
4(1729 1730 1781 1780)
4(1780 1781 1832 1831)
4(1831 1832 1883 1882)
4(1882 1883 1934 1933)
4(1933 1934 1985 1984)
4(1984 1985 2036 2035)
4(2035 2036 2087 2086)
4(2086 2087 2138 2137)
4(1118 1119 1170 1169)
4(1169 1170 1221 1220)
4(1220 1221 1272 1271)
4(1271 1272 1323 1322)
4(1322 1323 1374 1373)
4(1373 1374 1425 1424)
4(1424 1425 1476 1475)
4(1475 1476 1527 1526)
4(1526 1527 1578 1577)
4(1577 1578 1629 1628)
4(1628 1629 1680 1679)
4(1679 1680 1731 1730)
4(1730 1731 1782 1781)
4(1781 1782 1833 1832)
4(1832 1833 1884 1883)
4(1883 1884 1935 1934)
4(1934 1935 1986 1985)
4(1985 1986 2037 2036)
4(2036 2037 2088 2087)
4(2087 2088 2139 2138)
4(1119 1120 1171 1170)
4(1170 1171 1222 1221)
4(1221 1222 1273 1272)
4(1272 1273 1324 1323)
4(1323 1324 1375 1374)
4(1374 1375 1426 1425)
4(1425 1426 1477 1476)
4(1476 1477 1528 1527)
4(1527 1528 1579 1578)
4(1578 1579 1630 1629)
4(1629 1630 1681 1680)
4(1680 1681 1732 1731)
4(1731 1732 1783 1782)
4(1782 1783 1834 1833)
4(1833 1834 1885 1884)
4(1884 1885 1936 1935)
4(1935 1936 1987 1986)
4(1986 1987 2038 2037)
4(2037 2038 2089 2088)
4(2088 2089 2140 2139)
4(1120 1121 1172 1171)
4(1171 1172 1223 1222)
4(1222 1223 1274 1273)
4(1273 1274 1325 1324)
4(1324 1325 1376 1375)
4(1375 1376 1427 1426)
4(1426 1427 1478 1477)
4(1477 1478 1529 1528)
4(1528 1529 1580 1579)
4(1579 1580 1631 1630)
4(1630 1631 1682 1681)
4(1681 1682 1733 1732)
4(1732 1733 1784 1783)
4(1783 1784 1835 1834)
4(1834 1835 1886 1885)
4(1885 1886 1937 1936)
4(1936 1937 1988 1987)
4(1987 1988 2039 2038)
4(2038 2039 2090 2089)
4(2089 2090 2141 2140)
4(3213 3214 3265 3264)
4(3264 3265 3316 3315)
4(3315 3316 3367 3366)
4(3366 3367 3418 3417)
4(3417 3418 3469 3468)
4(3468 3469 3520 3519)
4(3519 3520 3571 3570)
4(3570 3571 3622 3621)
4(3621 3622 3673 3672)
4(3672 3673 3724 3723)
4(3723 3724 3775 3774)
4(3774 3775 3826 3825)
4(3825 3826 3877 3876)
4(3876 3877 3928 3927)
4(3927 3928 3979 3978)
4(3978 3979 4030 4029)
4(4029 4030 4081 4080)
4(4080 4081 4132 4131)
4(4131 4132 4183 4182)
4(4182 4183 4234 4233)
4(3214 3215 3266 3265)
4(3265 3266 3317 3316)
4(3316 3317 3368 3367)
4(3367 3368 3419 3418)
4(3418 3419 3470 3469)
4(3469 3470 3521 3520)
4(3520 3521 3572 3571)
4(3571 3572 3623 3622)
4(3622 3623 3674 3673)
4(3673 3674 3725 3724)
4(3724 3725 3776 3775)
4(3775 3776 3827 3826)
4(3826 3827 3878 3877)
4(3877 3878 3929 3928)
4(3928 3929 3980 3979)
4(3979 3980 4031 4030)
4(4030 4031 4082 4081)
4(4081 4082 4133 4132)
4(4132 4133 4184 4183)
4(4183 4184 4235 4234)
4(3215 3216 3267 3266)
4(3266 3267 3318 3317)
4(3317 3318 3369 3368)
4(3368 3369 3420 3419)
4(3419 3420 3471 3470)
4(3470 3471 3522 3521)
4(3521 3522 3573 3572)
4(3572 3573 3624 3623)
4(3623 3624 3675 3674)
4(3674 3675 3726 3725)
4(3725 3726 3777 3776)
4(3776 3777 3828 3827)
4(3827 3828 3879 3878)
4(3878 3879 3930 3929)
4(3929 3930 3981 3980)
4(3980 3981 4032 4031)
4(4031 4032 4083 4082)
4(4082 4083 4134 4133)
4(4133 4134 4185 4184)
4(4184 4185 4236 4235)
4(3216 3217 3268 3267)
4(3267 3268 3319 3318)
4(3318 3319 3370 3369)
4(3369 3370 3421 3420)
4(3420 3421 3472 3471)
4(3471 3472 3523 3522)
4(3522 3523 3574 3573)
4(3573 3574 3625 3624)
4(3624 3625 3676 3675)
4(3675 3676 3727 3726)
4(3726 3727 3778 3777)
4(3777 3778 3829 3828)
4(3828 3829 3880 3879)
4(3879 3880 3931 3930)
4(3930 3931 3982 3981)
4(3981 3982 4033 4032)
4(4032 4033 4084 4083)
4(4083 4084 4135 4134)
4(4134 4135 4186 4185)
4(4185 4186 4237 4236)
4(3217 3218 3269 3268)
4(3268 3269 3320 3319)
4(3319 3320 3371 3370)
4(3370 3371 3422 3421)
4(3421 3422 3473 3472)
4(3472 3473 3524 3523)
4(3523 3524 3575 3574)
4(3574 3575 3626 3625)
4(3625 3626 3677 3676)
4(3676 3677 3728 3727)
4(3727 3728 3779 3778)
4(3778 3779 3830 3829)
4(3829 3830 3881 3880)
4(3880 3881 3932 3931)
4(3931 3932 3983 3982)
4(3982 3983 4034 4033)
4(4033 4034 4085 4084)
4(4084 4085 4136 4135)
4(4135 4136 4187 4186)
4(4186 4187 4238 4237)
4(3218 3219 3270 3269)
4(3269 3270 3321 3320)
4(3320 3321 3372 3371)
4(3371 3372 3423 3422)
4(3422 3423 3474 3473)
4(3473 3474 3525 3524)
4(3524 3525 3576 3575)
4(3575 3576 3627 3626)
4(3626 3627 3678 3677)
4(3677 3678 3729 3728)
4(3728 3729 3780 3779)
4(3779 3780 3831 3830)
4(3830 3831 3882 3881)
4(3881 3882 3933 3932)
4(3932 3933 3984 3983)
4(3983 3984 4035 4034)
4(4034 4035 4086 4085)
4(4085 4086 4137 4136)
4(4136 4137 4188 4187)
4(4187 4188 4239 4238)
4(3219 3220 3271 3270)
4(3270 3271 3322 3321)
4(3321 3322 3373 3372)
4(3372 3373 3424 3423)
4(3423 3424 3475 3474)
4(3474 3475 3526 3525)
4(3525 3526 3577 3576)
4(3576 3577 3628 3627)
4(3627 3628 3679 3678)
4(3678 3679 3730 3729)
4(3729 3730 3781 3780)
4(3780 3781 3832 3831)
4(3831 3832 3883 3882)
4(3882 3883 3934 3933)
4(3933 3934 3985 3984)
4(3984 3985 4036 4035)
4(4035 4036 4087 4086)
4(4086 4087 4138 4137)
4(4137 4138 4189 4188)
4(4188 4189 4240 4239)
4(3220 3221 3272 3271)
4(3271 3272 3323 3322)
4(3322 3323 3374 3373)
4(3373 3374 3425 3424)
4(3424 3425 3476 3475)
4(3475 3476 3527 3526)
4(3526 3527 3578 3577)
4(3577 3578 3629 3628)
4(3628 3629 3680 3679)
4(3679 3680 3731 3730)
4(3730 3731 3782 3781)
4(3781 3782 3833 3832)
4(3832 3833 3884 3883)
4(3883 3884 3935 3934)
4(3934 3935 3986 3985)
4(3985 3986 4037 4036)
4(4036 4037 4088 4087)
4(4087 4088 4139 4138)
4(4138 4139 4190 4189)
4(4189 4190 4241 4240)
4(3221 3222 3273 3272)
4(3272 3273 3324 3323)
4(3323 3324 3375 3374)
4(3374 3375 3426 3425)
4(3425 3426 3477 3476)
4(3476 3477 3528 3527)
4(3527 3528 3579 3578)
4(3578 3579 3630 3629)
4(3629 3630 3681 3680)
4(3680 3681 3732 3731)
4(3731 3732 3783 3782)
4(3782 3783 3834 3833)
4(3833 3834 3885 3884)
4(3884 3885 3936 3935)
4(3935 3936 3987 3986)
4(3986 3987 4038 4037)
4(4037 4038 4089 4088)
4(4088 4089 4140 4139)
4(4139 4140 4191 4190)
4(4190 4191 4242 4241)
4(3222 3223 3274 3273)
4(3273 3274 3325 3324)
4(3324 3325 3376 3375)
4(3375 3376 3427 3426)
4(3426 3427 3478 3477)
4(3477 3478 3529 3528)
4(3528 3529 3580 3579)
4(3579 3580 3631 3630)
4(3630 3631 3682 3681)
4(3681 3682 3733 3732)
4(3732 3733 3784 3783)
4(3783 3784 3835 3834)
4(3834 3835 3886 3885)
4(3885 3886 3937 3936)
4(3936 3937 3988 3987)
4(3987 3988 4039 4038)
4(4038 4039 4090 4089)
4(4089 4090 4141 4140)
4(4140 4141 4192 4191)
4(4191 4192 4243 4242)
4(3223 3224 3275 3274)
4(3274 3275 3326 3325)
4(3325 3326 3377 3376)
4(3376 3377 3428 3427)
4(3427 3428 3479 3478)
4(3478 3479 3530 3529)
4(3529 3530 3581 3580)
4(3580 3581 3632 3631)
4(3631 3632 3683 3682)
4(3682 3683 3734 3733)
4(3733 3734 3785 3784)
4(3784 3785 3836 3835)
4(3835 3836 3887 3886)
4(3886 3887 3938 3937)
4(3937 3938 3989 3988)
4(3988 3989 4040 4039)
4(4039 4040 4091 4090)
4(4090 4091 4142 4141)
4(4141 4142 4193 4192)
4(4192 4193 4244 4243)
4(3224 3225 3276 3275)
4(3275 3276 3327 3326)
4(3326 3327 3378 3377)
4(3377 3378 3429 3428)
4(3428 3429 3480 3479)
4(3479 3480 3531 3530)
4(3530 3531 3582 3581)
4(3581 3582 3633 3632)
4(3632 3633 3684 3683)
4(3683 3684 3735 3734)
4(3734 3735 3786 3785)
4(3785 3786 3837 3836)
4(3836 3837 3888 3887)
4(3887 3888 3939 3938)
4(3938 3939 3990 3989)
4(3989 3990 4041 4040)
4(4040 4041 4092 4091)
4(4091 4092 4143 4142)
4(4142 4143 4194 4193)
4(4193 4194 4245 4244)
4(3225 3226 3277 3276)
4(3276 3277 3328 3327)
4(3327 3328 3379 3378)
4(3378 3379 3430 3429)
4(3429 3430 3481 3480)
4(3480 3481 3532 3531)
4(3531 3532 3583 3582)
4(3582 3583 3634 3633)
4(3633 3634 3685 3684)
4(3684 3685 3736 3735)
4(3735 3736 3787 3786)
4(3786 3787 3838 3837)
4(3837 3838 3889 3888)
4(3888 3889 3940 3939)
4(3939 3940 3991 3990)
4(3990 3991 4042 4041)
4(4041 4042 4093 4092)
4(4092 4093 4144 4143)
4(4143 4144 4195 4194)
4(4194 4195 4246 4245)
4(3226 3227 3278 3277)
4(3277 3278 3329 3328)
4(3328 3329 3380 3379)
4(3379 3380 3431 3430)
4(3430 3431 3482 3481)
4(3481 3482 3533 3532)
4(3532 3533 3584 3583)
4(3583 3584 3635 3634)
4(3634 3635 3686 3685)
4(3685 3686 3737 3736)
4(3736 3737 3788 3787)
4(3787 3788 3839 3838)
4(3838 3839 3890 3889)
4(3889 3890 3941 3940)
4(3940 3941 3992 3991)
4(3991 3992 4043 4042)
4(4042 4043 4094 4093)
4(4093 4094 4145 4144)
4(4144 4145 4196 4195)
4(4195 4196 4247 4246)
4(3227 3228 3279 3278)
4(3278 3279 3330 3329)
4(3329 3330 3381 3380)
4(3380 3381 3432 3431)
4(3431 3432 3483 3482)
4(3482 3483 3534 3533)
4(3533 3534 3585 3584)
4(3584 3585 3636 3635)
4(3635 3636 3687 3686)
4(3686 3687 3738 3737)
4(3737 3738 3789 3788)
4(3788 3789 3840 3839)
4(3839 3840 3891 3890)
4(3890 3891 3942 3941)
4(3941 3942 3993 3992)
4(3992 3993 4044 4043)
4(4043 4044 4095 4094)
4(4094 4095 4146 4145)
4(4145 4146 4197 4196)
4(4196 4197 4248 4247)
4(3228 3229 3280 3279)
4(3279 3280 3331 3330)
4(3330 3331 3382 3381)
4(3381 3382 3433 3432)
4(3432 3433 3484 3483)
4(3483 3484 3535 3534)
4(3534 3535 3586 3585)
4(3585 3586 3637 3636)
4(3636 3637 3688 3687)
4(3687 3688 3739 3738)
4(3738 3739 3790 3789)
4(3789 3790 3841 3840)
4(3840 3841 3892 3891)
4(3891 3892 3943 3942)
4(3942 3943 3994 3993)
4(3993 3994 4045 4044)
4(4044 4045 4096 4095)
4(4095 4096 4147 4146)
4(4146 4147 4198 4197)
4(4197 4198 4249 4248)
4(3229 3230 3281 3280)
4(3280 3281 3332 3331)
4(3331 3332 3383 3382)
4(3382 3383 3434 3433)
4(3433 3434 3485 3484)
4(3484 3485 3536 3535)
4(3535 3536 3587 3586)
4(3586 3587 3638 3637)
4(3637 3638 3689 3688)
4(3688 3689 3740 3739)
4(3739 3740 3791 3790)
4(3790 3791 3842 3841)
4(3841 3842 3893 3892)
4(3892 3893 3944 3943)
4(3943 3944 3995 3994)
4(3994 3995 4046 4045)
4(4045 4046 4097 4096)
4(4096 4097 4148 4147)
4(4147 4148 4199 4198)
4(4198 4199 4250 4249)
4(3230 3231 3282 3281)
4(3281 3282 3333 3332)
4(3332 3333 3384 3383)
4(3383 3384 3435 3434)
4(3434 3435 3486 3485)
4(3485 3486 3537 3536)
4(3536 3537 3588 3587)
4(3587 3588 3639 3638)
4(3638 3639 3690 3689)
4(3689 3690 3741 3740)
4(3740 3741 3792 3791)
4(3791 3792 3843 3842)
4(3842 3843 3894 3893)
4(3893 3894 3945 3944)
4(3944 3945 3996 3995)
4(3995 3996 4047 4046)
4(4046 4047 4098 4097)
4(4097 4098 4149 4148)
4(4148 4149 4200 4199)
4(4199 4200 4251 4250)
4(3231 3232 3283 3282)
4(3282 3283 3334 3333)
4(3333 3334 3385 3384)
4(3384 3385 3436 3435)
4(3435 3436 3487 3486)
4(3486 3487 3538 3537)
4(3537 3538 3589 3588)
4(3588 3589 3640 3639)
4(3639 3640 3691 3690)
4(3690 3691 3742 3741)
4(3741 3742 3793 3792)
4(3792 3793 3844 3843)
4(3843 3844 3895 3894)
4(3894 3895 3946 3945)
4(3945 3946 3997 3996)
4(3996 3997 4048 4047)
4(4047 4048 4099 4098)
4(4098 4099 4150 4149)
4(4149 4150 4201 4200)
4(4200 4201 4252 4251)
4(3232 3233 3284 3283)
4(3283 3284 3335 3334)
4(3334 3335 3386 3385)
4(3385 3386 3437 3436)
4(3436 3437 3488 3487)
4(3487 3488 3539 3538)
4(3538 3539 3590 3589)
4(3589 3590 3641 3640)
4(3640 3641 3692 3691)
4(3691 3692 3743 3742)
4(3742 3743 3794 3793)
4(3793 3794 3845 3844)
4(3844 3845 3896 3895)
4(3895 3896 3947 3946)
4(3946 3947 3998 3997)
4(3997 3998 4049 4048)
4(4048 4049 4100 4099)
4(4099 4100 4151 4150)
4(4150 4151 4202 4201)
4(4201 4202 4253 4252)
4(3233 3234 3285 3284)
4(3284 3285 3336 3335)
4(3335 3336 3387 3386)
4(3386 3387 3438 3437)
4(3437 3438 3489 3488)
4(3488 3489 3540 3539)
4(3539 3540 3591 3590)
4(3590 3591 3642 3641)
4(3641 3642 3693 3692)
4(3692 3693 3744 3743)
4(3743 3744 3795 3794)
4(3794 3795 3846 3845)
4(3845 3846 3897 3896)
4(3896 3897 3948 3947)
4(3947 3948 3999 3998)
4(3998 3999 4050 4049)
4(4049 4050 4101 4100)
4(4100 4101 4152 4151)
4(4151 4152 4203 4202)
4(4202 4203 4254 4253)
4(3234 3235 3286 3285)
4(3285 3286 3337 3336)
4(3336 3337 3388 3387)
4(3387 3388 3439 3438)
4(3438 3439 3490 3489)
4(3489 3490 3541 3540)
4(3540 3541 3592 3591)
4(3591 3592 3643 3642)
4(3642 3643 3694 3693)
4(3693 3694 3745 3744)
4(3744 3745 3796 3795)
4(3795 3796 3847 3846)
4(3846 3847 3898 3897)
4(3897 3898 3949 3948)
4(3948 3949 4000 3999)
4(3999 4000 4051 4050)
4(4050 4051 4102 4101)
4(4101 4102 4153 4152)
4(4152 4153 4204 4203)
4(4203 4204 4255 4254)
4(3235 3236 3287 3286)
4(3286 3287 3338 3337)
4(3337 3338 3389 3388)
4(3388 3389 3440 3439)
4(3439 3440 3491 3490)
4(3490 3491 3542 3541)
4(3541 3542 3593 3592)
4(3592 3593 3644 3643)
4(3643 3644 3695 3694)
4(3694 3695 3746 3745)
4(3745 3746 3797 3796)
4(3796 3797 3848 3847)
4(3847 3848 3899 3898)
4(3898 3899 3950 3949)
4(3949 3950 4001 4000)
4(4000 4001 4052 4051)
4(4051 4052 4103 4102)
4(4102 4103 4154 4153)
4(4153 4154 4205 4204)
4(4204 4205 4256 4255)
4(3236 3237 3288 3287)
4(3287 3288 3339 3338)
4(3338 3339 3390 3389)
4(3389 3390 3441 3440)
4(3440 3441 3492 3491)
4(3491 3492 3543 3542)
4(3542 3543 3594 3593)
4(3593 3594 3645 3644)
4(3644 3645 3696 3695)
4(3695 3696 3747 3746)
4(3746 3747 3798 3797)
4(3797 3798 3849 3848)
4(3848 3849 3900 3899)
4(3899 3900 3951 3950)
4(3950 3951 4002 4001)
4(4001 4002 4053 4052)
4(4052 4053 4104 4103)
4(4103 4104 4155 4154)
4(4154 4155 4206 4205)
4(4205 4206 4257 4256)
4(3237 3238 3289 3288)
4(3288 3289 3340 3339)
4(3339 3340 3391 3390)
4(3390 3391 3442 3441)
4(3441 3442 3493 3492)
4(3492 3493 3544 3543)
4(3543 3544 3595 3594)
4(3594 3595 3646 3645)
4(3645 3646 3697 3696)
4(3696 3697 3748 3747)
4(3747 3748 3799 3798)
4(3798 3799 3850 3849)
4(3849 3850 3901 3900)
4(3900 3901 3952 3951)
4(3951 3952 4003 4002)
4(4002 4003 4054 4053)
4(4053 4054 4105 4104)
4(4104 4105 4156 4155)
4(4155 4156 4207 4206)
4(4206 4207 4258 4257)
4(3238 3239 3290 3289)
4(3289 3290 3341 3340)
4(3340 3341 3392 3391)
4(3391 3392 3443 3442)
4(3442 3443 3494 3493)
4(3493 3494 3545 3544)
4(3544 3545 3596 3595)
4(3595 3596 3647 3646)
4(3646 3647 3698 3697)
4(3697 3698 3749 3748)
4(3748 3749 3800 3799)
4(3799 3800 3851 3850)
4(3850 3851 3902 3901)
4(3901 3902 3953 3952)
4(3952 3953 4004 4003)
4(4003 4004 4055 4054)
4(4054 4055 4106 4105)
4(4105 4106 4157 4156)
4(4156 4157 4208 4207)
4(4207 4208 4259 4258)
4(3239 3240 3291 3290)
4(3290 3291 3342 3341)
4(3341 3342 3393 3392)
4(3392 3393 3444 3443)
4(3443 3444 3495 3494)
4(3494 3495 3546 3545)
4(3545 3546 3597 3596)
4(3596 3597 3648 3647)
4(3647 3648 3699 3698)
4(3698 3699 3750 3749)
4(3749 3750 3801 3800)
4(3800 3801 3852 3851)
4(3851 3852 3903 3902)
4(3902 3903 3954 3953)
4(3953 3954 4005 4004)
4(4004 4005 4056 4055)
4(4055 4056 4107 4106)
4(4106 4107 4158 4157)
4(4157 4158 4209 4208)
4(4208 4209 4260 4259)
4(3240 3241 3292 3291)
4(3291 3292 3343 3342)
4(3342 3343 3394 3393)
4(3393 3394 3445 3444)
4(3444 3445 3496 3495)
4(3495 3496 3547 3546)
4(3546 3547 3598 3597)
4(3597 3598 3649 3648)
4(3648 3649 3700 3699)
4(3699 3700 3751 3750)
4(3750 3751 3802 3801)
4(3801 3802 3853 3852)
4(3852 3853 3904 3903)
4(3903 3904 3955 3954)
4(3954 3955 4006 4005)
4(4005 4006 4057 4056)
4(4056 4057 4108 4107)
4(4107 4108 4159 4158)
4(4158 4159 4210 4209)
4(4209 4210 4261 4260)
4(3241 3242 3293 3292)
4(3292 3293 3344 3343)
4(3343 3344 3395 3394)
4(3394 3395 3446 3445)
4(3445 3446 3497 3496)
4(3496 3497 3548 3547)
4(3547 3548 3599 3598)
4(3598 3599 3650 3649)
4(3649 3650 3701 3700)
4(3700 3701 3752 3751)
4(3751 3752 3803 3802)
4(3802 3803 3854 3853)
4(3853 3854 3905 3904)
4(3904 3905 3956 3955)
4(3955 3956 4007 4006)
4(4006 4007 4058 4057)
4(4057 4058 4109 4108)
4(4108 4109 4160 4159)
4(4159 4160 4211 4210)
4(4210 4211 4262 4261)
4(3242 3243 3294 3293)
4(3293 3294 3345 3344)
4(3344 3345 3396 3395)
4(3395 3396 3447 3446)
4(3446 3447 3498 3497)
4(3497 3498 3549 3548)
4(3548 3549 3600 3599)
4(3599 3600 3651 3650)
4(3650 3651 3702 3701)
4(3701 3702 3753 3752)
4(3752 3753 3804 3803)
4(3803 3804 3855 3854)
4(3854 3855 3906 3905)
4(3905 3906 3957 3956)
4(3956 3957 4008 4007)
4(4007 4008 4059 4058)
4(4058 4059 4110 4109)
4(4109 4110 4161 4160)
4(4160 4161 4212 4211)
4(4211 4212 4263 4262)
4(3243 3244 3295 3294)
4(3294 3295 3346 3345)
4(3345 3346 3397 3396)
4(3396 3397 3448 3447)
4(3447 3448 3499 3498)
4(3498 3499 3550 3549)
4(3549 3550 3601 3600)
4(3600 3601 3652 3651)
4(3651 3652 3703 3702)
4(3702 3703 3754 3753)
4(3753 3754 3805 3804)
4(3804 3805 3856 3855)
4(3855 3856 3907 3906)
4(3906 3907 3958 3957)
4(3957 3958 4009 4008)
4(4008 4009 4060 4059)
4(4059 4060 4111 4110)
4(4110 4111 4162 4161)
4(4161 4162 4213 4212)
4(4212 4213 4264 4263)
4(3244 3245 3296 3295)
4(3295 3296 3347 3346)
4(3346 3347 3398 3397)
4(3397 3398 3449 3448)
4(3448 3449 3500 3499)
4(3499 3500 3551 3550)
4(3550 3551 3602 3601)
4(3601 3602 3653 3652)
4(3652 3653 3704 3703)
4(3703 3704 3755 3754)
4(3754 3755 3806 3805)
4(3805 3806 3857 3856)
4(3856 3857 3908 3907)
4(3907 3908 3959 3958)
4(3958 3959 4010 4009)
4(4009 4010 4061 4060)
4(4060 4061 4112 4111)
4(4111 4112 4163 4162)
4(4162 4163 4214 4213)
4(4213 4214 4265 4264)
4(3245 3246 3297 3296)
4(3296 3297 3348 3347)
4(3347 3348 3399 3398)
4(3398 3399 3450 3449)
4(3449 3450 3501 3500)
4(3500 3501 3552 3551)
4(3551 3552 3603 3602)
4(3602 3603 3654 3653)
4(3653 3654 3705 3704)
4(3704 3705 3756 3755)
4(3755 3756 3807 3806)
4(3806 3807 3858 3857)
4(3857 3858 3909 3908)
4(3908 3909 3960 3959)
4(3959 3960 4011 4010)
4(4010 4011 4062 4061)
4(4061 4062 4113 4112)
4(4112 4113 4164 4163)
4(4163 4164 4215 4214)
4(4214 4215 4266 4265)
4(3246 3247 3298 3297)
4(3297 3298 3349 3348)
4(3348 3349 3400 3399)
4(3399 3400 3451 3450)
4(3450 3451 3502 3501)
4(3501 3502 3553 3552)
4(3552 3553 3604 3603)
4(3603 3604 3655 3654)
4(3654 3655 3706 3705)
4(3705 3706 3757 3756)
4(3756 3757 3808 3807)
4(3807 3808 3859 3858)
4(3858 3859 3910 3909)
4(3909 3910 3961 3960)
4(3960 3961 4012 4011)
4(4011 4012 4063 4062)
4(4062 4063 4114 4113)
4(4113 4114 4165 4164)
4(4164 4165 4216 4215)
4(4215 4216 4267 4266)
4(3247 3248 3299 3298)
4(3298 3299 3350 3349)
4(3349 3350 3401 3400)
4(3400 3401 3452 3451)
4(3451 3452 3503 3502)
4(3502 3503 3554 3553)
4(3553 3554 3605 3604)
4(3604 3605 3656 3655)
4(3655 3656 3707 3706)
4(3706 3707 3758 3757)
4(3757 3758 3809 3808)
4(3808 3809 3860 3859)
4(3859 3860 3911 3910)
4(3910 3911 3962 3961)
4(3961 3962 4013 4012)
4(4012 4013 4064 4063)
4(4063 4064 4115 4114)
4(4114 4115 4166 4165)
4(4165 4166 4217 4216)
4(4216 4217 4268 4267)
4(3248 3249 3300 3299)
4(3299 3300 3351 3350)
4(3350 3351 3402 3401)
4(3401 3402 3453 3452)
4(3452 3453 3504 3503)
4(3503 3504 3555 3554)
4(3554 3555 3606 3605)
4(3605 3606 3657 3656)
4(3656 3657 3708 3707)
4(3707 3708 3759 3758)
4(3758 3759 3810 3809)
4(3809 3810 3861 3860)
4(3860 3861 3912 3911)
4(3911 3912 3963 3962)
4(3962 3963 4014 4013)
4(4013 4014 4065 4064)
4(4064 4065 4116 4115)
4(4115 4116 4167 4166)
4(4166 4167 4218 4217)
4(4217 4218 4269 4268)
4(3249 3250 3301 3300)
4(3300 3301 3352 3351)
4(3351 3352 3403 3402)
4(3402 3403 3454 3453)
4(3453 3454 3505 3504)
4(3504 3505 3556 3555)
4(3555 3556 3607 3606)
4(3606 3607 3658 3657)
4(3657 3658 3709 3708)
4(3708 3709 3760 3759)
4(3759 3760 3811 3810)
4(3810 3811 3862 3861)
4(3861 3862 3913 3912)
4(3912 3913 3964 3963)
4(3963 3964 4015 4014)
4(4014 4015 4066 4065)
4(4065 4066 4117 4116)
4(4116 4117 4168 4167)
4(4167 4168 4219 4218)
4(4218 4219 4270 4269)
4(3250 3251 3302 3301)
4(3301 3302 3353 3352)
4(3352 3353 3404 3403)
4(3403 3404 3455 3454)
4(3454 3455 3506 3505)
4(3505 3506 3557 3556)
4(3556 3557 3608 3607)
4(3607 3608 3659 3658)
4(3658 3659 3710 3709)
4(3709 3710 3761 3760)
4(3760 3761 3812 3811)
4(3811 3812 3863 3862)
4(3862 3863 3914 3913)
4(3913 3914 3965 3964)
4(3964 3965 4016 4015)
4(4015 4016 4067 4066)
4(4066 4067 4118 4117)
4(4117 4118 4169 4168)
4(4168 4169 4220 4219)
4(4219 4220 4271 4270)
4(3251 3252 3303 3302)
4(3302 3303 3354 3353)
4(3353 3354 3405 3404)
4(3404 3405 3456 3455)
4(3455 3456 3507 3506)
4(3506 3507 3558 3557)
4(3557 3558 3609 3608)
4(3608 3609 3660 3659)
4(3659 3660 3711 3710)
4(3710 3711 3762 3761)
4(3761 3762 3813 3812)
4(3812 3813 3864 3863)
4(3863 3864 3915 3914)
4(3914 3915 3966 3965)
4(3965 3966 4017 4016)
4(4016 4017 4068 4067)
4(4067 4068 4119 4118)
4(4118 4119 4170 4169)
4(4169 4170 4221 4220)
4(4220 4221 4272 4271)
4(3252 3253 3304 3303)
4(3303 3304 3355 3354)
4(3354 3355 3406 3405)
4(3405 3406 3457 3456)
4(3456 3457 3508 3507)
4(3507 3508 3559 3558)
4(3558 3559 3610 3609)
4(3609 3610 3661 3660)
4(3660 3661 3712 3711)
4(3711 3712 3763 3762)
4(3762 3763 3814 3813)
4(3813 3814 3865 3864)
4(3864 3865 3916 3915)
4(3915 3916 3967 3966)
4(3966 3967 4018 4017)
4(4017 4018 4069 4068)
4(4068 4069 4120 4119)
4(4119 4120 4171 4170)
4(4170 4171 4222 4221)
4(4221 4222 4273 4272)
4(3253 3254 3305 3304)
4(3304 3305 3356 3355)
4(3355 3356 3407 3406)
4(3406 3407 3458 3457)
4(3457 3458 3509 3508)
4(3508 3509 3560 3559)
4(3559 3560 3611 3610)
4(3610 3611 3662 3661)
4(3661 3662 3713 3712)
4(3712 3713 3764 3763)
4(3763 3764 3815 3814)
4(3814 3815 3866 3865)
4(3865 3866 3917 3916)
4(3916 3917 3968 3967)
4(3967 3968 4019 4018)
4(4018 4019 4070 4069)
4(4069 4070 4121 4120)
4(4120 4121 4172 4171)
4(4171 4172 4223 4222)
4(4222 4223 4274 4273)
4(3254 3255 3306 3305)
4(3305 3306 3357 3356)
4(3356 3357 3408 3407)
4(3407 3408 3459 3458)
4(3458 3459 3510 3509)
4(3509 3510 3561 3560)
4(3560 3561 3612 3611)
4(3611 3612 3663 3662)
4(3662 3663 3714 3713)
4(3713 3714 3765 3764)
4(3764 3765 3816 3815)
4(3815 3816 3867 3866)
4(3866 3867 3918 3917)
4(3917 3918 3969 3968)
4(3968 3969 4020 4019)
4(4019 4020 4071 4070)
4(4070 4071 4122 4121)
4(4121 4122 4173 4172)
4(4172 4173 4224 4223)
4(4223 4224 4275 4274)
4(3255 3256 3307 3306)
4(3306 3307 3358 3357)
4(3357 3358 3409 3408)
4(3408 3409 3460 3459)
4(3459 3460 3511 3510)
4(3510 3511 3562 3561)
4(3561 3562 3613 3612)
4(3612 3613 3664 3663)
4(3663 3664 3715 3714)
4(3714 3715 3766 3765)
4(3765 3766 3817 3816)
4(3816 3817 3868 3867)
4(3867 3868 3919 3918)
4(3918 3919 3970 3969)
4(3969 3970 4021 4020)
4(4020 4021 4072 4071)
4(4071 4072 4123 4122)
4(4122 4123 4174 4173)
4(4173 4174 4225 4224)
4(4224 4225 4276 4275)
4(3256 3257 3308 3307)
4(3307 3308 3359 3358)
4(3358 3359 3410 3409)
4(3409 3410 3461 3460)
4(3460 3461 3512 3511)
4(3511 3512 3563 3562)
4(3562 3563 3614 3613)
4(3613 3614 3665 3664)
4(3664 3665 3716 3715)
4(3715 3716 3767 3766)
4(3766 3767 3818 3817)
4(3817 3818 3869 3868)
4(3868 3869 3920 3919)
4(3919 3920 3971 3970)
4(3970 3971 4022 4021)
4(4021 4022 4073 4072)
4(4072 4073 4124 4123)
4(4123 4124 4175 4174)
4(4174 4175 4226 4225)
4(4225 4226 4277 4276)
4(3257 3258 3309 3308)
4(3308 3309 3360 3359)
4(3359 3360 3411 3410)
4(3410 3411 3462 3461)
4(3461 3462 3513 3512)
4(3512 3513 3564 3563)
4(3563 3564 3615 3614)
4(3614 3615 3666 3665)
4(3665 3666 3717 3716)
4(3716 3717 3768 3767)
4(3767 3768 3819 3818)
4(3818 3819 3870 3869)
4(3869 3870 3921 3920)
4(3920 3921 3972 3971)
4(3971 3972 4023 4022)
4(4022 4023 4074 4073)
4(4073 4074 4125 4124)
4(4124 4125 4176 4175)
4(4175 4176 4227 4226)
4(4226 4227 4278 4277)
4(3258 3259 3310 3309)
4(3309 3310 3361 3360)
4(3360 3361 3412 3411)
4(3411 3412 3463 3462)
4(3462 3463 3514 3513)
4(3513 3514 3565 3564)
4(3564 3565 3616 3615)
4(3615 3616 3667 3666)
4(3666 3667 3718 3717)
4(3717 3718 3769 3768)
4(3768 3769 3820 3819)
4(3819 3820 3871 3870)
4(3870 3871 3922 3921)
4(3921 3922 3973 3972)
4(3972 3973 4024 4023)
4(4023 4024 4075 4074)
4(4074 4075 4126 4125)
4(4125 4126 4177 4176)
4(4176 4177 4228 4227)
4(4227 4228 4279 4278)
4(3259 3260 3311 3310)
4(3310 3311 3362 3361)
4(3361 3362 3413 3412)
4(3412 3413 3464 3463)
4(3463 3464 3515 3514)
4(3514 3515 3566 3565)
4(3565 3566 3617 3616)
4(3616 3617 3668 3667)
4(3667 3668 3719 3718)
4(3718 3719 3770 3769)
4(3769 3770 3821 3820)
4(3820 3821 3872 3871)
4(3871 3872 3923 3922)
4(3922 3923 3974 3973)
4(3973 3974 4025 4024)
4(4024 4025 4076 4075)
4(4075 4076 4127 4126)
4(4126 4127 4178 4177)
4(4177 4178 4229 4228)
4(4228 4229 4280 4279)
4(3260 3261 3312 3311)
4(3311 3312 3363 3362)
4(3362 3363 3414 3413)
4(3413 3414 3465 3464)
4(3464 3465 3516 3515)
4(3515 3516 3567 3566)
4(3566 3567 3618 3617)
4(3617 3618 3669 3668)
4(3668 3669 3720 3719)
4(3719 3720 3771 3770)
4(3770 3771 3822 3821)
4(3821 3822 3873 3872)
4(3872 3873 3924 3923)
4(3923 3924 3975 3974)
4(3974 3975 4026 4025)
4(4025 4026 4077 4076)
4(4076 4077 4128 4127)
4(4127 4128 4179 4178)
4(4178 4179 4230 4229)
4(4229 4230 4281 4280)
4(3261 3262 3313 3312)
4(3312 3313 3364 3363)
4(3363 3364 3415 3414)
4(3414 3415 3466 3465)
4(3465 3466 3517 3516)
4(3516 3517 3568 3567)
4(3567 3568 3619 3618)
4(3618 3619 3670 3669)
4(3669 3670 3721 3720)
4(3720 3721 3772 3771)
4(3771 3772 3823 3822)
4(3822 3823 3874 3873)
4(3873 3874 3925 3924)
4(3924 3925 3976 3975)
4(3975 3976 4027 4026)
4(4026 4027 4078 4077)
4(4077 4078 4129 4128)
4(4128 4129 4180 4179)
4(4179 4180 4231 4230)
4(4230 4231 4282 4281)
4(3262 3263 3314 3313)
4(3313 3314 3365 3364)
4(3364 3365 3416 3415)
4(3415 3416 3467 3466)
4(3466 3467 3518 3517)
4(3517 3518 3569 3568)
4(3568 3569 3620 3619)
4(3619 3620 3671 3670)
4(3670 3671 3722 3721)
4(3721 3722 3773 3772)
4(3772 3773 3824 3823)
4(3823 3824 3875 3874)
4(3874 3875 3926 3925)
4(3925 3926 3977 3976)
4(3976 3977 4028 4027)
4(4027 4028 4079 4078)
4(4078 4079 4130 4129)
4(4129 4130 4181 4180)
4(4180 4181 4232 4231)
4(4231 4232 4283 4282)
4(0 51 52 1)
4(51 102 103 52)
4(102 153 154 103)
4(153 204 205 154)
4(204 255 256 205)
4(255 306 307 256)
4(306 357 358 307)
4(357 408 409 358)
4(408 459 460 409)
4(459 510 511 460)
4(510 561 562 511)
4(561 612 613 562)
4(612 663 664 613)
4(663 714 715 664)
4(714 765 766 715)
4(765 816 817 766)
4(816 867 868 817)
4(867 918 919 868)
4(918 969 970 919)
4(969 1020 1021 970)
4(1 52 53 2)
4(52 103 104 53)
4(103 154 155 104)
4(154 205 206 155)
4(205 256 257 206)
4(256 307 308 257)
4(307 358 359 308)
4(358 409 410 359)
4(409 460 461 410)
4(460 511 512 461)
4(511 562 563 512)
4(562 613 614 563)
4(613 664 665 614)
4(664 715 716 665)
4(715 766 767 716)
4(766 817 818 767)
4(817 868 869 818)
4(868 919 920 869)
4(919 970 971 920)
4(970 1021 1022 971)
4(2 53 54 3)
4(53 104 105 54)
4(104 155 156 105)
4(155 206 207 156)
4(206 257 258 207)
4(257 308 309 258)
4(308 359 360 309)
4(359 410 411 360)
4(410 461 462 411)
4(461 512 513 462)
4(512 563 564 513)
4(563 614 615 564)
4(614 665 666 615)
4(665 716 717 666)
4(716 767 768 717)
4(767 818 819 768)
4(818 869 870 819)
4(869 920 921 870)
4(920 971 972 921)
4(971 1022 1023 972)
4(3 54 55 4)
4(54 105 106 55)
4(105 156 157 106)
4(156 207 208 157)
4(207 258 259 208)
4(258 309 310 259)
4(309 360 361 310)
4(360 411 412 361)
4(411 462 463 412)
4(462 513 514 463)
4(513 564 565 514)
4(564 615 616 565)
4(615 666 667 616)
4(666 717 718 667)
4(717 768 769 718)
4(768 819 820 769)
4(819 870 871 820)
4(870 921 922 871)
4(921 972 973 922)
4(972 1023 1024 973)
4(4 55 56 5)
4(55 106 107 56)
4(106 157 158 107)
4(157 208 209 158)
4(208 259 260 209)
4(259 310 311 260)
4(310 361 362 311)
4(361 412 413 362)
4(412 463 464 413)
4(463 514 515 464)
4(514 565 566 515)
4(565 616 617 566)
4(616 667 668 617)
4(667 718 719 668)
4(718 769 770 719)
4(769 820 821 770)
4(820 871 872 821)
4(871 922 923 872)
4(922 973 974 923)
4(973 1024 1025 974)
4(5 56 57 6)
4(56 107 108 57)
4(107 158 159 108)
4(158 209 210 159)
4(209 260 261 210)
4(260 311 312 261)
4(311 362 363 312)
4(362 413 414 363)
4(413 464 465 414)
4(464 515 516 465)
4(515 566 567 516)
4(566 617 618 567)
4(617 668 669 618)
4(668 719 720 669)
4(719 770 771 720)
4(770 821 822 771)
4(821 872 873 822)
4(872 923 924 873)
4(923 974 975 924)
4(974 1025 1026 975)
4(6 57 58 7)
4(57 108 109 58)
4(108 159 160 109)
4(159 210 211 160)
4(210 261 262 211)
4(261 312 313 262)
4(312 363 364 313)
4(363 414 415 364)
4(414 465 466 415)
4(465 516 517 466)
4(516 567 568 517)
4(567 618 619 568)
4(618 669 670 619)
4(669 720 721 670)
4(720 771 772 721)
4(771 822 823 772)
4(822 873 874 823)
4(873 924 925 874)
4(924 975 976 925)
4(975 1026 1027 976)
4(7 58 59 8)
4(58 109 110 59)
4(109 160 161 110)
4(160 211 212 161)
4(211 262 263 212)
4(262 313 314 263)
4(313 364 365 314)
4(364 415 416 365)
4(415 466 467 416)
4(466 517 518 467)
4(517 568 569 518)
4(568 619 620 569)
4(619 670 671 620)
4(670 721 722 671)
4(721 772 773 722)
4(772 823 824 773)
4(823 874 875 824)
4(874 925 926 875)
4(925 976 977 926)
4(976 1027 1028 977)
4(8 59 60 9)
4(59 110 111 60)
4(110 161 162 111)
4(161 212 213 162)
4(212 263 264 213)
4(263 314 315 264)
4(314 365 366 315)
4(365 416 417 366)
4(416 467 468 417)
4(467 518 519 468)
4(518 569 570 519)
4(569 620 621 570)
4(620 671 672 621)
4(671 722 723 672)
4(722 773 774 723)
4(773 824 825 774)
4(824 875 876 825)
4(875 926 927 876)
4(926 977 978 927)
4(977 1028 1029 978)
4(9 60 61 10)
4(60 111 112 61)
4(111 162 163 112)
4(162 213 214 163)
4(213 264 265 214)
4(264 315 316 265)
4(315 366 367 316)
4(366 417 418 367)
4(417 468 469 418)
4(468 519 520 469)
4(519 570 571 520)
4(570 621 622 571)
4(621 672 673 622)
4(672 723 724 673)
4(723 774 775 724)
4(774 825 826 775)
4(825 876 877 826)
4(876 927 928 877)
4(927 978 979 928)
4(978 1029 1030 979)
4(10 61 62 11)
4(61 112 113 62)
4(112 163 164 113)
4(163 214 215 164)
4(214 265 266 215)
4(265 316 317 266)
4(316 367 368 317)
4(367 418 419 368)
4(418 469 470 419)
4(469 520 521 470)
4(520 571 572 521)
4(571 622 623 572)
4(622 673 674 623)
4(673 724 725 674)
4(724 775 776 725)
4(775 826 827 776)
4(826 877 878 827)
4(877 928 929 878)
4(928 979 980 929)
4(979 1030 1031 980)
4(11 62 63 12)
4(62 113 114 63)
4(113 164 165 114)
4(164 215 216 165)
4(215 266 267 216)
4(266 317 318 267)
4(317 368 369 318)
4(368 419 420 369)
4(419 470 471 420)
4(470 521 522 471)
4(521 572 573 522)
4(572 623 624 573)
4(623 674 675 624)
4(674 725 726 675)
4(725 776 777 726)
4(776 827 828 777)
4(827 878 879 828)
4(878 929 930 879)
4(929 980 981 930)
4(980 1031 1032 981)
4(12 63 64 13)
4(63 114 115 64)
4(114 165 166 115)
4(165 216 217 166)
4(216 267 268 217)
4(267 318 319 268)
4(318 369 370 319)
4(369 420 421 370)
4(420 471 472 421)
4(471 522 523 472)
4(522 573 574 523)
4(573 624 625 574)
4(624 675 676 625)
4(675 726 727 676)
4(726 777 778 727)
4(777 828 829 778)
4(828 879 880 829)
4(879 930 931 880)
4(930 981 982 931)
4(981 1032 1033 982)
4(13 64 65 14)
4(64 115 116 65)
4(115 166 167 116)
4(166 217 218 167)
4(217 268 269 218)
4(268 319 320 269)
4(319 370 371 320)
4(370 421 422 371)
4(421 472 473 422)
4(472 523 524 473)
4(523 574 575 524)
4(574 625 626 575)
4(625 676 677 626)
4(676 727 728 677)
4(727 778 779 728)
4(778 829 830 779)
4(829 880 881 830)
4(880 931 932 881)
4(931 982 983 932)
4(982 1033 1034 983)
4(14 65 66 15)
4(65 116 117 66)
4(116 167 168 117)
4(167 218 219 168)
4(218 269 270 219)
4(269 320 321 270)
4(320 371 372 321)
4(371 422 423 372)
4(422 473 474 423)
4(473 524 525 474)
4(524 575 576 525)
4(575 626 627 576)
4(626 677 678 627)
4(677 728 729 678)
4(728 779 780 729)
4(779 830 831 780)
4(830 881 882 831)
4(881 932 933 882)
4(932 983 984 933)
4(983 1034 1035 984)
4(15 66 67 16)
4(66 117 118 67)
4(117 168 169 118)
4(168 219 220 169)
4(219 270 271 220)
4(270 321 322 271)
4(321 372 373 322)
4(372 423 424 373)
4(423 474 475 424)
4(474 525 526 475)
4(525 576 577 526)
4(576 627 628 577)
4(627 678 679 628)
4(678 729 730 679)
4(729 780 781 730)
4(780 831 832 781)
4(831 882 883 832)
4(882 933 934 883)
4(933 984 985 934)
4(984 1035 1036 985)
4(16 67 68 17)
4(67 118 119 68)
4(118 169 170 119)
4(169 220 221 170)
4(220 271 272 221)
4(271 322 323 272)
4(322 373 374 323)
4(373 424 425 374)
4(424 475 476 425)
4(475 526 527 476)
4(526 577 578 527)
4(577 628 629 578)
4(628 679 680 629)
4(679 730 731 680)
4(730 781 782 731)
4(781 832 833 782)
4(832 883 884 833)
4(883 934 935 884)
4(934 985 986 935)
4(985 1036 1037 986)
4(17 68 69 18)
4(68 119 120 69)
4(119 170 171 120)
4(170 221 222 171)
4(221 272 273 222)
4(272 323 324 273)
4(323 374 375 324)
4(374 425 426 375)
4(425 476 477 426)
4(476 527 528 477)
4(527 578 579 528)
4(578 629 630 579)
4(629 680 681 630)
4(680 731 732 681)
4(731 782 783 732)
4(782 833 834 783)
4(833 884 885 834)
4(884 935 936 885)
4(935 986 987 936)
4(986 1037 1038 987)
4(18 69 70 19)
4(69 120 121 70)
4(120 171 172 121)
4(171 222 223 172)
4(222 273 274 223)
4(273 324 325 274)
4(324 375 376 325)
4(375 426 427 376)
4(426 477 478 427)
4(477 528 529 478)
4(528 579 580 529)
4(579 630 631 580)
4(630 681 682 631)
4(681 732 733 682)
4(732 783 784 733)
4(783 834 835 784)
4(834 885 886 835)
4(885 936 937 886)
4(936 987 988 937)
4(987 1038 1039 988)
4(19 70 71 20)
4(70 121 122 71)
4(121 172 173 122)
4(172 223 224 173)
4(223 274 275 224)
4(274 325 326 275)
4(325 376 377 326)
4(376 427 428 377)
4(427 478 479 428)
4(478 529 530 479)
4(529 580 581 530)
4(580 631 632 581)
4(631 682 683 632)
4(682 733 734 683)
4(733 784 785 734)
4(784 835 836 785)
4(835 886 887 836)
4(886 937 938 887)
4(937 988 989 938)
4(988 1039 1040 989)
4(20 71 72 21)
4(71 122 123 72)
4(122 173 174 123)
4(173 224 225 174)
4(224 275 276 225)
4(275 326 327 276)
4(326 377 378 327)
4(377 428 429 378)
4(428 479 480 429)
4(479 530 531 480)
4(530 581 582 531)
4(581 632 633 582)
4(632 683 684 633)
4(683 734 735 684)
4(734 785 786 735)
4(785 836 837 786)
4(836 887 888 837)
4(887 938 939 888)
4(938 989 990 939)
4(989 1040 1041 990)
4(21 72 73 22)
4(72 123 124 73)
4(123 174 175 124)
4(174 225 226 175)
4(225 276 277 226)
4(276 327 328 277)
4(327 378 379 328)
4(378 429 430 379)
4(429 480 481 430)
4(480 531 532 481)
4(531 582 583 532)
4(582 633 634 583)
4(633 684 685 634)
4(684 735 736 685)
4(735 786 787 736)
4(786 837 838 787)
4(837 888 889 838)
4(888 939 940 889)
4(939 990 991 940)
4(990 1041 1042 991)
4(22 73 74 23)
4(73 124 125 74)
4(124 175 176 125)
4(175 226 227 176)
4(226 277 278 227)
4(277 328 329 278)
4(328 379 380 329)
4(379 430 431 380)
4(430 481 482 431)
4(481 532 533 482)
4(532 583 584 533)
4(583 634 635 584)
4(634 685 686 635)
4(685 736 737 686)
4(736 787 788 737)
4(787 838 839 788)
4(838 889 890 839)
4(889 940 941 890)
4(940 991 992 941)
4(991 1042 1043 992)
4(23 74 75 24)
4(74 125 126 75)
4(125 176 177 126)
4(176 227 228 177)
4(227 278 279 228)
4(278 329 330 279)
4(329 380 381 330)
4(380 431 432 381)
4(431 482 483 432)
4(482 533 534 483)
4(533 584 585 534)
4(584 635 636 585)
4(635 686 687 636)
4(686 737 738 687)
4(737 788 789 738)
4(788 839 840 789)
4(839 890 891 840)
4(890 941 942 891)
4(941 992 993 942)
4(992 1043 1044 993)
4(24 75 76 25)
4(75 126 127 76)
4(126 177 178 127)
4(177 228 229 178)
4(228 279 280 229)
4(279 330 331 280)
4(330 381 382 331)
4(381 432 433 382)
4(432 483 484 433)
4(483 534 535 484)
4(534 585 586 535)
4(585 636 637 586)
4(636 687 688 637)
4(687 738 739 688)
4(738 789 790 739)
4(789 840 841 790)
4(840 891 892 841)
4(891 942 943 892)
4(942 993 994 943)
4(993 1044 1045 994)
4(25 76 77 26)
4(76 127 128 77)
4(127 178 179 128)
4(178 229 230 179)
4(229 280 281 230)
4(280 331 332 281)
4(331 382 383 332)
4(382 433 434 383)
4(433 484 485 434)
4(484 535 536 485)
4(535 586 587 536)
4(586 637 638 587)
4(637 688 689 638)
4(688 739 740 689)
4(739 790 791 740)
4(790 841 842 791)
4(841 892 893 842)
4(892 943 944 893)
4(943 994 995 944)
4(994 1045 1046 995)
4(26 77 78 27)
4(77 128 129 78)
4(128 179 180 129)
4(179 230 231 180)
4(230 281 282 231)
4(281 332 333 282)
4(332 383 384 333)
4(383 434 435 384)
4(434 485 486 435)
4(485 536 537 486)
4(536 587 588 537)
4(587 638 639 588)
4(638 689 690 639)
4(689 740 741 690)
4(740 791 792 741)
4(791 842 843 792)
4(842 893 894 843)
4(893 944 945 894)
4(944 995 996 945)
4(995 1046 1047 996)
4(27 78 79 28)
4(78 129 130 79)
4(129 180 181 130)
4(180 231 232 181)
4(231 282 283 232)
4(282 333 334 283)
4(333 384 385 334)
4(384 435 436 385)
4(435 486 487 436)
4(486 537 538 487)
4(537 588 589 538)
4(588 639 640 589)
4(639 690 691 640)
4(690 741 742 691)
4(741 792 793 742)
4(792 843 844 793)
4(843 894 895 844)
4(894 945 946 895)
4(945 996 997 946)
4(996 1047 1048 997)
4(28 79 80 29)
4(79 130 131 80)
4(130 181 182 131)
4(181 232 233 182)
4(232 283 284 233)
4(283 334 335 284)
4(334 385 386 335)
4(385 436 437 386)
4(436 487 488 437)
4(487 538 539 488)
4(538 589 590 539)
4(589 640 641 590)
4(640 691 692 641)
4(691 742 743 692)
4(742 793 794 743)
4(793 844 845 794)
4(844 895 896 845)
4(895 946 947 896)
4(946 997 998 947)
4(997 1048 1049 998)
4(29 80 81 30)
4(80 131 132 81)
4(131 182 183 132)
4(182 233 234 183)
4(233 284 285 234)
4(284 335 336 285)
4(335 386 387 336)
4(386 437 438 387)
4(437 488 489 438)
4(488 539 540 489)
4(539 590 591 540)
4(590 641 642 591)
4(641 692 693 642)
4(692 743 744 693)
4(743 794 795 744)
4(794 845 846 795)
4(845 896 897 846)
4(896 947 948 897)
4(947 998 999 948)
4(998 1049 1050 999)
4(30 81 82 31)
4(81 132 133 82)
4(132 183 184 133)
4(183 234 235 184)
4(234 285 286 235)
4(285 336 337 286)
4(336 387 388 337)
4(387 438 439 388)
4(438 489 490 439)
4(489 540 541 490)
4(540 591 592 541)
4(591 642 643 592)
4(642 693 694 643)
4(693 744 745 694)
4(744 795 796 745)
4(795 846 847 796)
4(846 897 898 847)
4(897 948 949 898)
4(948 999 1000 949)
4(999 1050 1051 1000)
4(31 82 83 32)
4(82 133 134 83)
4(133 184 185 134)
4(184 235 236 185)
4(235 286 287 236)
4(286 337 338 287)
4(337 388 389 338)
4(388 439 440 389)
4(439 490 491 440)
4(490 541 542 491)
4(541 592 593 542)
4(592 643 644 593)
4(643 694 695 644)
4(694 745 746 695)
4(745 796 797 746)
4(796 847 848 797)
4(847 898 899 848)
4(898 949 950 899)
4(949 1000 1001 950)
4(1000 1051 1052 1001)
4(32 83 84 33)
4(83 134 135 84)
4(134 185 186 135)
4(185 236 237 186)
4(236 287 288 237)
4(287 338 339 288)
4(338 389 390 339)
4(389 440 441 390)
4(440 491 492 441)
4(491 542 543 492)
4(542 593 594 543)
4(593 644 645 594)
4(644 695 696 645)
4(695 746 747 696)
4(746 797 798 747)
4(797 848 849 798)
4(848 899 900 849)
4(899 950 951 900)
4(950 1001 1002 951)
4(1001 1052 1053 1002)
4(33 84 85 34)
4(84 135 136 85)
4(135 186 187 136)
4(186 237 238 187)
4(237 288 289 238)
4(288 339 340 289)
4(339 390 391 340)
4(390 441 442 391)
4(441 492 493 442)
4(492 543 544 493)
4(543 594 595 544)
4(594 645 646 595)
4(645 696 697 646)
4(696 747 748 697)
4(747 798 799 748)
4(798 849 850 799)
4(849 900 901 850)
4(900 951 952 901)
4(951 1002 1003 952)
4(1002 1053 1054 1003)
4(34 85 86 35)
4(85 136 137 86)
4(136 187 188 137)
4(187 238 239 188)
4(238 289 290 239)
4(289 340 341 290)
4(340 391 392 341)
4(391 442 443 392)
4(442 493 494 443)
4(493 544 545 494)
4(544 595 596 545)
4(595 646 647 596)
4(646 697 698 647)
4(697 748 749 698)
4(748 799 800 749)
4(799 850 851 800)
4(850 901 902 851)
4(901 952 953 902)
4(952 1003 1004 953)
4(1003 1054 1055 1004)
4(35 86 87 36)
4(86 137 138 87)
4(137 188 189 138)
4(188 239 240 189)
4(239 290 291 240)
4(290 341 342 291)
4(341 392 393 342)
4(392 443 444 393)
4(443 494 495 444)
4(494 545 546 495)
4(545 596 597 546)
4(596 647 648 597)
4(647 698 699 648)
4(698 749 750 699)
4(749 800 801 750)
4(800 851 852 801)
4(851 902 903 852)
4(902 953 954 903)
4(953 1004 1005 954)
4(1004 1055 1056 1005)
4(36 87 88 37)
4(87 138 139 88)
4(138 189 190 139)
4(189 240 241 190)
4(240 291 292 241)
4(291 342 343 292)
4(342 393 394 343)
4(393 444 445 394)
4(444 495 496 445)
4(495 546 547 496)
4(546 597 598 547)
4(597 648 649 598)
4(648 699 700 649)
4(699 750 751 700)
4(750 801 802 751)
4(801 852 853 802)
4(852 903 904 853)
4(903 954 955 904)
4(954 1005 1006 955)
4(1005 1056 1057 1006)
4(37 88 89 38)
4(88 139 140 89)
4(139 190 191 140)
4(190 241 242 191)
4(241 292 293 242)
4(292 343 344 293)
4(343 394 395 344)
4(394 445 446 395)
4(445 496 497 446)
4(496 547 548 497)
4(547 598 599 548)
4(598 649 650 599)
4(649 700 701 650)
4(700 751 752 701)
4(751 802 803 752)
4(802 853 854 803)
4(853 904 905 854)
4(904 955 956 905)
4(955 1006 1007 956)
4(1006 1057 1058 1007)
4(38 89 90 39)
4(89 140 141 90)
4(140 191 192 141)
4(191 242 243 192)
4(242 293 294 243)
4(293 344 345 294)
4(344 395 396 345)
4(395 446 447 396)
4(446 497 498 447)
4(497 548 549 498)
4(548 599 600 549)
4(599 650 651 600)
4(650 701 702 651)
4(701 752 753 702)
4(752 803 804 753)
4(803 854 855 804)
4(854 905 906 855)
4(905 956 957 906)
4(956 1007 1008 957)
4(1007 1058 1059 1008)
4(39 90 91 40)
4(90 141 142 91)
4(141 192 193 142)
4(192 243 244 193)
4(243 294 295 244)
4(294 345 346 295)
4(345 396 397 346)
4(396 447 448 397)
4(447 498 499 448)
4(498 549 550 499)
4(549 600 601 550)
4(600 651 652 601)
4(651 702 703 652)
4(702 753 754 703)
4(753 804 805 754)
4(804 855 856 805)
4(855 906 907 856)
4(906 957 958 907)
4(957 1008 1009 958)
4(1008 1059 1060 1009)
4(40 91 92 41)
4(91 142 143 92)
4(142 193 194 143)
4(193 244 245 194)
4(244 295 296 245)
4(295 346 347 296)
4(346 397 398 347)
4(397 448 449 398)
4(448 499 500 449)
4(499 550 551 500)
4(550 601 602 551)
4(601 652 653 602)
4(652 703 704 653)
4(703 754 755 704)
4(754 805 806 755)
4(805 856 857 806)
4(856 907 908 857)
4(907 958 959 908)
4(958 1009 1010 959)
4(1009 1060 1061 1010)
4(41 92 93 42)
4(92 143 144 93)
4(143 194 195 144)
4(194 245 246 195)
4(245 296 297 246)
4(296 347 348 297)
4(347 398 399 348)
4(398 449 450 399)
4(449 500 501 450)
4(500 551 552 501)
4(551 602 603 552)
4(602 653 654 603)
4(653 704 705 654)
4(704 755 756 705)
4(755 806 807 756)
4(806 857 858 807)
4(857 908 909 858)
4(908 959 960 909)
4(959 1010 1011 960)
4(1010 1061 1062 1011)
4(42 93 94 43)
4(93 144 145 94)
4(144 195 196 145)
4(195 246 247 196)
4(246 297 298 247)
4(297 348 349 298)
4(348 399 400 349)
4(399 450 451 400)
4(450 501 502 451)
4(501 552 553 502)
4(552 603 604 553)
4(603 654 655 604)
4(654 705 706 655)
4(705 756 757 706)
4(756 807 808 757)
4(807 858 859 808)
4(858 909 910 859)
4(909 960 961 910)
4(960 1011 1012 961)
4(1011 1062 1063 1012)
4(43 94 95 44)
4(94 145 146 95)
4(145 196 197 146)
4(196 247 248 197)
4(247 298 299 248)
4(298 349 350 299)
4(349 400 401 350)
4(400 451 452 401)
4(451 502 503 452)
4(502 553 554 503)
4(553 604 605 554)
4(604 655 656 605)
4(655 706 707 656)
4(706 757 758 707)
4(757 808 809 758)
4(808 859 860 809)
4(859 910 911 860)
4(910 961 962 911)
4(961 1012 1013 962)
4(1012 1063 1064 1013)
4(44 95 96 45)
4(95 146 147 96)
4(146 197 198 147)
4(197 248 249 198)
4(248 299 300 249)
4(299 350 351 300)
4(350 401 402 351)
4(401 452 453 402)
4(452 503 504 453)
4(503 554 555 504)
4(554 605 606 555)
4(605 656 657 606)
4(656 707 708 657)
4(707 758 759 708)
4(758 809 810 759)
4(809 860 861 810)
4(860 911 912 861)
4(911 962 963 912)
4(962 1013 1014 963)
4(1013 1064 1065 1014)
4(45 96 97 46)
4(96 147 148 97)
4(147 198 199 148)
4(198 249 250 199)
4(249 300 301 250)
4(300 351 352 301)
4(351 402 403 352)
4(402 453 454 403)
4(453 504 505 454)
4(504 555 556 505)
4(555 606 607 556)
4(606 657 658 607)
4(657 708 709 658)
4(708 759 760 709)
4(759 810 811 760)
4(810 861 862 811)
4(861 912 913 862)
4(912 963 964 913)
4(963 1014 1015 964)
4(1014 1065 1066 1015)
4(46 97 98 47)
4(97 148 149 98)
4(148 199 200 149)
4(199 250 251 200)
4(250 301 302 251)
4(301 352 353 302)
4(352 403 404 353)
4(403 454 455 404)
4(454 505 506 455)
4(505 556 557 506)
4(556 607 608 557)
4(607 658 659 608)
4(658 709 710 659)
4(709 760 761 710)
4(760 811 812 761)
4(811 862 863 812)
4(862 913 914 863)
4(913 964 965 914)
4(964 1015 1016 965)
4(1015 1066 1067 1016)
4(47 98 99 48)
4(98 149 150 99)
4(149 200 201 150)
4(200 251 252 201)
4(251 302 303 252)
4(302 353 354 303)
4(353 404 405 354)
4(404 455 456 405)
4(455 506 507 456)
4(506 557 558 507)
4(557 608 609 558)
4(608 659 660 609)
4(659 710 711 660)
4(710 761 762 711)
4(761 812 813 762)
4(812 863 864 813)
4(863 914 915 864)
4(914 965 966 915)
4(965 1016 1017 966)
4(1016 1067 1068 1017)
4(48 99 100 49)
4(99 150 151 100)
4(150 201 202 151)
4(201 252 253 202)
4(252 303 304 253)
4(303 354 355 304)
4(354 405 406 355)
4(405 456 457 406)
4(456 507 508 457)
4(507 558 559 508)
4(558 609 610 559)
4(609 660 661 610)
4(660 711 712 661)
4(711 762 763 712)
4(762 813 814 763)
4(813 864 865 814)
4(864 915 916 865)
4(915 966 967 916)
4(966 1017 1018 967)
4(1017 1068 1069 1018)
4(49 100 101 50)
4(100 151 152 101)
4(151 202 203 152)
4(202 253 254 203)
4(253 304 305 254)
4(304 355 356 305)
4(355 406 407 356)
4(406 457 458 407)
4(457 508 509 458)
4(508 559 560 509)
4(559 610 611 560)
4(610 661 662 611)
4(661 712 713 662)
4(712 763 764 713)
4(763 814 815 764)
4(814 865 866 815)
4(865 916 917 866)
4(916 967 968 917)
4(967 1018 1019 968)
4(1018 1069 1070 1019)
4(2142 2193 2194 2143)
4(2193 2244 2245 2194)
4(2244 2295 2296 2245)
4(2295 2346 2347 2296)
4(2346 2397 2398 2347)
4(2397 2448 2449 2398)
4(2448 2499 2500 2449)
4(2499 2550 2551 2500)
4(2550 2601 2602 2551)
4(2601 2652 2653 2602)
4(2652 2703 2704 2653)
4(2703 2754 2755 2704)
4(2754 2805 2806 2755)
4(2805 2856 2857 2806)
4(2856 2907 2908 2857)
4(2907 2958 2959 2908)
4(2958 3009 3010 2959)
4(3009 3060 3061 3010)
4(3060 3111 3112 3061)
4(3111 3162 3163 3112)
4(2143 2194 2195 2144)
4(2194 2245 2246 2195)
4(2245 2296 2297 2246)
4(2296 2347 2348 2297)
4(2347 2398 2399 2348)
4(2398 2449 2450 2399)
4(2449 2500 2501 2450)
4(2500 2551 2552 2501)
4(2551 2602 2603 2552)
4(2602 2653 2654 2603)
4(2653 2704 2705 2654)
4(2704 2755 2756 2705)
4(2755 2806 2807 2756)
4(2806 2857 2858 2807)
4(2857 2908 2909 2858)
4(2908 2959 2960 2909)
4(2959 3010 3011 2960)
4(3010 3061 3062 3011)
4(3061 3112 3113 3062)
4(3112 3163 3164 3113)
4(2144 2195 2196 2145)
4(2195 2246 2247 2196)
4(2246 2297 2298 2247)
4(2297 2348 2349 2298)
4(2348 2399 2400 2349)
4(2399 2450 2451 2400)
4(2450 2501 2502 2451)
4(2501 2552 2553 2502)
4(2552 2603 2604 2553)
4(2603 2654 2655 2604)
4(2654 2705 2706 2655)
4(2705 2756 2757 2706)
4(2756 2807 2808 2757)
4(2807 2858 2859 2808)
4(2858 2909 2910 2859)
4(2909 2960 2961 2910)
4(2960 3011 3012 2961)
4(3011 3062 3063 3012)
4(3062 3113 3114 3063)
4(3113 3164 3165 3114)
4(2145 2196 2197 2146)
4(2196 2247 2248 2197)
4(2247 2298 2299 2248)
4(2298 2349 2350 2299)
4(2349 2400 2401 2350)
4(2400 2451 2452 2401)
4(2451 2502 2503 2452)
4(2502 2553 2554 2503)
4(2553 2604 2605 2554)
4(2604 2655 2656 2605)
4(2655 2706 2707 2656)
4(2706 2757 2758 2707)
4(2757 2808 2809 2758)
4(2808 2859 2860 2809)
4(2859 2910 2911 2860)
4(2910 2961 2962 2911)
4(2961 3012 3013 2962)
4(3012 3063 3064 3013)
4(3063 3114 3115 3064)
4(3114 3165 3166 3115)
4(2146 2197 2198 2147)
4(2197 2248 2249 2198)
4(2248 2299 2300 2249)
4(2299 2350 2351 2300)
4(2350 2401 2402 2351)
4(2401 2452 2453 2402)
4(2452 2503 2504 2453)
4(2503 2554 2555 2504)
4(2554 2605 2606 2555)
4(2605 2656 2657 2606)
4(2656 2707 2708 2657)
4(2707 2758 2759 2708)
4(2758 2809 2810 2759)
4(2809 2860 2861 2810)
4(2860 2911 2912 2861)
4(2911 2962 2963 2912)
4(2962 3013 3014 2963)
4(3013 3064 3065 3014)
4(3064 3115 3116 3065)
4(3115 3166 3167 3116)
4(2147 2198 2199 2148)
4(2198 2249 2250 2199)
4(2249 2300 2301 2250)
4(2300 2351 2352 2301)
4(2351 2402 2403 2352)
4(2402 2453 2454 2403)
4(2453 2504 2505 2454)
4(2504 2555 2556 2505)
4(2555 2606 2607 2556)
4(2606 2657 2658 2607)
4(2657 2708 2709 2658)
4(2708 2759 2760 2709)
4(2759 2810 2811 2760)
4(2810 2861 2862 2811)
4(2861 2912 2913 2862)
4(2912 2963 2964 2913)
4(2963 3014 3015 2964)
4(3014 3065 3066 3015)
4(3065 3116 3117 3066)
4(3116 3167 3168 3117)
4(2148 2199 2200 2149)
4(2199 2250 2251 2200)
4(2250 2301 2302 2251)
4(2301 2352 2353 2302)
4(2352 2403 2404 2353)
4(2403 2454 2455 2404)
4(2454 2505 2506 2455)
4(2505 2556 2557 2506)
4(2556 2607 2608 2557)
4(2607 2658 2659 2608)
4(2658 2709 2710 2659)
4(2709 2760 2761 2710)
4(2760 2811 2812 2761)
4(2811 2862 2863 2812)
4(2862 2913 2914 2863)
4(2913 2964 2965 2914)
4(2964 3015 3016 2965)
4(3015 3066 3067 3016)
4(3066 3117 3118 3067)
4(3117 3168 3169 3118)
4(2149 2200 2201 2150)
4(2200 2251 2252 2201)
4(2251 2302 2303 2252)
4(2302 2353 2354 2303)
4(2353 2404 2405 2354)
4(2404 2455 2456 2405)
4(2455 2506 2507 2456)
4(2506 2557 2558 2507)
4(2557 2608 2609 2558)
4(2608 2659 2660 2609)
4(2659 2710 2711 2660)
4(2710 2761 2762 2711)
4(2761 2812 2813 2762)
4(2812 2863 2864 2813)
4(2863 2914 2915 2864)
4(2914 2965 2966 2915)
4(2965 3016 3017 2966)
4(3016 3067 3068 3017)
4(3067 3118 3119 3068)
4(3118 3169 3170 3119)
4(2150 2201 2202 2151)
4(2201 2252 2253 2202)
4(2252 2303 2304 2253)
4(2303 2354 2355 2304)
4(2354 2405 2406 2355)
4(2405 2456 2457 2406)
4(2456 2507 2508 2457)
4(2507 2558 2559 2508)
4(2558 2609 2610 2559)
4(2609 2660 2661 2610)
4(2660 2711 2712 2661)
4(2711 2762 2763 2712)
4(2762 2813 2814 2763)
4(2813 2864 2865 2814)
4(2864 2915 2916 2865)
4(2915 2966 2967 2916)
4(2966 3017 3018 2967)
4(3017 3068 3069 3018)
4(3068 3119 3120 3069)
4(3119 3170 3171 3120)
4(2151 2202 2203 2152)
4(2202 2253 2254 2203)
4(2253 2304 2305 2254)
4(2304 2355 2356 2305)
4(2355 2406 2407 2356)
4(2406 2457 2458 2407)
4(2457 2508 2509 2458)
4(2508 2559 2560 2509)
4(2559 2610 2611 2560)
4(2610 2661 2662 2611)
4(2661 2712 2713 2662)
4(2712 2763 2764 2713)
4(2763 2814 2815 2764)
4(2814 2865 2866 2815)
4(2865 2916 2917 2866)
4(2916 2967 2968 2917)
4(2967 3018 3019 2968)
4(3018 3069 3070 3019)
4(3069 3120 3121 3070)
4(3120 3171 3172 3121)
4(2152 2203 2204 2153)
4(2203 2254 2255 2204)
4(2254 2305 2306 2255)
4(2305 2356 2357 2306)
4(2356 2407 2408 2357)
4(2407 2458 2459 2408)
4(2458 2509 2510 2459)
4(2509 2560 2561 2510)
4(2560 2611 2612 2561)
4(2611 2662 2663 2612)
4(2662 2713 2714 2663)
4(2713 2764 2765 2714)
4(2764 2815 2816 2765)
4(2815 2866 2867 2816)
4(2866 2917 2918 2867)
4(2917 2968 2969 2918)
4(2968 3019 3020 2969)
4(3019 3070 3071 3020)
4(3070 3121 3122 3071)
4(3121 3172 3173 3122)
4(2153 2204 2205 2154)
4(2204 2255 2256 2205)
4(2255 2306 2307 2256)
4(2306 2357 2358 2307)
4(2357 2408 2409 2358)
4(2408 2459 2460 2409)
4(2459 2510 2511 2460)
4(2510 2561 2562 2511)
4(2561 2612 2613 2562)
4(2612 2663 2664 2613)
4(2663 2714 2715 2664)
4(2714 2765 2766 2715)
4(2765 2816 2817 2766)
4(2816 2867 2868 2817)
4(2867 2918 2919 2868)
4(2918 2969 2970 2919)
4(2969 3020 3021 2970)
4(3020 3071 3072 3021)
4(3071 3122 3123 3072)
4(3122 3173 3174 3123)
4(2154 2205 2206 2155)
4(2205 2256 2257 2206)
4(2256 2307 2308 2257)
4(2307 2358 2359 2308)
4(2358 2409 2410 2359)
4(2409 2460 2461 2410)
4(2460 2511 2512 2461)
4(2511 2562 2563 2512)
4(2562 2613 2614 2563)
4(2613 2664 2665 2614)
4(2664 2715 2716 2665)
4(2715 2766 2767 2716)
4(2766 2817 2818 2767)
4(2817 2868 2869 2818)
4(2868 2919 2920 2869)
4(2919 2970 2971 2920)
4(2970 3021 3022 2971)
4(3021 3072 3073 3022)
4(3072 3123 3124 3073)
4(3123 3174 3175 3124)
4(2155 2206 2207 2156)
4(2206 2257 2258 2207)
4(2257 2308 2309 2258)
4(2308 2359 2360 2309)
4(2359 2410 2411 2360)
4(2410 2461 2462 2411)
4(2461 2512 2513 2462)
4(2512 2563 2564 2513)
4(2563 2614 2615 2564)
4(2614 2665 2666 2615)
4(2665 2716 2717 2666)
4(2716 2767 2768 2717)
4(2767 2818 2819 2768)
4(2818 2869 2870 2819)
4(2869 2920 2921 2870)
4(2920 2971 2972 2921)
4(2971 3022 3023 2972)
4(3022 3073 3074 3023)
4(3073 3124 3125 3074)
4(3124 3175 3176 3125)
4(2156 2207 2208 2157)
4(2207 2258 2259 2208)
4(2258 2309 2310 2259)
4(2309 2360 2361 2310)
4(2360 2411 2412 2361)
4(2411 2462 2463 2412)
4(2462 2513 2514 2463)
4(2513 2564 2565 2514)
4(2564 2615 2616 2565)
4(2615 2666 2667 2616)
4(2666 2717 2718 2667)
4(2717 2768 2769 2718)
4(2768 2819 2820 2769)
4(2819 2870 2871 2820)
4(2870 2921 2922 2871)
4(2921 2972 2973 2922)
4(2972 3023 3024 2973)
4(3023 3074 3075 3024)
4(3074 3125 3126 3075)
4(3125 3176 3177 3126)
4(2157 2208 2209 2158)
4(2208 2259 2260 2209)
4(2259 2310 2311 2260)
4(2310 2361 2362 2311)
4(2361 2412 2413 2362)
4(2412 2463 2464 2413)
4(2463 2514 2515 2464)
4(2514 2565 2566 2515)
4(2565 2616 2617 2566)
4(2616 2667 2668 2617)
4(2667 2718 2719 2668)
4(2718 2769 2770 2719)
4(2769 2820 2821 2770)
4(2820 2871 2872 2821)
4(2871 2922 2923 2872)
4(2922 2973 2974 2923)
4(2973 3024 3025 2974)
4(3024 3075 3076 3025)
4(3075 3126 3127 3076)
4(3126 3177 3178 3127)
4(2158 2209 2210 2159)
4(2209 2260 2261 2210)
4(2260 2311 2312 2261)
4(2311 2362 2363 2312)
4(2362 2413 2414 2363)
4(2413 2464 2465 2414)
4(2464 2515 2516 2465)
4(2515 2566 2567 2516)
4(2566 2617 2618 2567)
4(2617 2668 2669 2618)
4(2668 2719 2720 2669)
4(2719 2770 2771 2720)
4(2770 2821 2822 2771)
4(2821 2872 2873 2822)
4(2872 2923 2924 2873)
4(2923 2974 2975 2924)
4(2974 3025 3026 2975)
4(3025 3076 3077 3026)
4(3076 3127 3128 3077)
4(3127 3178 3179 3128)
4(2159 2210 2211 2160)
4(2210 2261 2262 2211)
4(2261 2312 2313 2262)
4(2312 2363 2364 2313)
4(2363 2414 2415 2364)
4(2414 2465 2466 2415)
4(2465 2516 2517 2466)
4(2516 2567 2568 2517)
4(2567 2618 2619 2568)
4(2618 2669 2670 2619)
4(2669 2720 2721 2670)
4(2720 2771 2772 2721)
4(2771 2822 2823 2772)
4(2822 2873 2874 2823)
4(2873 2924 2925 2874)
4(2924 2975 2976 2925)
4(2975 3026 3027 2976)
4(3026 3077 3078 3027)
4(3077 3128 3129 3078)
4(3128 3179 3180 3129)
4(2160 2211 2212 2161)
4(2211 2262 2263 2212)
4(2262 2313 2314 2263)
4(2313 2364 2365 2314)
4(2364 2415 2416 2365)
4(2415 2466 2467 2416)
4(2466 2517 2518 2467)
4(2517 2568 2569 2518)
4(2568 2619 2620 2569)
4(2619 2670 2671 2620)
4(2670 2721 2722 2671)
4(2721 2772 2773 2722)
4(2772 2823 2824 2773)
4(2823 2874 2875 2824)
4(2874 2925 2926 2875)
4(2925 2976 2977 2926)
4(2976 3027 3028 2977)
4(3027 3078 3079 3028)
4(3078 3129 3130 3079)
4(3129 3180 3181 3130)
4(2161 2212 2213 2162)
4(2212 2263 2264 2213)
4(2263 2314 2315 2264)
4(2314 2365 2366 2315)
4(2365 2416 2417 2366)
4(2416 2467 2468 2417)
4(2467 2518 2519 2468)
4(2518 2569 2570 2519)
4(2569 2620 2621 2570)
4(2620 2671 2672 2621)
4(2671 2722 2723 2672)
4(2722 2773 2774 2723)
4(2773 2824 2825 2774)
4(2824 2875 2876 2825)
4(2875 2926 2927 2876)
4(2926 2977 2978 2927)
4(2977 3028 3029 2978)
4(3028 3079 3080 3029)
4(3079 3130 3131 3080)
4(3130 3181 3182 3131)
4(2162 2213 2214 2163)
4(2213 2264 2265 2214)
4(2264 2315 2316 2265)
4(2315 2366 2367 2316)
4(2366 2417 2418 2367)
4(2417 2468 2469 2418)
4(2468 2519 2520 2469)
4(2519 2570 2571 2520)
4(2570 2621 2622 2571)
4(2621 2672 2673 2622)
4(2672 2723 2724 2673)
4(2723 2774 2775 2724)
4(2774 2825 2826 2775)
4(2825 2876 2877 2826)
4(2876 2927 2928 2877)
4(2927 2978 2979 2928)
4(2978 3029 3030 2979)
4(3029 3080 3081 3030)
4(3080 3131 3132 3081)
4(3131 3182 3183 3132)
4(2163 2214 2215 2164)
4(2214 2265 2266 2215)
4(2265 2316 2317 2266)
4(2316 2367 2368 2317)
4(2367 2418 2419 2368)
4(2418 2469 2470 2419)
4(2469 2520 2521 2470)
4(2520 2571 2572 2521)
4(2571 2622 2623 2572)
4(2622 2673 2674 2623)
4(2673 2724 2725 2674)
4(2724 2775 2776 2725)
4(2775 2826 2827 2776)
4(2826 2877 2878 2827)
4(2877 2928 2929 2878)
4(2928 2979 2980 2929)
4(2979 3030 3031 2980)
4(3030 3081 3082 3031)
4(3081 3132 3133 3082)
4(3132 3183 3184 3133)
4(2164 2215 2216 2165)
4(2215 2266 2267 2216)
4(2266 2317 2318 2267)
4(2317 2368 2369 2318)
4(2368 2419 2420 2369)
4(2419 2470 2471 2420)
4(2470 2521 2522 2471)
4(2521 2572 2573 2522)
4(2572 2623 2624 2573)
4(2623 2674 2675 2624)
4(2674 2725 2726 2675)
4(2725 2776 2777 2726)
4(2776 2827 2828 2777)
4(2827 2878 2879 2828)
4(2878 2929 2930 2879)
4(2929 2980 2981 2930)
4(2980 3031 3032 2981)
4(3031 3082 3083 3032)
4(3082 3133 3134 3083)
4(3133 3184 3185 3134)
4(2165 2216 2217 2166)
4(2216 2267 2268 2217)
4(2267 2318 2319 2268)
4(2318 2369 2370 2319)
4(2369 2420 2421 2370)
4(2420 2471 2472 2421)
4(2471 2522 2523 2472)
4(2522 2573 2574 2523)
4(2573 2624 2625 2574)
4(2624 2675 2676 2625)
4(2675 2726 2727 2676)
4(2726 2777 2778 2727)
4(2777 2828 2829 2778)
4(2828 2879 2880 2829)
4(2879 2930 2931 2880)
4(2930 2981 2982 2931)
4(2981 3032 3033 2982)
4(3032 3083 3084 3033)
4(3083 3134 3135 3084)
4(3134 3185 3186 3135)
4(2166 2217 2218 2167)
4(2217 2268 2269 2218)
4(2268 2319 2320 2269)
4(2319 2370 2371 2320)
4(2370 2421 2422 2371)
4(2421 2472 2473 2422)
4(2472 2523 2524 2473)
4(2523 2574 2575 2524)
4(2574 2625 2626 2575)
4(2625 2676 2677 2626)
4(2676 2727 2728 2677)
4(2727 2778 2779 2728)
4(2778 2829 2830 2779)
4(2829 2880 2881 2830)
4(2880 2931 2932 2881)
4(2931 2982 2983 2932)
4(2982 3033 3034 2983)
4(3033 3084 3085 3034)
4(3084 3135 3136 3085)
4(3135 3186 3187 3136)
4(2167 2218 2219 2168)
4(2218 2269 2270 2219)
4(2269 2320 2321 2270)
4(2320 2371 2372 2321)
4(2371 2422 2423 2372)
4(2422 2473 2474 2423)
4(2473 2524 2525 2474)
4(2524 2575 2576 2525)
4(2575 2626 2627 2576)
4(2626 2677 2678 2627)
4(2677 2728 2729 2678)
4(2728 2779 2780 2729)
4(2779 2830 2831 2780)
4(2830 2881 2882 2831)
4(2881 2932 2933 2882)
4(2932 2983 2984 2933)
4(2983 3034 3035 2984)
4(3034 3085 3086 3035)
4(3085 3136 3137 3086)
4(3136 3187 3188 3137)
4(2168 2219 2220 2169)
4(2219 2270 2271 2220)
4(2270 2321 2322 2271)
4(2321 2372 2373 2322)
4(2372 2423 2424 2373)
4(2423 2474 2475 2424)
4(2474 2525 2526 2475)
4(2525 2576 2577 2526)
4(2576 2627 2628 2577)
4(2627 2678 2679 2628)
4(2678 2729 2730 2679)
4(2729 2780 2781 2730)
4(2780 2831 2832 2781)
4(2831 2882 2883 2832)
4(2882 2933 2934 2883)
4(2933 2984 2985 2934)
4(2984 3035 3036 2985)
4(3035 3086 3087 3036)
4(3086 3137 3138 3087)
4(3137 3188 3189 3138)
4(2169 2220 2221 2170)
4(2220 2271 2272 2221)
4(2271 2322 2323 2272)
4(2322 2373 2374 2323)
4(2373 2424 2425 2374)
4(2424 2475 2476 2425)
4(2475 2526 2527 2476)
4(2526 2577 2578 2527)
4(2577 2628 2629 2578)
4(2628 2679 2680 2629)
4(2679 2730 2731 2680)
4(2730 2781 2782 2731)
4(2781 2832 2833 2782)
4(2832 2883 2884 2833)
4(2883 2934 2935 2884)
4(2934 2985 2986 2935)
4(2985 3036 3037 2986)
4(3036 3087 3088 3037)
4(3087 3138 3139 3088)
4(3138 3189 3190 3139)
4(2170 2221 2222 2171)
4(2221 2272 2273 2222)
4(2272 2323 2324 2273)
4(2323 2374 2375 2324)
4(2374 2425 2426 2375)
4(2425 2476 2477 2426)
4(2476 2527 2528 2477)
4(2527 2578 2579 2528)
4(2578 2629 2630 2579)
4(2629 2680 2681 2630)
4(2680 2731 2732 2681)
4(2731 2782 2783 2732)
4(2782 2833 2834 2783)
4(2833 2884 2885 2834)
4(2884 2935 2936 2885)
4(2935 2986 2987 2936)
4(2986 3037 3038 2987)
4(3037 3088 3089 3038)
4(3088 3139 3140 3089)
4(3139 3190 3191 3140)
4(2171 2222 2223 2172)
4(2222 2273 2274 2223)
4(2273 2324 2325 2274)
4(2324 2375 2376 2325)
4(2375 2426 2427 2376)
4(2426 2477 2478 2427)
4(2477 2528 2529 2478)
4(2528 2579 2580 2529)
4(2579 2630 2631 2580)
4(2630 2681 2682 2631)
4(2681 2732 2733 2682)
4(2732 2783 2784 2733)
4(2783 2834 2835 2784)
4(2834 2885 2886 2835)
4(2885 2936 2937 2886)
4(2936 2987 2988 2937)
4(2987 3038 3039 2988)
4(3038 3089 3090 3039)
4(3089 3140 3141 3090)
4(3140 3191 3192 3141)
4(2172 2223 2224 2173)
4(2223 2274 2275 2224)
4(2274 2325 2326 2275)
4(2325 2376 2377 2326)
4(2376 2427 2428 2377)
4(2427 2478 2479 2428)
4(2478 2529 2530 2479)
4(2529 2580 2581 2530)
4(2580 2631 2632 2581)
4(2631 2682 2683 2632)
4(2682 2733 2734 2683)
4(2733 2784 2785 2734)
4(2784 2835 2836 2785)
4(2835 2886 2887 2836)
4(2886 2937 2938 2887)
4(2937 2988 2989 2938)
4(2988 3039 3040 2989)
4(3039 3090 3091 3040)
4(3090 3141 3142 3091)
4(3141 3192 3193 3142)
4(2173 2224 2225 2174)
4(2224 2275 2276 2225)
4(2275 2326 2327 2276)
4(2326 2377 2378 2327)
4(2377 2428 2429 2378)
4(2428 2479 2480 2429)
4(2479 2530 2531 2480)
4(2530 2581 2582 2531)
4(2581 2632 2633 2582)
4(2632 2683 2684 2633)
4(2683 2734 2735 2684)
4(2734 2785 2786 2735)
4(2785 2836 2837 2786)
4(2836 2887 2888 2837)
4(2887 2938 2939 2888)
4(2938 2989 2990 2939)
4(2989 3040 3041 2990)
4(3040 3091 3092 3041)
4(3091 3142 3143 3092)
4(3142 3193 3194 3143)
4(2174 2225 2226 2175)
4(2225 2276 2277 2226)
4(2276 2327 2328 2277)
4(2327 2378 2379 2328)
4(2378 2429 2430 2379)
4(2429 2480 2481 2430)
4(2480 2531 2532 2481)
4(2531 2582 2583 2532)
4(2582 2633 2634 2583)
4(2633 2684 2685 2634)
4(2684 2735 2736 2685)
4(2735 2786 2787 2736)
4(2786 2837 2838 2787)
4(2837 2888 2889 2838)
4(2888 2939 2940 2889)
4(2939 2990 2991 2940)
4(2990 3041 3042 2991)
4(3041 3092 3093 3042)
4(3092 3143 3144 3093)
4(3143 3194 3195 3144)
4(2175 2226 2227 2176)
4(2226 2277 2278 2227)
4(2277 2328 2329 2278)
4(2328 2379 2380 2329)
4(2379 2430 2431 2380)
4(2430 2481 2482 2431)
4(2481 2532 2533 2482)
4(2532 2583 2584 2533)
4(2583 2634 2635 2584)
4(2634 2685 2686 2635)
4(2685 2736 2737 2686)
4(2736 2787 2788 2737)
4(2787 2838 2839 2788)
4(2838 2889 2890 2839)
4(2889 2940 2941 2890)
4(2940 2991 2992 2941)
4(2991 3042 3043 2992)
4(3042 3093 3094 3043)
4(3093 3144 3145 3094)
4(3144 3195 3196 3145)
4(2176 2227 2228 2177)
4(2227 2278 2279 2228)
4(2278 2329 2330 2279)
4(2329 2380 2381 2330)
4(2380 2431 2432 2381)
4(2431 2482 2483 2432)
4(2482 2533 2534 2483)
4(2533 2584 2585 2534)
4(2584 2635 2636 2585)
4(2635 2686 2687 2636)
4(2686 2737 2738 2687)
4(2737 2788 2789 2738)
4(2788 2839 2840 2789)
4(2839 2890 2891 2840)
4(2890 2941 2942 2891)
4(2941 2992 2993 2942)
4(2992 3043 3044 2993)
4(3043 3094 3095 3044)
4(3094 3145 3146 3095)
4(3145 3196 3197 3146)
4(2177 2228 2229 2178)
4(2228 2279 2280 2229)
4(2279 2330 2331 2280)
4(2330 2381 2382 2331)
4(2381 2432 2433 2382)
4(2432 2483 2484 2433)
4(2483 2534 2535 2484)
4(2534 2585 2586 2535)
4(2585 2636 2637 2586)
4(2636 2687 2688 2637)
4(2687 2738 2739 2688)
4(2738 2789 2790 2739)
4(2789 2840 2841 2790)
4(2840 2891 2892 2841)
4(2891 2942 2943 2892)
4(2942 2993 2994 2943)
4(2993 3044 3045 2994)
4(3044 3095 3096 3045)
4(3095 3146 3147 3096)
4(3146 3197 3198 3147)
4(2178 2229 2230 2179)
4(2229 2280 2281 2230)
4(2280 2331 2332 2281)
4(2331 2382 2383 2332)
4(2382 2433 2434 2383)
4(2433 2484 2485 2434)
4(2484 2535 2536 2485)
4(2535 2586 2587 2536)
4(2586 2637 2638 2587)
4(2637 2688 2689 2638)
4(2688 2739 2740 2689)
4(2739 2790 2791 2740)
4(2790 2841 2842 2791)
4(2841 2892 2893 2842)
4(2892 2943 2944 2893)
4(2943 2994 2995 2944)
4(2994 3045 3046 2995)
4(3045 3096 3097 3046)
4(3096 3147 3148 3097)
4(3147 3198 3199 3148)
4(2179 2230 2231 2180)
4(2230 2281 2282 2231)
4(2281 2332 2333 2282)
4(2332 2383 2384 2333)
4(2383 2434 2435 2384)
4(2434 2485 2486 2435)
4(2485 2536 2537 2486)
4(2536 2587 2588 2537)
4(2587 2638 2639 2588)
4(2638 2689 2690 2639)
4(2689 2740 2741 2690)
4(2740 2791 2792 2741)
4(2791 2842 2843 2792)
4(2842 2893 2894 2843)
4(2893 2944 2945 2894)
4(2944 2995 2996 2945)
4(2995 3046 3047 2996)
4(3046 3097 3098 3047)
4(3097 3148 3149 3098)
4(3148 3199 3200 3149)
4(2180 2231 2232 2181)
4(2231 2282 2283 2232)
4(2282 2333 2334 2283)
4(2333 2384 2385 2334)
4(2384 2435 2436 2385)
4(2435 2486 2487 2436)
4(2486 2537 2538 2487)
4(2537 2588 2589 2538)
4(2588 2639 2640 2589)
4(2639 2690 2691 2640)
4(2690 2741 2742 2691)
4(2741 2792 2793 2742)
4(2792 2843 2844 2793)
4(2843 2894 2895 2844)
4(2894 2945 2946 2895)
4(2945 2996 2997 2946)
4(2996 3047 3048 2997)
4(3047 3098 3099 3048)
4(3098 3149 3150 3099)
4(3149 3200 3201 3150)
4(2181 2232 2233 2182)
4(2232 2283 2284 2233)
4(2283 2334 2335 2284)
4(2334 2385 2386 2335)
4(2385 2436 2437 2386)
4(2436 2487 2488 2437)
4(2487 2538 2539 2488)
4(2538 2589 2590 2539)
4(2589 2640 2641 2590)
4(2640 2691 2692 2641)
4(2691 2742 2743 2692)
4(2742 2793 2794 2743)
4(2793 2844 2845 2794)
4(2844 2895 2896 2845)
4(2895 2946 2947 2896)
4(2946 2997 2998 2947)
4(2997 3048 3049 2998)
4(3048 3099 3100 3049)
4(3099 3150 3151 3100)
4(3150 3201 3202 3151)
4(2182 2233 2234 2183)
4(2233 2284 2285 2234)
4(2284 2335 2336 2285)
4(2335 2386 2387 2336)
4(2386 2437 2438 2387)
4(2437 2488 2489 2438)
4(2488 2539 2540 2489)
4(2539 2590 2591 2540)
4(2590 2641 2642 2591)
4(2641 2692 2693 2642)
4(2692 2743 2744 2693)
4(2743 2794 2795 2744)
4(2794 2845 2846 2795)
4(2845 2896 2897 2846)
4(2896 2947 2948 2897)
4(2947 2998 2999 2948)
4(2998 3049 3050 2999)
4(3049 3100 3101 3050)
4(3100 3151 3152 3101)
4(3151 3202 3203 3152)
4(2183 2234 2235 2184)
4(2234 2285 2286 2235)
4(2285 2336 2337 2286)
4(2336 2387 2388 2337)
4(2387 2438 2439 2388)
4(2438 2489 2490 2439)
4(2489 2540 2541 2490)
4(2540 2591 2592 2541)
4(2591 2642 2643 2592)
4(2642 2693 2694 2643)
4(2693 2744 2745 2694)
4(2744 2795 2796 2745)
4(2795 2846 2847 2796)
4(2846 2897 2898 2847)
4(2897 2948 2949 2898)
4(2948 2999 3000 2949)
4(2999 3050 3051 3000)
4(3050 3101 3102 3051)
4(3101 3152 3153 3102)
4(3152 3203 3204 3153)
4(2184 2235 2236 2185)
4(2235 2286 2287 2236)
4(2286 2337 2338 2287)
4(2337 2388 2389 2338)
4(2388 2439 2440 2389)
4(2439 2490 2491 2440)
4(2490 2541 2542 2491)
4(2541 2592 2593 2542)
4(2592 2643 2644 2593)
4(2643 2694 2695 2644)
4(2694 2745 2746 2695)
4(2745 2796 2797 2746)
4(2796 2847 2848 2797)
4(2847 2898 2899 2848)
4(2898 2949 2950 2899)
4(2949 3000 3001 2950)
4(3000 3051 3052 3001)
4(3051 3102 3103 3052)
4(3102 3153 3154 3103)
4(3153 3204 3205 3154)
4(2185 2236 2237 2186)
4(2236 2287 2288 2237)
4(2287 2338 2339 2288)
4(2338 2389 2390 2339)
4(2389 2440 2441 2390)
4(2440 2491 2492 2441)
4(2491 2542 2543 2492)
4(2542 2593 2594 2543)
4(2593 2644 2645 2594)
4(2644 2695 2696 2645)
4(2695 2746 2747 2696)
4(2746 2797 2798 2747)
4(2797 2848 2849 2798)
4(2848 2899 2900 2849)
4(2899 2950 2951 2900)
4(2950 3001 3002 2951)
4(3001 3052 3053 3002)
4(3052 3103 3104 3053)
4(3103 3154 3155 3104)
4(3154 3205 3206 3155)
4(2186 2237 2238 2187)
4(2237 2288 2289 2238)
4(2288 2339 2340 2289)
4(2339 2390 2391 2340)
4(2390 2441 2442 2391)
4(2441 2492 2493 2442)
4(2492 2543 2544 2493)
4(2543 2594 2595 2544)
4(2594 2645 2646 2595)
4(2645 2696 2697 2646)
4(2696 2747 2748 2697)
4(2747 2798 2799 2748)
4(2798 2849 2850 2799)
4(2849 2900 2901 2850)
4(2900 2951 2952 2901)
4(2951 3002 3003 2952)
4(3002 3053 3054 3003)
4(3053 3104 3105 3054)
4(3104 3155 3156 3105)
4(3155 3206 3207 3156)
4(2187 2238 2239 2188)
4(2238 2289 2290 2239)
4(2289 2340 2341 2290)
4(2340 2391 2392 2341)
4(2391 2442 2443 2392)
4(2442 2493 2494 2443)
4(2493 2544 2545 2494)
4(2544 2595 2596 2545)
4(2595 2646 2647 2596)
4(2646 2697 2698 2647)
4(2697 2748 2749 2698)
4(2748 2799 2800 2749)
4(2799 2850 2851 2800)
4(2850 2901 2902 2851)
4(2901 2952 2953 2902)
4(2952 3003 3004 2953)
4(3003 3054 3055 3004)
4(3054 3105 3106 3055)
4(3105 3156 3157 3106)
4(3156 3207 3208 3157)
4(2188 2239 2240 2189)
4(2239 2290 2291 2240)
4(2290 2341 2342 2291)
4(2341 2392 2393 2342)
4(2392 2443 2444 2393)
4(2443 2494 2495 2444)
4(2494 2545 2546 2495)
4(2545 2596 2597 2546)
4(2596 2647 2648 2597)
4(2647 2698 2699 2648)
4(2698 2749 2750 2699)
4(2749 2800 2801 2750)
4(2800 2851 2852 2801)
4(2851 2902 2903 2852)
4(2902 2953 2954 2903)
4(2953 3004 3005 2954)
4(3004 3055 3056 3005)
4(3055 3106 3107 3056)
4(3106 3157 3158 3107)
4(3157 3208 3209 3158)
4(2189 2240 2241 2190)
4(2240 2291 2292 2241)
4(2291 2342 2343 2292)
4(2342 2393 2394 2343)
4(2393 2444 2445 2394)
4(2444 2495 2496 2445)
4(2495 2546 2547 2496)
4(2546 2597 2598 2547)
4(2597 2648 2649 2598)
4(2648 2699 2700 2649)
4(2699 2750 2751 2700)
4(2750 2801 2802 2751)
4(2801 2852 2853 2802)
4(2852 2903 2904 2853)
4(2903 2954 2955 2904)
4(2954 3005 3006 2955)
4(3005 3056 3057 3006)
4(3056 3107 3108 3057)
4(3107 3158 3159 3108)
4(3158 3209 3210 3159)
4(2190 2241 2242 2191)
4(2241 2292 2293 2242)
4(2292 2343 2344 2293)
4(2343 2394 2395 2344)
4(2394 2445 2446 2395)
4(2445 2496 2497 2446)
4(2496 2547 2548 2497)
4(2547 2598 2599 2548)
4(2598 2649 2650 2599)
4(2649 2700 2701 2650)
4(2700 2751 2752 2701)
4(2751 2802 2803 2752)
4(2802 2853 2854 2803)
4(2853 2904 2905 2854)
4(2904 2955 2956 2905)
4(2955 3006 3007 2956)
4(3006 3057 3058 3007)
4(3057 3108 3109 3058)
4(3108 3159 3160 3109)
4(3159 3210 3211 3160)
4(2191 2242 2243 2192)
4(2242 2293 2294 2243)
4(2293 2344 2345 2294)
4(2344 2395 2396 2345)
4(2395 2446 2447 2396)
4(2446 2497 2498 2447)
4(2497 2548 2549 2498)
4(2548 2599 2600 2549)
4(2599 2650 2651 2600)
4(2650 2701 2702 2651)
4(2701 2752 2753 2702)
4(2752 2803 2804 2753)
4(2803 2854 2855 2804)
4(2854 2905 2906 2855)
4(2905 2956 2957 2906)
4(2956 3007 3008 2957)
4(3007 3058 3059 3008)
4(3058 3109 3110 3059)
4(3109 3160 3161 3110)
4(3160 3211 3212 3161)
)


// ************************************************************************* //
